transaction_id,customer_id,customer_name,email,phone,address,date_of_birth,card_number,cvv,transaction_amount,transaction_date,store_channel
TXN000001,CUST0139,Tanvi Badami,kshere@example.net,08132962188,"93/648, Bedi Road, Sikar 671868",1979-08-11,5288252730046637,632,4801.91,2026-08-02,E-Commerce
TXN000002,CUST0147,Yashoda Nanda,ddugar@example.net,06047074746,"606, Solanki, Nellore 091292",2000-08-22,2619398780744261,4871,3394.04,2026-05-02,POS-Store
TXN000003,CUST0063,Siya Sehgal,narayanandarsh@example.com,+913485657051,"H.No. 565, Kothari Nagar, Dharmavaram-742540",2005-12-02,2289485736720724,641,198.04,2026-03-16,POS-Store
TXN000004,CUST0105,Suhani Kapur,kamdarsara@example.org,08992022637,"43, Warrior Path, Khammam 104974",1999-12-29,2226949296061445,018,872.0,2026-07-10,E-Commerce
TXN000005,CUST0025,Dayamai Ravel,tanmayimane@example.com,+913992959958,"052, Chawla Street, Chandrapur-949558",1988-07-11,2569551716181798,938,3831.58,2026-06-09,E-Commerce
TXN000006,CUST0169,Eshana Bansal,ishani34@example.net,02193565750,"99, Apte Chowk, Rajpur Sonarpur-830651",1964-05-15,2230700457814021,705,970.44,2026-06-08,POS-Store
TXN000007,CUST0091,Lajita Sami,krish65@example.com,2581881388,"68, Dyal Road, Surat 879272",1990-06-23,2611082014051515,600,8610.55,2026-06-29,POS-Store
TXN000008,CUST0106,Chanakya Vohra,chaudryfalan@example.net,00287765846,"01/575, Sheth Marg, Kota 924271",2005-06-21,2268623311340659,500,224.05,2026-08-01,POS-Store
TXN000009,CUST0014,Mason Comar,andrewtank@example.org,+913392865349,"H.No. 77, Babu Street, Amritsar-666053",1978-11-15,2370503551685796,763,547.99,2026-04-04,E-Commerce
TXN000010,CUST0016,Yashica Ghose,urvinayak@example.net,9704566971,"H.No. 993, Goyal Circle, Udupi 699433",1960-05-19,5135113029873278,053,2164.63,2026-03-13,POS-Store
TXN000011,CUST0087,Adya Chakrabarti,dateekani@example.org,6322946418,"24/25, Raghavan Chowk, Gandhidham-301064",1980-02-16,2245588856258418,303,1557.84,2026-06-09,E-Commerce
TXN000012,CUST0064,Leela Magar,shankerayaan@example.net,+916954051388,"H.No. 232, Iyer Path, Saharsa-473520",1979-12-18,2252807077423597,779,397.68,2026-05-05,E-Commerce
TXN000013,CUST0049,Netra Gour,palladavid@example.com,+912515101554,"H.No. 382, Ben Path, New Delhi 046736",1965-02-27,2284924327771055,359,4139.92,2026-07-13,POS-Store
TXN000014,CUST0036,Ayushman Dara,siddharth45@example.org,01148944160,"H.No. 121, Saxena Path, Chennai-309608",1981-09-24,2556881312319129,509,538.01,2026-02-26,POS-Store
TXN000015,CUST0047,Zilmil Kuruvilla,uvenkataraman@example.net,+913071233063,"H.No. 96, Shankar Street, Jabalpur-490517",1978-06-12,2288892612771377,980,1185.76,2026-03-25,POS-Store
TXN000016,CUST0119,Nikita Tailor,warhi98@example.net,08118992226,"12/24, Kannan Road, Jammu-224630",2002-11-29,5299818270429677,789,1681.93,2026-06-27,E-Commerce
TXN000017,CUST0020,Logan Grewal,brahmbhattnisha@example.org,06987176478,"H.No. 637, Luthra, Berhampur 430242",1998-04-20,5164523051039867,847,950.49,2026-07-03,POS-Store
TXN000018,CUST0141,Nimrat Sanghvi,shafaraj@example.com,09432073231,"H.No. 48, Sandal Street, Mehsana 281248",1965-09-07,2385504112823291,672,18742.95,2026-05-23,E-Commerce
TXN000019,CUST0013,Rachana Bhat,balveer20@example.com,+917541157451,"52, Dasgupta Street, Sasaram 475131",1977-08-13,2720245438624914,465,142.69,2026-06-22,E-Commerce
TXN000020,CUST0024,Rudra Handa,irarana@example.net,02446616770,"636, Jani Road, Raipur-693937",1995-12-01,2289670467587232,889,2760.17,2026-04-17,E-Commerce
TXN000021,CUST0043,Nilima Dara,unadkarni@example.org,04868507284,"25, Das Street, Jalgaon 673784",1990-06-12,2264479251770304,082,519.92,2026-03-27,POS-Store
TXN000022,CUST0125,Yash Bakshi,gaurav20@example.com,06483162569,"61/69, Bhatia Zila, Bhatpara 918109",1975-11-05,2247451693306486,9339,912.95,2026-07-31,POS-Store
TXN000023,CUST0055,Wazir Kant,basakyauvani@example.org,9053368317,"H.No. 54, Ganesan Circle, Junagadh 221312",1990-09-24,5520754395914841,770,678.73,2026-05-04,POS-Store
TXN000024,CUST0016,Yashica Ghose,urvinayak@example.net,9704566971,"H.No. 993, Goyal Circle, Udupi 699433",1960-05-19,5289930087129002,659,543.54,2026-07-05,E-Commerce
TXN000025,CUST0098,Nirja Doctor,madhav98@example.com,+918141197799,"06, Uppal Path, Asansol-277008",1967-11-02,5240437314423917,526,1739.23,2026-03-12,E-Commerce
TXN000026,CUST0100,Chaitanya Gulati,boasedarika@example.com,1428458750,"70/97, De Nagar, Siliguri 989075",1972-05-09,2264816859040988,528,18177.48,2026-07-19,POS-Store
TXN000027,CUST0117,Xalak Gokhale,baghyawatitank@example.com,+912963264634,"H.No. 423, Lad Ganj, Mau 442346",1958-04-17,2648528222904116,938,20212.17,2026-08-05,POS-Store
TXN000028,CUST0109,Siddharth Purohit,kashyapazad@example.net,+916428252224,"23/17, Sami Street, Panihati-580429",1968-04-11,2238676309725890,520,4686.58,2026-05-15,POS-Store
TXN000029,CUST0040,Zarna Pandey,puriraagini@example.net,4239185009,"H.No. 04, Sethi Road, Ambala 307405",1991-12-17,2710174179571161,087,235.99,2026-02-25,E-Commerce
TXN000030,CUST0076,Warda Loyal,jsaran@example.org,+919763975853,"H.No. 51, Karnik Circle, Vijayawada 393231",1982-01-08,2238503630175134,158,358.74,2026-03-07,E-Commerce
TXN000031,CUST0015,Vaishnavi Uppal,kalpitjha@example.net,8564803084,"07/03, Brar Nagar, Jamalpur-448666",2003-05-04,5506874072458512,021,2085.12,2026-05-14,E-Commerce
TXN000032,CUST0081,Qushi Kala,agarwalsamaksh@example.net,01031862060,"H.No. 74, Parmar Marg, Kanpur 478078",2002-10-15,2720911956943446,841,11065.45,2026-05-07,E-Commerce
TXN000033,CUST0013,Rachana Bhat,balveer20@example.com,+917541157451,"52, Dasgupta Street, Sasaram 475131",1977-08-13,2707607713646242,990,565.02,2026-07-02,POS-Store
TXN000034,CUST0129,Dayamai Manne,boraomkaar@example.com,+914061447024,"133, Buch Road, Gwalior 406716",2005-07-31,5542918145668361,415,811.28,2026-08-09,E-Commerce
TXN000035,CUST0015,Vaishnavi Uppal,kalpitjha@example.net,8564803084,"07/03, Brar Nagar, Jamalpur-448666",2003-05-04,2453006190810809,972,986.56,2026-02-24,E-Commerce
TXN000036,CUST0048,Ishanvi Kunda,akshay36@example.org,06961535839,"75/316, Krishnan Chowk, Cuttack-606189",1983-12-18,5479380605621223,228,1794.66,2026-03-14,E-Commerce
TXN000037,CUST0153,Jairaj Ramanathan,harrison29@example.org,07686617991,"H.No. 720, Ben Zila, Ballia 984360",1976-01-18,2284416413933962,898,823.87,2026-05-05,E-Commerce
TXN000038,CUST0173,Jagrati Purohit,muttiaryan@example.com,7044021975,"H.No. 05, Sehgal Ganj, Proddatur 739407",1960-10-26,5307905842124082,363,3915.3,2026-07-30,E-Commerce
TXN000039,CUST0104,Alexander Rege,amrita25@example.com,4584929505,"H.No. 412, Sankar Street, Anantapur-432245",1992-03-27,5261852221764746,146,1296.1,2026-05-22,E-Commerce
TXN000040,CUST0146,Unni Balasubramanian,kamdarnicholas@example.org,+912234977459,"H.No. 666, Suresh Zila, Visakhapatnam-195727",1969-07-09,5538003699780064,905,1463.36,2026-05-06,E-Commerce
TXN000041,CUST0149,Udyati Kohli,zaitrarao@example.net,4558774315,"H.No. 698, Minhas Path, Tinsukia 740228",1981-10-12,2575824527279347,057,15596.44,2026-08-08,E-Commerce
TXN000042,CUST0159,Jasmit Bakshi,bhatyamini@example.com,+917798317531,"79/18, Manda Marg, Serampore-153240",1998-07-04,2250490239757749,314,1254.17,2026-05-24,E-Commerce
TXN000043,CUST0108,Sarthak Chandra,ekapadraghavan@example.net,+919523327051,"267, Sharaf Path, Bulandshahr-790250",1959-01-12,2362946574866903,848,358.6,2026-05-12,POS-Store
TXN000044,CUST0067,Indrajit Raju,yochana34@example.com,+915745466157,"80, Rege Nagar, Pali-271668",1992-01-16,2225302453418944,797,3549.59,2026-06-15,E-Commerce
TXN000045,CUST0172,Luke Mani,harinisem@example.com,6098767430,"H.No. 871, Chakraborty Marg, Tinsukia-617559",1964-01-18,2229352210327835,510,13028.18,2026-07-16,POS-Store
TXN000046,CUST0062,Patrick Wali,priya39@example.net,03674335304,"H.No. 097, Sawhney Marg, Amaravati-644395",1973-05-09,2704583556041218,955,726.87,2026-07-05,POS-Store
TXN000047,CUST0102,Nimrat Ramakrishnan,iryalala@example.net,+915139316400,"55, Saini, Nashik-371364",1963-09-13,2563198940492579,609,3244.55,2026-07-09,E-Commerce
TXN000048,CUST0172,Luke Mani,harinisem@example.com,6098767430,"H.No. 871, Chakraborty Marg, Tinsukia-617559",1964-01-18,2303633913377147,360,2974.69,2026-05-14,POS-Store
TXN000049,CUST0118,Girindra Karnik,sawhneyishaan@example.org,1245267540,"39/74, Ramachandran Street, Kolhapur 757355",1981-08-18,2243951128683908,164,2709.74,2026-04-29,POS-Store
TXN000050,CUST0019,Nikita Master,anigam@example.org,+913847487091,"67/595, Bains Chowk, Aurangabad 368095",1977-10-11,2263028790477516,244,152.39,2026-03-26,E-Commerce
TXN000051,CUST0118,Girindra Karnik,sawhneyishaan@example.org,1245267540,"39/74, Ramachandran Street, Kolhapur 757355",1981-08-18,2382347535225451,602,653.95,2026-06-26,E-Commerce
TXN000052,CUST0019,Nikita Master,anigam@example.org,+913847487091,"67/595, Bains Chowk, Aurangabad 368095",1977-10-11,5484390563409449,152,532.63,2026-03-16,E-Commerce
TXN000053,CUST0130,Samuel Bath,desainathaniel@example.org,9818472762,"H.No. 405, Borde Nagar, Ichalkaranji 097568",1958-01-19,2278992893686294,867,9238.72,2026-05-29,POS-Store
TXN000054,CUST0034,Isaac Mukherjee,anika06@example.com,+914073249210,"12/829, Varma Circle, Orai 051463",1990-03-17,2530988522816371,655,4021.45,2026-06-25,POS-Store
TXN000055,CUST0018,Ridhi Savant,virajradhakrishnan@example.com,+911173124919,"H.No. 80, Bhatia Ganj, South Dumdum 602888",1995-08-21,2609516579274933,024,123.05,2026-02-27,E-Commerce
TXN000056,CUST0095,Darsh Rout,chokshiqadim@example.net,6833155208,"09/55, Wadhwa Circle, Ludhiana-002438",2002-04-11,2422789117343891,851,203.0,2026-07-06,POS-Store
TXN000057,CUST0041,Saumya Sharma,boasewarda@example.org,00552258999,"H.No. 531, Saraf Path, Bellary-822942",1965-01-26,2349422008483598,4397,18738.24,2026-07-24,POS-Store
TXN000058,CUST0140,Jagrati Srinivas,parmarirya@example.net,+913892977115,"846, Kamdar, Nellore 391168",1965-01-24,2347670077408894,1923,4484.97,2026-05-26,POS-Store
TXN000059,CUST0157,Henry Kala,ctailor@example.net,03388376436,"76/62, Dubey Circle, Ulhasnagar 501303",1997-04-21,5146575266796098,927,1746.09,2026-06-19,E-Commerce
TXN000060,CUST0171,Lopa Kurian,ovirk@example.net,04417345455,"87/660, Bhandari Marg, Raurkela Industrial Township 622766",1978-07-16,2679270031922417,723,14169.28,2026-05-15,POS-Store
TXN000061,CUST0170,Chandresh Mohanty,rishi25@example.com,00826613606,"90/25, Kalita Zila, Singrauli 660367",1963-04-14,2426330239616918,626,4583.47,2026-07-17,E-Commerce
TXN000062,CUST0035,Pahal Basak,balanodika@example.org,4947889608,"23/919, Mannan Circle, Ajmer 197668",1988-11-09,2374884677329055,668,154.44,2026-08-04,POS-Store
TXN000063,CUST0030,Ryan Dutt,dubeyekavir@example.com,03506857479,"388, Goda Path, Berhampur 933323",1967-03-04,5301631803323168,405,455.33,2026-08-06,E-Commerce
TXN000064,CUST0142,Joshua Issac,snehabalakrishnan@example.net,+919933142491,"23, Cheema Ganj, Singrauli 840601",2001-08-07,2448685777213350,454,19632.56,2026-04-02,E-Commerce
TXN000065,CUST0070,Lopa Amble,warinder49@example.net,08421025811,"644, Sachdev Marg, Bahraich-443264",1987-02-04,5247877941036413,095,534.7,2026-02-18,POS-Store
TXN000066,CUST0155,Lavanya Grewal,fradosinha@example.net,04324726049,"95, Nadig Street, Sangli-Miraj & Kupwad 316176",1993-10-18,2289908101015792,757,1888.21,2026-04-04,E-Commerce
TXN000067,CUST0088,Nakul Dasgupta,csoman@example.com,6483341574,"30/836, Lalla Zila, Indore-574989",1981-07-28,5263211725524676,890,370.4,2026-06-29,E-Commerce
TXN000068,CUST0176,Yashvi Chana,tarak27@example.org,9417632598,"224, Buch Zila, Medininagar 260443",2004-02-16,2557317738860932,253,10495.13,2026-07-16,POS-Store
TXN000069,CUST0130,Samuel Bath,desainathaniel@example.org,9818472762,"H.No. 405, Borde Nagar, Ichalkaranji 097568",1958-01-19,2266689574192865,737,3811.37,2026-06-24,POS-Store
TXN000070,CUST0065,Warjas Sarkar,trau@example.org,8971303403,"81, Dash Marg, Jalna 615968",1972-08-29,2713710175892288,194,4886.16,2026-05-31,E-Commerce
TXN000071,CUST0024,Rudra Handa,irarana@example.net,02446616770,"636, Jani Road, Raipur-693937",1995-12-01,2284461805888838,486,9281.05,2026-05-15,POS-Store
TXN000072,CUST0071,Dhruv Lala,yoshita33@example.com,9340109705,"H.No. 73, Hans Marg, Kulti 209409",1963-01-07,5405498585781855,434,2203.21,2026-03-27,E-Commerce
TXN000073,CUST0001,Girish Hans,yseshadri@example.org,00957036897,"68, Warrior Road, Ulhasnagar-028568",1967-12-28,2245521922153537,5340,85.01,2026-05-28,POS-Store
TXN000074,CUST0034,Isaac Mukherjee,anika06@example.com,+914073249210,"12/829, Varma Circle, Orai 051463",1990-03-17,2247599013548664,688,3010.21,2026-06-22,POS-Store
TXN000075,CUST0042,Omya Grover,abhimanyu84@example.org,4734288665,"81, Ratta Zila, Tadipatri-448557",1984-04-20,2613970478250417,521,314.44,2026-04-03,POS-Store
TXN000076,CUST0142,Joshua Issac,snehabalakrishnan@example.net,+919933142491,"23, Cheema Ganj, Singrauli 840601",2001-08-07,2296572399175832,639,9073.31,2026-05-03,POS-Store
TXN000077,CUST0144,Mitesh Chopra,subramaniamekbal@example.com,+915971217507,"H.No. 68, Dalal Nagar, Tinsukia 667150",2005-10-16,2279530204208710,461,514.49,2026-06-25,E-Commerce
TXN000078,CUST0029,Vritti Cheema,lavanyakeer@example.org,+913244377820,"74/96, Vaidya Street, Hosur-911579",1988-03-13,2708216624069384,959,9115.7,2026-06-08,E-Commerce
TXN000079,CUST0177,Shravya Sagar,udantsama@example.net,+918363910174,"09/002, Varty Chowk, Bellary-197098",1979-05-09,5363831823300767,349,4045.72,2026-05-08,E-Commerce
TXN000080,CUST0140,Jagrati Srinivas,parmarirya@example.net,+913892977115,"846, Kamdar, Nellore 391168",1965-01-24,2296353489862286,299,741.08,2026-03-29,E-Commerce
TXN000081,CUST0095,Darsh Rout,chokshiqadim@example.net,6833155208,"09/55, Wadhwa Circle, Ludhiana-002438",2002-04-11,2285919457434721,988,3528.59,2026-07-01,E-Commerce
TXN000082,CUST0111,Yamini Mitter,bhandariyash@example.com,2339208098,"131, Aggarwal Street, Madhyamgram 988534",1988-07-08,5228338087857669,063,3142.56,2026-05-07,E-Commerce
TXN000083,CUST0011,Ranbir Modi,kashvi57@example.com,+913750310686,"H.No. 75, Virk Ganj, Kulti-991563",1960-09-03,5331706056995633,9412,842.7,2026-06-26,POS-Store
TXN000084,CUST0094,Urishilla Sami,ektaperi@example.org,+914459496015,"371, Chana, Chapra 283951",2003-09-18,5482430620546049,023,227.01,2026-05-07,E-Commerce
TXN000085,CUST0092,Lakshit Choudhry,ubikasunder@example.org,0001435235,"20/816, Wable Street, Bally-036134",1977-09-04,2287522731558147,683,610.76,2026-07-23,E-Commerce
TXN000086,CUST0175,Samaksh Palan,teerthlanka@example.com,4257548247,"H.No. 362, Brahmbhatt Chowk, Jorhat 857049",1964-05-10,2704956157296557,533,1066.33,2026-03-01,E-Commerce
TXN000087,CUST0171,Lopa Kurian,ovirk@example.net,04417345455,"87/660, Bhandari Marg, Raurkela Industrial Township 622766",1978-07-16,2486733777555470,076,1905.76,2026-03-07,E-Commerce
TXN000088,CUST0091,Lajita Sami,krish65@example.com,2581881388,"68, Dyal Road, Surat 879272",1990-06-23,2675921473975115,520,1697.29,2026-07-16,POS-Store
TXN000089,CUST0159,Jasmit Bakshi,bhatyamini@example.com,+917798317531,"79/18, Manda Marg, Serampore-153240",1998-07-04,2292268303955559,390,2546.55,2026-02-24,E-Commerce
TXN000090,CUST0061,Logan Sidhu,samakshdivan@example.net,+918374908364,"H.No. 98, Mahal Path, Sagar 878951",1964-05-28,5255707873194030,773,7338.72,2026-07-17,E-Commerce
TXN000091,CUST0046,Mekhala Atwal,esarraf@example.org,+919394551606,"16/067, Srinivasan, Nagpur 718357",1962-02-10,5170182990203282,215,1453.78,2026-02-23,POS-Store
TXN000092,CUST0007,Neha Pant,ekansh43@example.org,+917040648538,"44, Prabhu Ganj, Miryalaguda 887300",1967-03-13,5219877075206232,734,19914.89,2026-05-30,E-Commerce
TXN000093,CUST0086,Zinal Modi,maya71@example.com,09373066001,"83, Chada Marg, Gulbarga-850949",1970-07-12,5307155831403523,765,676.32,2026-07-26,POS-Store
TXN000094,CUST0172,Luke Mani,harinisem@example.com,6098767430,"H.No. 871, Chakraborty Marg, Tinsukia-617559",1964-01-18,5480451529348727,404,14438.86,2026-07-04,E-Commerce
TXN000095,CUST0069,Azad Ramakrishnan,tsandal@example.com,+914580704974,"H.No. 676, Kulkarni Zila, Tiruvottiyur 478629",1977-09-14,5162452723278392,339,1967.17,2026-06-02,E-Commerce
TXN000096,CUST0180,Tripti Pingle,tdar@example.com,2949642214,"248, Dhingra, Vasai-Virar-098400",1977-03-22,2293171397242984,142,901.46,2026-03-03,E-Commerce
TXN000097,CUST0098,Nirja Doctor,madhav98@example.com,+918141197799,"06, Uppal Path, Asansol-277008",1967-11-02,2223403563242919,994,15763.09,2026-07-06,E-Commerce
TXN000098,CUST0121,Ishani Agate,shravyadua@example.com,+917822678081,"05/279, Ahuja Marg, Silchar 815845",2003-07-19,2557974237630347,169,2396.49,2026-02-24,E-Commerce
TXN000099,CUST0052,Gopal Halder,nbaral@example.net,+910676797741,"39, Narayanan Ganj, Kulti 272507",1992-02-07,2548198296317305,124,4587.54,2026-03-29,POS-Store
TXN000100,CUST0090,Simon Srinivasan,nikita82@example.net,+914482437348,"13/806, Gopal Zila, Aligarh 229846",1993-10-31,2277826792021263,128,18258.1,2026-05-14,POS-Store
TXN000101,CUST0059,Ganga Muni,xtiwari@example.com,7302250344,"H.No. 931, Naidu Marg, Pali-560389",1976-10-18,2262564190856553,699,1336.48,2026-03-21,E-Commerce
TXN000102,CUST0007,Neha Pant,ekansh43@example.org,+917040648538,"44, Prabhu Ganj, Miryalaguda 887300",1967-03-13,2262316195854384,761,902.73,2026-05-31,E-Commerce
TXN000103,CUST0103,Rachita Ravel,osur@example.com,8206940028,"H.No. 048, Sagar Road, Pudukkottai-982337",1992-07-09,5521059173696043,977,1036.78,2026-04-15,POS-Store
TXN000104,CUST0072,Sarthak Suresh,zehaanbuch@example.org,05822445060,"45, Ben Circle, Deoghar 389790",1978-07-20,2296916945174049,163,679.66,2026-07-23,E-Commerce
TXN000105,CUST0072,Sarthak Suresh,zehaanbuch@example.org,05822445060,"45, Ben Circle, Deoghar 389790",1978-07-20,2283518576487735,365,202.61,2026-08-04,POS-Store
TXN000106,CUST0165,Azaan Varughese,shravyamitra@example.com,1551972465,"H.No. 437, Sharma Zila, Kharagpur-526012",1959-11-21,5432988603766182,9071,3766.89,2026-07-28,POS-Store
TXN000107,CUST0174,Ridhi Gala,teerthkrishna@example.org,+916020548258,"14/45, Chawla, Muzaffarnagar-030690",1987-08-24,2264052015960287,998,1896.85,2026-07-23,POS-Store
TXN000108,CUST0008,Udant Lalla,mmuni@example.com,+915445316486,"H.No. 464, Mohanty Zila, Machilipatnam-241929",1965-10-19,2616389389302208,140,1948.76,2026-06-08,E-Commerce
TXN000109,CUST0067,Indrajit Raju,yochana34@example.com,+915745466157,"80, Rege Nagar, Pali-271668",1992-01-16,5516981547265261,546,758.42,2026-05-15,E-Commerce
TXN000110,CUST0149,Udyati Kohli,zaitrarao@example.net,4558774315,"H.No. 698, Minhas Path, Tinsukia 740228",1981-10-12,2230267373517575,223,4396.04,2026-04-18,POS-Store
TXN000111,CUST0010,Joshua Brar,pallakamala@example.org,09754295521,"041, Chawla Zila, Noida-449007",1960-11-07,2346431097685586,255,3272.67,2026-05-06,E-Commerce
TXN000112,CUST0153,Jairaj Ramanathan,harrison29@example.org,07686617991,"H.No. 720, Ben Zila, Ballia 984360",1976-01-18,2489972634916114,290,398.96,2026-04-11,POS-Store
TXN000113,CUST0089,Tara Bir,klalla@example.com,+918814190235,"H.No. 05, Peri Marg, Akola-176683",1996-06-08,2720398382774993,657,281.55,2026-08-08,POS-Store
TXN000114,CUST0112,Jai Nanda,ekbal93@example.com,+919781223351,"H.No. 94, Nadig Street, Katni 557238",1968-01-04,5221586391661832,140,11683.27,2026-03-20,E-Commerce
TXN000115,CUST0099,Vinaya Manda,fchoudhury@example.com,06034575744,"H.No. 52, Dhar Zila, Tadipatri 917745",1971-09-18,2718241586060104,843,15729.73,2026-05-14,E-Commerce
TXN000116,CUST0066,Lajita Khosla,jason36@example.org,04999680837,"11, Chana Road, Nanded-693249",1999-06-22,2276855386771075,353,3010.05,2026-07-18,E-Commerce
TXN000117,CUST0112,Jai Nanda,ekbal93@example.com,+919781223351,"H.No. 94, Nadig Street, Katni 557238",1968-01-04,5304252558597489,0340,2969.58,2026-07-20,E-Commerce
TXN000118,CUST0134,Idika Bir,vpradhan@example.net,+911207236827,"H.No. 887, Lal Street, Ahmedabad-330891",1968-01-14,5536616465398191,785,735.61,2026-07-27,E-Commerce
TXN000119,CUST0094,Urishilla Sami,ektaperi@example.org,+914459496015,"371, Chana, Chapra 283951",2003-09-18,2290852995187746,270,73.08,2026-06-17,POS-Store
TXN000120,CUST0018,Ridhi Savant,virajradhakrishnan@example.com,+911173124919,"H.No. 80, Bhatia Ganj, South Dumdum 602888",1995-08-21,2259620998620354,381,1708.27,2026-04-03,POS-Store
TXN000121,CUST0160,Saumya Apte,ramanudant@example.org,+913616182151,"372, Kalita Zila, Narasaraopet-682474",1968-11-09,5182682911392060,423,21216.83,2026-07-29,POS-Store
TXN000122,CUST0170,Chandresh Mohanty,rishi25@example.com,00826613606,"90/25, Kalita Zila, Singrauli 660367",1963-04-14,5293376193461331,170,11293.33,2026-06-30,E-Commerce
TXN000123,CUST0077,Aahana Varughese,binakota@example.net,2209703704,"54/913, Bal Chowk, Mangalore-284417",1963-12-09,5360668342491252,346,930.97,2026-03-17,POS-Store
TXN000124,CUST0171,Lopa Kurian,ovirk@example.net,04417345455,"87/660, Bhandari Marg, Raurkela Industrial Township 622766",1978-07-16,2470976515065207,944,4865.65,2026-04-17,POS-Store
TXN000125,CUST0084,Nitara Vig,lallajai@example.org,+913049331522,"H.No. 469, Subramanian Chowk, Barasat-097640",1970-10-26,5375626565207386,254,19501.31,2026-05-30,POS-Store
TXN000126,CUST0179,Triveni Kadakia,etahegde@example.org,+916666300629,"47, Gour Ganj, Berhampore-992736",2001-07-20,2281508096351232,494,415.46,2026-03-03,POS-Store
TXN000127,CUST0142,Joshua Issac,snehabalakrishnan@example.net,+919933142491,"23, Cheema Ganj, Singrauli 840601",2001-08-07,5336355227121409,017,10388.36,2026-06-05,E-Commerce
TXN000128,CUST0050,Odika Brahmbhatt,praneelzacharia@example.net,+918864756220,"00/91, Pau Circle, Asansol-673988",1978-11-20,2720155485323882,639,578.4,2026-05-22,POS-Store
TXN000129,CUST0171,Lopa Kurian,ovirk@example.net,04417345455,"87/660, Bhandari Marg, Raurkela Industrial Township 622766",1978-07-16,2299866223310814,879,16832.81,2026-05-05,POS-Store
TXN000130,CUST0174,Ridhi Gala,teerthkrishna@example.org,+916020548258,"14/45, Chawla, Muzaffarnagar-030690",1987-08-24,2256346374785172,481,1388.61,2026-05-22,E-Commerce
TXN000131,CUST0158,Zansi Khalsa,kamala99@example.org,07888040151,"29/830, Deshpande Path, Bihar Sharif 809429",2004-06-07,2511812771558182,406,4959.23,2026-05-06,POS-Store
TXN000132,CUST0104,Alexander Rege,amrita25@example.com,4584929505,"H.No. 412, Sankar Street, Anantapur-432245",1992-03-27,2236878949645395,977,541.89,2026-04-23,E-Commerce
TXN000133,CUST0078,Shivansh Nagy,joshua26@example.com,06812149397,"07/21, Palan Zila, Malda 577083",1976-12-05,2718312773833643,707,17593.33,2026-04-12,POS-Store
TXN000134,CUST0054,Garima Yadav,anthonymukherjee@example.org,4047668649,"38/38, Kalita Path, Ahmedabad-233041",1998-09-05,5252806723499137,664,3809.23,2026-04-11,POS-Store
TXN000135,CUST0149,Udyati Kohli,zaitrarao@example.net,4558774315,"H.No. 698, Minhas Path, Tinsukia 740228",1981-10-12,2256158787610347,498,2174.07,2026-04-05,POS-Store
TXN000136,CUST0120,Lohit Kala,zaid37@example.org,04669583880,"H.No. 550, Pai Ganj, Saharanpur 876372",1974-01-11,5141175314638338,341,4239.64,2026-08-02,POS-Store
TXN000137,CUST0114,Chaitaly Viswanathan,sarkarnaveen@example.org,08310384926,"H.No. 744, Sidhu Nagar, Dehri-540494",1997-01-02,2366837306627919,028,20525.18,2026-07-06,E-Commerce
TXN000138,CUST0131,Upma Karnik,manderturvi@example.org,00628008475,"365, Johal Circle, Anantapur 654548",1987-01-30,5350689255403508,708,3005.56,2026-06-18,POS-Store
TXN000139,CUST0044,Chaaya Handa,jacobdhar@example.com,08152390753,"H.No. 04, Nath Nagar, Aizawl-030007",1975-04-02,5587566584221766,714,3599.21,2026-06-21,E-Commerce
TXN000140,CUST0073,Ekta Mitra,anushamitra@example.com,07400080896,"65/285, Pathak Nagar, Mangalore 300710",1960-11-17,2255599853920873,323,4182.37,2026-05-17,POS-Store
TXN000141,CUST0024,Rudra Handa,irarana@example.net,02446616770,"636, Jani Road, Raipur-693937",1995-12-01,2550947318177658,188,10746.58,2026-06-01,E-Commerce
TXN000142,CUST0173,Jagrati Purohit,muttiaryan@example.com,7044021975,"H.No. 05, Sehgal Ganj, Proddatur 739407",1960-10-26,2720701322357201,730,1375.83,2026-05-22,POS-Store
TXN000143,CUST0058,Ojasvi Jain,cheemaamara@example.org,7592637377,"271, Shukla Chowk, Dehri 269473",1989-11-15,5371616944608382,592,1143.73,2026-04-27,E-Commerce
TXN000144,CUST0038,Girindra Dhillon,saanviswamy@example.net,05201491862,"25/91, Mander Street, Allahabad 336164",1999-03-21,2253082407408457,763,3170.04,2026-06-26,E-Commerce
TXN000145,CUST0012,Harini Sodhi,ravalojasvi@example.net,08462637222,"H.No. 05, Mital, Rajkot-175042",1966-05-29,2514506010588953,898,610.7,2026-02-17,E-Commerce
TXN000146,CUST0122,Kritika Kunda,kantmason@example.org,+911430893051,"H.No. 86, Gulati Chowk, Madurai 624931",1967-07-19,5476269920382822,851,85.44,2026-03-29,E-Commerce
TXN000147,CUST0117,Xalak Gokhale,baghyawatitank@example.com,+912963264634,"H.No. 423, Lad Ganj, Mau 442346",1958-04-17,5177150332319945,413,11123.88,2026-03-25,POS-Store
TXN000148,CUST0162,Onveer Misra,mgarde@example.org,07568123914,"05/401, Kulkarni Street, Jamnagar 538665",1978-02-27,2702387484330103,176,545.61,2026-07-17,E-Commerce
TXN000149,CUST0179,Triveni Kadakia,etahegde@example.org,+916666300629,"47, Gour Ganj, Berhampore-992736",2001-07-20,5398588360366259,809,1863.07,2026-05-30,POS-Store
TXN000150,CUST0127,Krisha Kari,majumdarharinakshi@example.net,05414769752,"73/68, Dube Zila, Kottayam-612498",1991-07-19,5406378758143522,696,1341.3,2026-02-27,POS-Store
TXN000151,CUST0063,Siya Sehgal,narayanandarsh@example.com,+913485657051,"H.No. 565, Kothari Nagar, Dharmavaram-742540",2005-12-02,2290467574754889,5400,554.26,2026-03-08,E-Commerce
TXN000152,CUST0168,Unni Bhatt,mutticharan@example.net,04300090556,"75/31, Shanker Nagar, Aizawl 830688",1958-08-24,2282597964633887,469,3549.08,2026-05-27,E-Commerce
TXN000153,CUST0028,Jai Saraf,panchalchasmum@example.com,09596719024,"17/27, More Chowk, Pudukkottai 272929",1977-04-26,2544010777499193,093,4902.43,2026-06-30,POS-Store
TXN000154,CUST0057,Neha Sule,maanaspai@example.net,04210122796,"H.No. 39, Warrior Zila, Nellore 279833",1991-03-19,5373018201931383,480,2291.5,2026-06-23,E-Commerce
TXN000155,CUST0179,Triveni Kadakia,etahegde@example.org,+916666300629,"47, Gour Ganj, Berhampore-992736",2001-07-20,2292538886998097,267,2083.06,2026-08-02,POS-Store
TXN000156,CUST0013,Rachana Bhat,balveer20@example.com,+917541157451,"52, Dasgupta Street, Sasaram 475131",1977-08-13,2273362208110692,951,1313.75,2026-06-11,E-Commerce
TXN000157,CUST0032,Yug Thaman,khalsaati@example.org,+913780126147,"688, Hari Path, Firozabad 567299",1992-02-01,2720950781770749,950,963.55,2026-07-29,POS-Store
TXN000158,CUST0035,Pahal Basak,balanodika@example.org,4947889608,"23/919, Mannan Circle, Ajmer 197668",1988-11-09,2256667264286066,139,16831.87,2026-04-05,POS-Store
TXN000159,CUST0171,Lopa Kurian,ovirk@example.net,04417345455,"87/660, Bhandari Marg, Raurkela Industrial Township 622766",1978-07-16,5475720418832810,817,1693.0,2026-05-11,POS-Store
TXN000160,CUST0114,Chaitaly Viswanathan,sarkarnaveen@example.org,08310384926,"H.No. 744, Sidhu Nagar, Dehri-540494",1997-01-02,2703574998777247,1524,287.48,2026-06-23,POS-Store
TXN000161,CUST0141,Nimrat Sanghvi,shafaraj@example.com,09432073231,"H.No. 48, Sandal Street, Mehsana 281248",1965-09-07,2228593357876578,973,3857.67,2026-06-12,POS-Store
TXN000162,CUST0041,Saumya Sharma,boasewarda@example.org,00552258999,"H.No. 531, Saraf Path, Bellary-822942",1965-01-26,2718184264127912,267,2119.46,2026-04-19,POS-Store
TXN000163,CUST0116,Ucchal Nair,misraanmol@example.net,09428688174,"92/70, Raval Nagar, Mysore-816868",1998-09-15,2484995774749016,008,17544.51,2026-07-12,POS-Store
TXN000164,CUST0064,Leela Magar,shankerayaan@example.net,+916954051388,"H.No. 232, Iyer Path, Saharsa-473520",1979-12-18,2720899382548691,435,3446.27,2026-07-26,POS-Store
TXN000165,CUST0134,Idika Bir,vpradhan@example.net,+911207236827,"H.No. 887, Lal Street, Ahmedabad-330891",1968-01-14,2234619943874488,391,1990.68,2026-06-18,POS-Store
TXN000166,CUST0161,Xalak Trivedi,chavvitalwar@example.org,04796024025,"15/767, Vora Ganj, Tinsukia-159266",1980-03-29,2705021645595760,985,4030.63,2026-03-19,E-Commerce
TXN000167,CUST0071,Dhruv Lala,yoshita33@example.com,9340109705,"H.No. 73, Hans Marg, Kulti 209409",1963-01-07,5413165215780082,630,160.15,2026-07-21,POS-Store
TXN000168,CUST0020,Logan Grewal,brahmbhattnisha@example.org,06987176478,"H.No. 637, Luthra, Berhampur 430242",1998-04-20,5419632719156899,1342,88.65,2026-07-26,POS-Store
TXN000169,CUST0061,Logan Sidhu,samakshdivan@example.net,+918374908364,"H.No. 98, Mahal Path, Sagar 878951",1964-05-28,2253566099298317,862,16962.48,2026-03-17,POS-Store
TXN000170,CUST0086,Zinal Modi,maya71@example.com,09373066001,"83, Chada Marg, Gulbarga-850949",1970-07-12,2453641065569070,609,1391.24,2026-03-11,POS-Store
TXN000171,CUST0139,Tanvi Badami,kshere@example.net,08132962188,"93/648, Bedi Road, Sikar 671868",1979-08-11,2717020190438802,055,2893.41,2026-06-21,E-Commerce
TXN000172,CUST0036,Ayushman Dara,siddharth45@example.org,01148944160,"H.No. 121, Saxena Path, Chennai-309608",1981-09-24,2712575573270325,0421,461.73,2026-03-10,E-Commerce
TXN000173,CUST0060,Umang Buch,timothy24@example.org,01103195546,"H.No. 725, Gala Road, Pimpri-Chinchwad 667057",1981-12-14,2270010395928177,177,3462.78,2026-07-17,POS-Store
TXN000174,CUST0178,Nitara Jha,reddydevika@example.net,04351137548,"H.No. 20, Mistry Marg, Pali-206101",1982-12-26,2625707903025600,217,1181.17,2026-03-03,E-Commerce
TXN000175,CUST0055,Wazir Kant,basakyauvani@example.org,9053368317,"H.No. 54, Ganesan Circle, Junagadh 221312",1990-09-24,2387103789092880,2339,3502.81,2026-05-30,E-Commerce
TXN000176,CUST0107,Eta Swaminathan,jack92@example.com,6319195366,"66, Pradhan Marg, Chittoor-432039",1980-07-22,2254690927153566,149,4425.1,2026-05-07,POS-Store
TXN000177,CUST0085,Urishilla Tandon,ojasvisaxena@example.com,2467883077,"12, Chawla Path, Tenali 440630",1981-10-06,2662339658295420,322,1651.57,2026-04-04,POS-Store
TXN000178,CUST0107,Eta Swaminathan,jack92@example.com,6319195366,"66, Pradhan Marg, Chittoor-432039",1980-07-22,5537042796442013,050,659.66,2026-02-20,E-Commerce
TXN000179,CUST0053,Oeshi Sampath,bhavsarkamya@example.net,04119018831,"H.No. 99, Banik Zila, Shivpuri-078393",1982-12-09,5534598006681859,1223,605.9,2026-06-30,POS-Store
TXN000180,CUST0100,Chaitanya Gulati,boasedarika@example.com,1428458750,"70/97, De Nagar, Siliguri 989075",1972-05-09,2705198886523543,7437,14783.49,2026-04-18,E-Commerce
TXN000181,CUST0148,Niharika Mangal,sandhudarpan@example.com,+917212395088,"H.No. 01, Jani Road, Guwahati-185200",1972-10-24,5191395887785907,615,3572.51,2026-03-05,POS-Store
TXN000182,CUST0123,Jalsa Taneja,samuelwalla@example.net,04472357842,"H.No. 49, Setty Nagar, Ballia 501443",1984-10-10,5204661943106643,201,3181.92,2026-05-10,E-Commerce
TXN000183,CUST0091,Lajita Sami,krish65@example.com,2581881388,"68, Dyal Road, Surat 879272",1990-06-23,5119358093407293,458,11564.36,2026-03-30,POS-Store
TXN000184,CUST0100,Chaitanya Gulati,boasedarika@example.com,1428458750,"70/97, De Nagar, Siliguri 989075",1972-05-09,2254123485193212,790,20391.06,2026-05-11,POS-Store
TXN000185,CUST0138,Saanvi Chandra,pranav65@example.net,+919164224243,"75/523, Bumb Chowk, Jaipur-939707",1963-03-14,2547616346606758,245,115.82,2026-04-07,E-Commerce
TXN000186,CUST0125,Yash Bakshi,gaurav20@example.com,06483162569,"61/69, Bhatia Zila, Bhatpara 918109",1975-11-05,2594261467433328,031,67.29,2026-06-18,E-Commerce
TXN000187,CUST0070,Lopa Amble,warinder49@example.net,08421025811,"644, Sachdev Marg, Bahraich-443264",1987-02-04,5286789375201581,817,698.17,2026-04-23,POS-Store
TXN000188,CUST0125,Yash Bakshi,gaurav20@example.com,06483162569,"61/69, Bhatia Zila, Bhatpara 918109",1975-11-05,5206893813985263,388,352.71,2026-06-29,E-Commerce
TXN000189,CUST0100,Chaitanya Gulati,boasedarika@example.com,1428458750,"70/97, De Nagar, Siliguri 989075",1972-05-09,5497886699211281,774,5396.6,2026-05-17,POS-Store
TXN000190,CUST0172,Luke Mani,harinisem@example.com,6098767430,"H.No. 871, Chakraborty Marg, Tinsukia-617559",1964-01-18,5588960806468975,811,9792.25,2026-03-21,POS-Store
TXN000191,CUST0043,Nilima Dara,unadkarni@example.org,04868507284,"25, Das Street, Jalgaon 673784",1990-06-12,5457494882147707,366,711.2,2026-03-02,POS-Store
TXN000192,CUST0033,Nihal Prabhakar,phora@example.net,05300616156,"51/42, Banerjee Path, Bhubaneswar 359546",1966-09-05,5123518004494300,498,4509.01,2026-04-03,E-Commerce
TXN000193,CUST0101,Guneet Mann,ijaya58@example.org,08444137335,"43, Sinha Ganj, Sambhal-909428",1995-11-16,2435669734814216,372,4213.12,2026-08-07,E-Commerce
TXN000194,CUST0022,Isha Bora,isami@example.net,7979903950,"75, Ben Path, Burhanpur 019054",1958-08-01,2233972376741166,301,218.39,2026-04-22,POS-Store
TXN000195,CUST0035,Pahal Basak,balanodika@example.org,4947889608,"23/919, Mannan Circle, Ajmer 197668",1988-11-09,5325552988357379,607,4226.53,2026-08-04,POS-Store
TXN000196,CUST0047,Zilmil Kuruvilla,uvenkataraman@example.net,+913071233063,"H.No. 96, Shankar Street, Jabalpur-490517",1978-06-12,2248197949699724,054,12015.09,2026-05-20,E-Commerce
TXN000197,CUST0067,Indrajit Raju,yochana34@example.com,+915745466157,"80, Rege Nagar, Pali-271668",1992-01-16,2229944346191968,761,4104.88,2026-08-04,POS-Store
TXN000198,CUST0084,Nitara Vig,lallajai@example.org,+913049331522,"H.No. 469, Subramanian Chowk, Barasat-097640",1970-10-26,2257907762347161,5793,4722.1,2026-04-14,E-Commerce
TXN000199,CUST0117,Xalak Gokhale,baghyawatitank@example.com,+912963264634,"H.No. 423, Lad Ganj, Mau 442346",1958-04-17,2719027650474076,252,12293.47,2026-07-19,POS-Store
TXN000200,CUST0087,Adya Chakrabarti,dateekani@example.org,6322946418,"24/25, Raghavan Chowk, Gandhidham-301064",1980-02-16,2221614030398462,359,4017.42,2026-08-05,POS-Store
TXN000201,CUST0072,Sarthak Suresh,zehaanbuch@example.org,05822445060,"45, Ben Circle, Deoghar 389790",1978-07-20,2720682559569504,925,906.52,2026-03-25,POS-Store
TXN000202,CUST0065,Warjas Sarkar,trau@example.org,8971303403,"81, Dash Marg, Jalna 615968",1972-08-29,2701657905043472,898,4305.0,2026-04-11,E-Commerce
TXN000203,CUST0121,Ishani Agate,shravyadua@example.com,+917822678081,"05/279, Ahuja Marg, Silchar 815845",2003-07-19,2520745135150214,627,899.85,2026-05-07,E-Commerce
TXN000204,CUST0139,Tanvi Badami,kshere@example.net,08132962188,"93/648, Bedi Road, Sikar 671868",1979-08-11,2518024075917956,0896,1043.34,2026-04-21,E-Commerce
TXN000205,CUST0090,Simon Srinivasan,nikita82@example.net,+914482437348,"13/806, Gopal Zila, Aligarh 229846",1993-10-31,5347505170847890,5990,6552.78,2026-04-14,E-Commerce
TXN000206,CUST0167,Anusha Bobal,davenathaniel@example.com,08783095844,"H.No. 409, Bhandari Path, Phusro 646458",1977-10-04,2271028898808414,011,951.61,2026-03-09,E-Commerce
TXN000207,CUST0167,Anusha Bobal,davenathaniel@example.com,08783095844,"H.No. 409, Bhandari Path, Phusro 646458",1977-10-04,5453183205743052,653,14748.87,2026-07-12,E-Commerce
TXN000208,CUST0008,Udant Lalla,mmuni@example.com,+915445316486,"H.No. 464, Mohanty Zila, Machilipatnam-241929",1965-10-19,2263219217569072,876,2793.33,2026-07-03,E-Commerce
TXN000209,CUST0052,Gopal Halder,nbaral@example.net,+910676797741,"39, Narayanan Ganj, Kulti 272507",1992-02-07,5433973566855643,123,361.9,2026-06-06,E-Commerce
TXN000210,CUST0160,Saumya Apte,ramanudant@example.org,+913616182151,"372, Kalita Zila, Narasaraopet-682474",1968-11-09,2234952218889091,116,4008.75,2026-07-16,E-Commerce
TXN000211,CUST0062,Patrick Wali,priya39@example.net,03674335304,"H.No. 097, Sawhney Marg, Amaravati-644395",1973-05-09,2286344738546749,424,4157.68,2026-06-02,E-Commerce
TXN000212,CUST0122,Kritika Kunda,kantmason@example.org,+911430893051,"H.No. 86, Gulati Chowk, Madurai 624931",1967-07-19,2229770192545704,971,519.2,2026-04-12,E-Commerce
TXN000213,CUST0145,Patrick Saxena,rzachariah@example.net,7271139188,"H.No. 62, Devan Chowk, Deoghar 628523",1969-04-13,2239218668871814,902,571.5,2026-03-31,E-Commerce
TXN000214,CUST0120,Lohit Kala,zaid37@example.org,04669583880,"H.No. 550, Pai Ganj, Saharanpur 876372",1974-01-11,2231906491150905,789,4549.93,2026-06-12,POS-Store
TXN000215,CUST0095,Darsh Rout,chokshiqadim@example.net,6833155208,"09/55, Wadhwa Circle, Ludhiana-002438",2002-04-11,2269443819551023,580,1468.15,2026-04-12,E-Commerce
TXN000216,CUST0156,Isaac Contractor,omkaarpradhan@example.net,6212666222,"92/970, Bedi Nagar, Rajkot 503243",1991-07-03,5329332702045907,308,772.67,2026-04-21,E-Commerce
TXN000217,CUST0042,Omya Grover,abhimanyu84@example.org,4734288665,"81, Ratta Zila, Tadipatri-448557",1984-04-20,2257172770712860,685,1404.39,2026-06-04,POS-Store
TXN000218,CUST0028,Jai Saraf,panchalchasmum@example.com,09596719024,"17/27, More Chowk, Pudukkottai 272929",1977-04-26,5599488482116152,894,715.22,2026-07-22,E-Commerce
TXN000219,CUST0080,Timothy Randhawa,hdevan@example.org,03579734915,"619, Dewan Marg, Bangalore 631518",1977-01-28,2701145532793545,892,829.95,2026-03-10,POS-Store
TXN000220,CUST0102,Nimrat Ramakrishnan,iryalala@example.net,+915139316400,"55, Saini, Nashik-371364",1963-09-13,2256928603029694,962,1325.31,2026-03-30,E-Commerce
TXN000221,CUST0020,Logan Grewal,brahmbhattnisha@example.org,06987176478,"H.No. 637, Luthra, Berhampur 430242",1998-04-20,2620097483712636,207,986.32,2026-05-14,E-Commerce
TXN000222,CUST0027,Akshay Uppal,ronith40@example.com,+913914529489,"79, Thakkar Ganj, Jorhat-336852",1971-12-13,5581844380928728,886,2482.2,2026-07-05,POS-Store
TXN000223,CUST0176,Yashvi Chana,tarak27@example.org,9417632598,"224, Buch Zila, Medininagar 260443",2004-02-16,2707282275313415,927,21103.28,2026-06-17,E-Commerce
TXN000224,CUST0145,Patrick Saxena,rzachariah@example.net,7271139188,"H.No. 62, Devan Chowk, Deoghar 628523",1969-04-13,2221617177500899,490,17807.68,2026-03-06,E-Commerce
TXN000225,CUST0089,Tara Bir,klalla@example.com,+918814190235,"H.No. 05, Peri Marg, Akola-176683",1996-06-08,5459279416700156,533,1333.92,2026-08-06,POS-Store
TXN000226,CUST0170,Chandresh Mohanty,rishi25@example.com,00826613606,"90/25, Kalita Zila, Singrauli 660367",1963-04-14,2708990856413672,571,3233.06,2026-05-18,POS-Store
TXN000227,CUST0018,Ridhi Savant,virajradhakrishnan@example.com,+911173124919,"H.No. 80, Bhatia Ganj, South Dumdum 602888",1995-08-21,5184835336308271,7197,4624.51,2026-03-25,POS-Store
TXN000228,CUST0004,Inaya Kota,pdara@example.net,08372962231,"76, Srinivasan Road, Bareilly-093979",1979-12-21,2254491556103166,504,517.5,2026-03-08,POS-Store
TXN000229,CUST0126,Sathvik Bala,shora@example.org,01284292279,"46/82, Karan Path, Deoghar-060833",1971-09-18,2562491039579039,714,494.76,2026-05-26,E-Commerce
TXN000230,CUST0111,Yamini Mitter,bhandariyash@example.com,2339208098,"131, Aggarwal Street, Madhyamgram 988534",1988-07-08,5240473651649582,629,162.76,2026-03-04,POS-Store
TXN000231,CUST0163,Jalsa Wali,aradhana04@example.com,05267163298,"H.No. 562, Loke Street, Jehanabad-932079",1963-09-30,2224385287938311,084,666.1,2026-04-15,POS-Store
TXN000232,CUST0040,Zarna Pandey,puriraagini@example.net,4239185009,"H.No. 04, Sethi Road, Ambala 307405",1991-12-17,2259600049324941,7201,3332.89,2026-02-19,POS-Store
TXN000233,CUST0046,Mekhala Atwal,esarraf@example.org,+919394551606,"16/067, Srinivasan, Nagpur 718357",1962-02-10,5166093780859850,095,11373.42,2026-03-03,POS-Store
TXN000234,CUST0158,Zansi Khalsa,kamala99@example.org,07888040151,"29/830, Deshpande Path, Bihar Sharif 809429",2004-06-07,2720327567736329,611,874.3,2026-05-16,POS-Store
TXN000235,CUST0120,Lohit Kala,zaid37@example.org,04669583880,"H.No. 550, Pai Ganj, Saharanpur 876372",1974-01-11,2292091242998609,799,964.1,2026-04-17,POS-Store
TXN000236,CUST0152,Nidhi Narayanan,mitaljyoti@example.org,+919872233493,"87, Divan Path, Chapra-081974",1977-01-01,2715162910153477,762,970.42,2026-03-23,POS-Store
TXN000237,CUST0083,Hamsini Kara,anvi19@example.com,8002415929,"H.No. 696, Sem Path, Vijayawada-120991",1999-03-02,2255989660895709,510,895.69,2026-04-08,E-Commerce
TXN000238,CUST0023,Raksha Ahluwalia,hiral98@example.net,08274422926,"354, Khare Marg, Jalgaon-947585",1972-04-28,2638749205351636,819,4970.87,2026-04-04,POS-Store
TXN000239,CUST0116,Ucchal Nair,misraanmol@example.net,09428688174,"92/70, Raval Nagar, Mysore-816868",1998-09-15,2274808454594269,590,575.61,2026-05-18,E-Commerce
TXN000240,CUST0119,Nikita Tailor,warhi98@example.net,08118992226,"12/24, Kannan Road, Jammu-224630",2002-11-29,2395426876759990,865,13893.14,2026-07-03,POS-Store
TXN000241,CUST0087,Adya Chakrabarti,dateekani@example.org,6322946418,"24/25, Raghavan Chowk, Gandhidham-301064",1980-02-16,2280994695736646,495,3782.3,2026-06-11,E-Commerce
TXN000242,CUST0127,Krisha Kari,majumdarharinakshi@example.net,05414769752,"73/68, Dube Zila, Kottayam-612498",1991-07-19,5451764659336170,165,3509.6,2026-03-04,POS-Store
TXN000243,CUST0047,Zilmil Kuruvilla,uvenkataraman@example.net,+913071233063,"H.No. 96, Shankar Street, Jabalpur-490517",1978-06-12,2253008139649936,554,4603.73,2026-04-18,POS-Store
TXN000244,CUST0055,Wazir Kant,basakyauvani@example.org,9053368317,"H.No. 54, Ganesan Circle, Junagadh 221312",1990-09-24,5561596901352580,357,316.63,2026-07-09,POS-Store
TXN000245,CUST0067,Indrajit Raju,yochana34@example.com,+915745466157,"80, Rege Nagar, Pali-271668",1992-01-16,5348516938616187,131,20134.59,2026-06-27,POS-Store
TXN000246,CUST0072,Sarthak Suresh,zehaanbuch@example.org,05822445060,"45, Ben Circle, Deoghar 389790",1978-07-20,2298493549643637,116,3479.91,2026-06-21,POS-Store
TXN000247,CUST0143,Upadhriti Ratti,qbansal@example.com,+916981260648,"H.No. 686, De Path, Jamnagar 975909",1964-03-17,2271562089911371,537,228.53,2026-07-01,E-Commerce
TXN000248,CUST0133,Janya Rege,ypalla@example.net,+914445120610,"64, Raju Zila, Rewa 164474",1959-10-01,2241439374241086,513,2413.06,2026-03-23,E-Commerce
TXN000249,CUST0022,Isha Bora,isami@example.net,7979903950,"75, Ben Path, Burhanpur 019054",1958-08-01,2266365061369577,229,1310.86,2026-03-24,E-Commerce
TXN000250,CUST0105,Suhani Kapur,kamdarsara@example.org,08992022637,"43, Warrior Path, Khammam 104974",1999-12-29,2564973250974872,039,21765.6,2026-05-11,POS-Store
TXN000251,CUST0143,Upadhriti Ratti,qbansal@example.com,+916981260648,"H.No. 686, De Path, Jamnagar 975909",1964-03-17,2518052690978327,922,3143.85,2026-05-10,E-Commerce
TXN000252,CUST0177,Shravya Sagar,udantsama@example.net,+918363910174,"09/002, Varty Chowk, Bellary-197098",1979-05-09,5504536051693458,140,822.29,2026-07-05,POS-Store
TXN000253,CUST0166,Gaurika Chakraborty,sathvik30@example.com,04730150514,"33/106, Mandal Street, Ramagundam 898234",1978-08-24,2238897820930450,402,1650.31,2026-07-17,POS-Store
TXN000254,CUST0115,Bimala Gala,zdeo@example.com,06114054452,"82/042, Kota Marg, Bhilwara-195235",1972-03-10,2268983329767123,267,18983.31,2026-04-05,E-Commerce
TXN000255,CUST0024,Rudra Handa,irarana@example.net,02446616770,"636, Jani Road, Raipur-693937",1995-12-01,2295718207245488,179,17337.51,2026-04-17,POS-Store
TXN000256,CUST0057,Neha Sule,maanaspai@example.net,04210122796,"H.No. 39, Warrior Zila, Nellore 279833",1991-03-19,2283363028100085,7885,2672.55,2026-06-14,POS-Store
TXN000257,CUST0178,Nitara Jha,reddydevika@example.net,04351137548,"H.No. 20, Mistry Marg, Pali-206101",1982-12-26,2298304022127370,657,19723.22,2026-06-15,E-Commerce
TXN000258,CUST0079,Indrajit Cherian,mshroff@example.net,+913182588014,"H.No. 237, Patla Nagar, Allahabad 889115",1986-03-26,2720175779460422,838,75.02,2026-03-10,POS-Store
TXN000259,CUST0122,Kritika Kunda,kantmason@example.org,+911430893051,"H.No. 86, Gulati Chowk, Madurai 624931",1967-07-19,5380997573485725,837,4241.4,2026-05-08,POS-Store
TXN000260,CUST0109,Siddharth Purohit,kashyapazad@example.net,+916428252224,"23/17, Sami Street, Panihati-580429",1968-04-11,2245368408800623,828,7557.94,2026-03-01,POS-Store
TXN000261,CUST0091,Lajita Sami,krish65@example.com,2581881388,"68, Dyal Road, Surat 879272",1990-06-23,5422359539766351,766,2523.18,2026-08-01,POS-Store
TXN000262,CUST0070,Lopa Amble,warinder49@example.net,08421025811,"644, Sachdev Marg, Bahraich-443264",1987-02-04,2296244560981527,250,19316.18,2026-06-14,POS-Store
TXN000263,CUST0065,Warjas Sarkar,trau@example.org,8971303403,"81, Dash Marg, Jalna 615968",1972-08-29,2419757340424171,236,12968.32,2026-06-24,E-Commerce
TXN000264,CUST0031,Jhalak Gala,wsami@example.org,01922670320,"H.No. 99, Uppal Nagar, Malegaon 940044",1966-04-28,5591674234585434,762,2093.35,2026-02-22,E-Commerce
TXN000265,CUST0081,Qushi Kala,agarwalsamaksh@example.net,01031862060,"H.No. 74, Parmar Marg, Kanpur 478078",2002-10-15,2716481264039887,760,870.62,2026-03-03,E-Commerce
TXN000266,CUST0138,Saanvi Chandra,pranav65@example.net,+919164224243,"75/523, Bumb Chowk, Jaipur-939707",1963-03-14,5320949614983773,702,21995.2,2026-03-09,E-Commerce
TXN000267,CUST0050,Odika Brahmbhatt,praneelzacharia@example.net,+918864756220,"00/91, Pau Circle, Asansol-673988",1978-11-20,2286600401183486,496,14442.78,2026-03-03,E-Commerce
TXN000268,CUST0124,Ekanta Sant,saumya73@example.net,+917164913546,"H.No. 80, Kunda Chowk, Durg-904069",2003-07-19,2286306427416880,237,4778.12,2026-05-10,POS-Store
TXN000269,CUST0151,Om Chand,buchanirudh@example.net,06514747208,"966, Prashad Ganj, Kishanganj 389819",1995-12-18,2224001358473449,2502,9205.67,2026-03-26,POS-Store
TXN000270,CUST0026,Victor Pau,ravalanika@example.net,6985375708,"H.No. 263, Dube Ganj, Gangtok 607216",1982-12-06,2711363394476855,113,1516.51,2026-08-04,E-Commerce
TXN000271,CUST0076,Warda Loyal,jsaran@example.org,+919763975853,"H.No. 51, Karnik Circle, Vijayawada 393231",1982-01-08,2272971643386070,384,15305.36,2026-03-12,E-Commerce
TXN000272,CUST0093,Aadi Kant,qrege@example.com,3023935819,"29, Thakkar Nagar, Shimla 380176",1970-05-30,2701821186973324,453,687.44,2026-04-24,E-Commerce
TXN000273,CUST0078,Shivansh Nagy,joshua26@example.com,06812149397,"07/21, Palan Zila, Malda 577083",1976-12-05,2295110238225681,672,2432.29,2026-06-16,E-Commerce
TXN000274,CUST0137,Nathaniel Rau,simon30@example.com,+912506647898,"32/93, Ben, Amroha-245447",1979-06-26,2240650233491974,5785,687.32,2026-05-17,E-Commerce
TXN000275,CUST0071,Dhruv Lala,yoshita33@example.com,9340109705,"H.No. 73, Hans Marg, Kulti 209409",1963-01-07,2609015096302129,786,4088.5,2026-07-04,E-Commerce
TXN000276,CUST0014,Mason Comar,andrewtank@example.org,+913392865349,"H.No. 77, Babu Street, Amritsar-666053",1978-11-15,2299045546881211,191,4407.87,2026-05-14,POS-Store
TXN000277,CUST0179,Triveni Kadakia,etahegde@example.org,+916666300629,"47, Gour Ganj, Berhampore-992736",2001-07-20,2716870323000387,172,3243.19,2026-02-22,E-Commerce
TXN000278,CUST0164,Ojasvi Chaudhary,ekanta46@example.org,03770482067,"H.No. 26, Din Chowk, Jodhpur 203562",1988-05-01,2297196400814970,123,11859.81,2026-04-11,POS-Store
TXN000279,CUST0027,Akshay Uppal,ronith40@example.com,+913914529489,"79, Thakkar Ganj, Jorhat-336852",1971-12-13,2223075857484546,912,77.31,2026-03-14,E-Commerce
TXN000280,CUST0147,Yashoda Nanda,ddugar@example.net,06047074746,"606, Solanki, Nellore 091292",2000-08-22,5571295084718505,993,3480.62,2026-07-18,POS-Store
TXN000281,CUST0121,Ishani Agate,shravyadua@example.com,+917822678081,"05/279, Ahuja Marg, Silchar 815845",2003-07-19,5452432547227501,308,1851.64,2026-03-25,POS-Store
TXN000282,CUST0113,Divya Chaudhry,advikchander@example.com,+915146793963,"20/12, Sridhar Chowk, Durgapur 535695",1984-05-01,5597415829279833,936,63.8,2026-06-05,POS-Store
TXN000283,CUST0048,Ishanvi Kunda,akshay36@example.org,06961535839,"75/316, Krishnan Chowk, Cuttack-606189",1983-12-18,2296858060156395,316,3359.08,2026-03-07,E-Commerce
TXN000284,CUST0065,Warjas Sarkar,trau@example.org,8971303403,"81, Dash Marg, Jalna 615968",1972-08-29,2324612652794550,240,2749.46,2026-07-26,POS-Store
TXN000285,CUST0030,Ryan Dutt,dubeyekavir@example.com,03506857479,"388, Goda Path, Berhampur 933323",1967-03-04,2259746917207468,6428,10920.99,2026-02-18,E-Commerce
TXN000286,CUST0103,Rachita Ravel,osur@example.com,8206940028,"H.No. 048, Sagar Road, Pudukkottai-982337",1992-07-09,5101682234789180,118,4133.83,2026-05-21,POS-Store
TXN000287,CUST0019,Nikita Master,anigam@example.org,+913847487091,"67/595, Bains Chowk, Aurangabad 368095",1977-10-11,2226222417550450,467,3487.72,2026-06-25,E-Commerce
TXN000288,CUST0039,Anirudh Kibe,mohantylogan@example.com,+912762642514,"H.No. 36, Nigam Ganj, Etawah-571776",1969-03-14,5294465608351028,902,21141.9,2026-02-16,E-Commerce
TXN000289,CUST0145,Patrick Saxena,rzachariah@example.net,7271139188,"H.No. 62, Devan Chowk, Deoghar 628523",1969-04-13,5336171382261355,475,929.33,2026-02-13,POS-Store
TXN000290,CUST0022,Isha Bora,isami@example.net,7979903950,"75, Ben Path, Burhanpur 019054",1958-08-01,2238868046855870,302,2032.72,2026-08-07,E-Commerce
TXN000291,CUST0031,Jhalak Gala,wsami@example.org,01922670320,"H.No. 99, Uppal Nagar, Malegaon 940044",1966-04-28,2365484461718471,398,4919.15,2026-06-03,POS-Store
TXN000292,CUST0156,Isaac Contractor,omkaarpradhan@example.net,6212666222,"92/970, Bedi Nagar, Rajkot 503243",1991-07-03,2299365737422025,010,2314.68,2026-04-18,E-Commerce
TXN000293,CUST0134,Idika Bir,vpradhan@example.net,+911207236827,"H.No. 887, Lal Street, Ahmedabad-330891",1968-01-14,2716026778842050,438,1960.34,2026-07-08,POS-Store
TXN000294,CUST0116,Ucchal Nair,misraanmol@example.net,09428688174,"92/70, Raval Nagar, Mysore-816868",1998-09-15,2720519057792255,802,172.31,2026-03-28,POS-Store
TXN000295,CUST0077,Aahana Varughese,binakota@example.net,2209703704,"54/913, Bal Chowk, Mangalore-284417",1963-12-09,2310594694754030,798,194.16,2026-06-06,POS-Store
TXN000296,CUST0079,Indrajit Cherian,mshroff@example.net,+913182588014,"H.No. 237, Patla Nagar, Allahabad 889115",1986-03-26,5239164865770735,596,658.19,2026-04-22,E-Commerce
TXN000297,CUST0157,Henry Kala,ctailor@example.net,03388376436,"76/62, Dubey Circle, Ulhasnagar 501303",1997-04-21,5333176427209585,187,378.04,2026-06-01,E-Commerce
TXN000298,CUST0054,Garima Yadav,anthonymukherjee@example.org,4047668649,"38/38, Kalita Path, Ahmedabad-233041",1998-09-05,5343443575317737,788,13057.87,2026-05-29,E-Commerce
TXN000299,CUST0068,Yauvani Chand,zmerchant@example.com,+915193179610,"209, More Zila, Anantapuram 766010",1982-03-21,2260055907001924,287,1689.11,2026-08-08,E-Commerce
TXN000300,CUST0041,Saumya Sharma,boasewarda@example.org,00552258999,"H.No. 531, Saraf Path, Bellary-822942",1965-01-26,2709829926000151,9513,88.78,2026-05-11,E-Commerce
TXN000301,CUST0045,Jacob Bhatnagar,chadagautami@example.com,9355247230,"H.No. 80, Sur, Giridih-428587",1964-03-29,5269584335278410,865,314.38,2026-05-26,E-Commerce
TXN000302,CUST0041,Saumya Sharma,boasewarda@example.org,00552258999,"H.No. 531, Saraf Path, Bellary-822942",1965-01-26,2626606545323267,443,134.18,2026-05-24,E-Commerce
TXN000303,CUST0105,Suhani Kapur,kamdarsara@example.org,08992022637,"43, Warrior Path, Khammam 104974",1999-12-29,2472749017953198,826,487.28,2026-05-02,POS-Store
TXN000304,CUST0177,Shravya Sagar,udantsama@example.net,+918363910174,"09/002, Varty Chowk, Bellary-197098",1979-05-09,5171643351015051,776,395.69,2026-03-15,POS-Store
TXN000305,CUST0075,Chakrika Mittal,morarmadhavi@example.org,3017732058,"87/478, Ramaswamy Road, Noida 731550",1993-12-28,5485875229101777,872,3760.89,2026-05-10,E-Commerce
TXN000306,CUST0060,Umang Buch,timothy24@example.org,01103195546,"H.No. 725, Gala Road, Pimpri-Chinchwad 667057",1981-12-14,2399717905592527,586,808.64,2026-06-15,POS-Store
TXN000307,CUST0073,Ekta Mitra,anushamitra@example.com,07400080896,"65/285, Pathak Nagar, Mangalore 300710",1960-11-17,2230978460998961,674,1326.95,2026-07-23,POS-Store
TXN000308,CUST0019,Nikita Master,anigam@example.org,+913847487091,"67/595, Bains Chowk, Aurangabad 368095",1977-10-11,2571992253734241,010,20654.91,2026-03-20,E-Commerce
TXN000309,CUST0068,Yauvani Chand,zmerchant@example.com,+915193179610,"209, More Zila, Anantapuram 766010",1982-03-21,2426433200147200,326,312.76,2026-06-28,E-Commerce
TXN000310,CUST0109,Siddharth Purohit,kashyapazad@example.net,+916428252224,"23/17, Sami Street, Panihati-580429",1968-04-11,5428387404600847,390,3992.29,2026-05-01,E-Commerce
TXN000311,CUST0140,Jagrati Srinivas,parmarirya@example.net,+913892977115,"846, Kamdar, Nellore 391168",1965-01-24,2719655779219582,047,248.67,2026-05-29,E-Commerce
TXN000312,CUST0166,Gaurika Chakraborty,sathvik30@example.com,04730150514,"33/106, Mandal Street, Ramagundam 898234",1978-08-24,5353161140391394,6610,2937.61,2026-03-15,E-Commerce
TXN000313,CUST0069,Azad Ramakrishnan,tsandal@example.com,+914580704974,"H.No. 676, Kulkarni Zila, Tiruvottiyur 478629",1977-09-14,2240218810476642,424,2475.29,2026-07-27,E-Commerce
TXN000314,CUST0019,Nikita Master,anigam@example.org,+913847487091,"67/595, Bains Chowk, Aurangabad 368095",1977-10-11,2290410059881462,103,3989.14,2026-06-16,E-Commerce
TXN000315,CUST0043,Nilima Dara,unadkarni@example.org,04868507284,"25, Das Street, Jalgaon 673784",1990-06-12,2660005067037768,307,289.56,2026-04-07,POS-Store
TXN000316,CUST0153,Jairaj Ramanathan,harrison29@example.org,07686617991,"H.No. 720, Ben Zila, Ballia 984360",1976-01-18,2272943242516803,161,4579.93,2026-04-19,POS-Store
TXN000317,CUST0113,Divya Chaudhry,advikchander@example.com,+915146793963,"20/12, Sridhar Chowk, Durgapur 535695",1984-05-01,2283725292490956,762,3127.92,2026-02-12,E-Commerce
TXN000318,CUST0120,Lohit Kala,zaid37@example.org,04669583880,"H.No. 550, Pai Ganj, Saharanpur 876372",1974-01-11,2261954066243690,406,474.59,2026-06-30,POS-Store
TXN000319,CUST0180,Tripti Pingle,tdar@example.com,2949642214,"248, Dhingra, Vasai-Virar-098400",1977-03-22,2304114517434401,145,1969.64,2026-08-06,POS-Store
TXN000320,CUST0070,Lopa Amble,warinder49@example.net,08421025811,"644, Sachdev Marg, Bahraich-443264",1987-02-04,2235613724281301,637,408.04,2026-05-08,POS-Store
TXN000321,CUST0113,Divya Chaudhry,advikchander@example.com,+915146793963,"20/12, Sridhar Chowk, Durgapur 535695",1984-05-01,2289449273804259,784,355.65,2026-07-06,E-Commerce
TXN000322,CUST0154,Bakhshi Bakshi,bhavya28@example.net,7489273312,"06/38, Rajan Marg, Hubli–Dharwad-782910",1985-12-19,2284139448382159,745,360.79,2026-03-24,E-Commerce
TXN000323,CUST0111,Yamini Mitter,bhandariyash@example.com,2339208098,"131, Aggarwal Street, Madhyamgram 988534",1988-07-08,2251963969657866,001,895.11,2026-05-02,POS-Store
TXN000324,CUST0155,Lavanya Grewal,fradosinha@example.net,04324726049,"95, Nadig Street, Sangli-Miraj & Kupwad 316176",1993-10-18,2236041510201425,346,3715.73,2026-07-18,POS-Store
TXN000325,CUST0007,Neha Pant,ekansh43@example.org,+917040648538,"44, Prabhu Ganj, Miryalaguda 887300",1967-03-13,2236343568198937,569,2993.27,2026-03-08,E-Commerce
TXN000326,CUST0059,Ganga Muni,xtiwari@example.com,7302250344,"H.No. 931, Naidu Marg, Pali-560389",1976-10-18,2295850485220287,518,559.71,2026-03-06,E-Commerce
TXN000327,CUST0173,Jagrati Purohit,muttiaryan@example.com,7044021975,"H.No. 05, Sehgal Ganj, Proddatur 739407",1960-10-26,2261014687251752,696,3981.01,2026-02-22,POS-Store
TXN000328,CUST0148,Niharika Mangal,sandhudarpan@example.com,+917212395088,"H.No. 01, Jani Road, Guwahati-185200",1972-10-24,5389995209208603,5236,1510.19,2026-02-27,E-Commerce
TXN000329,CUST0045,Jacob Bhatnagar,chadagautami@example.com,9355247230,"H.No. 80, Sur, Giridih-428587",1964-03-29,2639161958846789,697,394.57,2026-06-21,POS-Store
TXN000330,CUST0133,Janya Rege,ypalla@example.net,+914445120610,"64, Raju Zila, Rewa 164474",1959-10-01,5447460495074144,423,3282.54,2026-02-28,POS-Store
TXN000331,CUST0072,Sarthak Suresh,zehaanbuch@example.org,05822445060,"45, Ben Circle, Deoghar 389790",1978-07-20,2720348974956813,524,4945.07,2026-06-28,E-Commerce
TXN000332,CUST0150,Vanya Bhakta,epall@example.org,+911424714068,"553, Ahluwalia, Anantapur-312017",2005-05-04,5458053263910304,336,1948.67,2026-05-21,POS-Store
TXN000333,CUST0163,Jalsa Wali,aradhana04@example.com,05267163298,"H.No. 562, Loke Street, Jehanabad-932079",1963-09-30,2226303921772606,853,195.06,2026-06-09,POS-Store
TXN000334,CUST0024,Rudra Handa,irarana@example.net,02446616770,"636, Jani Road, Raipur-693937",1995-12-01,2222252101616261,654,202.49,2026-04-17,POS-Store
TXN000335,CUST0090,Simon Srinivasan,nikita82@example.net,+914482437348,"13/806, Gopal Zila, Aligarh 229846",1993-10-31,2271749592890990,212,320.56,2026-03-28,POS-Store
TXN000336,CUST0086,Zinal Modi,maya71@example.com,09373066001,"83, Chada Marg, Gulbarga-850949",1970-07-12,2299853396189597,351,901.03,2026-08-02,POS-Store
TXN000337,CUST0172,Luke Mani,harinisem@example.com,6098767430,"H.No. 871, Chakraborty Marg, Tinsukia-617559",1964-01-18,2296004570915208,424,547.76,2026-07-27,E-Commerce
TXN000338,CUST0042,Omya Grover,abhimanyu84@example.org,4734288665,"81, Ratta Zila, Tadipatri-448557",1984-04-20,2617802065818221,686,4928.53,2026-05-06,POS-Store
TXN000339,CUST0106,Chanakya Vohra,chaudryfalan@example.net,00287765846,"01/575, Sheth Marg, Kota 924271",2005-06-21,2713907713882785,039,427.56,2026-04-04,POS-Store
TXN000340,CUST0074,Bhavini Anand,chandranbalhaar@example.org,6600725503,"77, Dayal Zila, Pudukkottai 232922",1986-04-20,2245490273627103,634,19713.76,2026-05-26,POS-Store
TXN000341,CUST0141,Nimrat Sanghvi,shafaraj@example.com,09432073231,"H.No. 48, Sandal Street, Mehsana 281248",1965-09-07,2673946531123186,374,9385.09,2026-07-15,E-Commerce
TXN000342,CUST0117,Xalak Gokhale,baghyawatitank@example.com,+912963264634,"H.No. 423, Lad Ganj, Mau 442346",1958-04-17,2720123035030910,673,684.54,2026-02-13,E-Commerce
TXN000343,CUST0081,Qushi Kala,agarwalsamaksh@example.net,01031862060,"H.No. 74, Parmar Marg, Kanpur 478078",2002-10-15,2454753361426399,211,14465.41,2026-04-28,POS-Store
TXN000344,CUST0083,Hamsini Kara,anvi19@example.com,8002415929,"H.No. 696, Sem Path, Vijayawada-120991",1999-03-02,2238175388865420,187,2119.64,2026-04-26,E-Commerce
TXN000345,CUST0104,Alexander Rege,amrita25@example.com,4584929505,"H.No. 412, Sankar Street, Anantapur-432245",1992-03-27,5143656496242526,689,1747.99,2026-07-30,E-Commerce
TXN000346,CUST0169,Eshana Bansal,ishani34@example.net,02193565750,"99, Apte Chowk, Rajpur Sonarpur-830651",1964-05-15,5554227941058206,477,453.74,2026-05-14,POS-Store
TXN000347,CUST0106,Chanakya Vohra,chaudryfalan@example.net,00287765846,"01/575, Sheth Marg, Kota 924271",2005-06-21,2705814814958748,207,1969.4,2026-07-05,E-Commerce
TXN000348,CUST0049,Netra Gour,palladavid@example.com,+912515101554,"H.No. 382, Ben Path, New Delhi 046736",1965-02-27,2254379163450403,660,629.48,2026-06-09,POS-Store
TXN000349,CUST0160,Saumya Apte,ramanudant@example.org,+913616182151,"372, Kalita Zila, Narasaraopet-682474",1968-11-09,5252341607795517,712,601.6,2026-03-29,POS-Store
TXN000350,CUST0161,Xalak Trivedi,chavvitalwar@example.org,04796024025,"15/767, Vora Ganj, Tinsukia-159266",1980-03-29,5451373931071546,742,506.6,2026-06-11,POS-Store
TXN000351,CUST0014,Mason Comar,andrewtank@example.org,+913392865349,"H.No. 77, Babu Street, Amritsar-666053",1978-11-15,2258097426389277,7202,1207.24,2026-03-01,E-Commerce
TXN000352,CUST0069,Azad Ramakrishnan,tsandal@example.com,+914580704974,"H.No. 676, Kulkarni Zila, Tiruvottiyur 478629",1977-09-14,2524713070583985,028,1537.52,2026-02-16,E-Commerce
TXN000353,CUST0074,Bhavini Anand,chandranbalhaar@example.org,6600725503,"77, Dayal Zila, Pudukkottai 232922",1986-04-20,5275171338495662,968,989.47,2026-02-20,POS-Store
TXN000354,CUST0179,Triveni Kadakia,etahegde@example.org,+916666300629,"47, Gour Ganj, Berhampore-992736",2001-07-20,2260093481041222,238,818.57,2026-03-08,POS-Store
TXN000355,CUST0032,Yug Thaman,khalsaati@example.org,+913780126147,"688, Hari Path, Firozabad 567299",1992-02-01,2268880691857963,315,696.75,2026-08-02,E-Commerce
TXN000356,CUST0162,Onveer Misra,mgarde@example.org,07568123914,"05/401, Kulkarni Street, Jamnagar 538665",1978-02-27,2701473800240563,209,3381.96,2026-02-18,E-Commerce
TXN000357,CUST0041,Saumya Sharma,boasewarda@example.org,00552258999,"H.No. 531, Saraf Path, Bellary-822942",1965-01-26,5285808760287673,0397,2646.95,2026-06-06,POS-Store
TXN000358,CUST0142,Joshua Issac,snehabalakrishnan@example.net,+919933142491,"23, Cheema Ganj, Singrauli 840601",2001-08-07,2247024653172741,105,4717.19,2026-03-21,E-Commerce
TXN000359,CUST0142,Joshua Issac,snehabalakrishnan@example.net,+919933142491,"23, Cheema Ganj, Singrauli 840601",2001-08-07,2233019951332035,518,21405.49,2026-07-06,POS-Store
TXN000360,CUST0024,Rudra Handa,irarana@example.net,02446616770,"636, Jani Road, Raipur-693937",1995-12-01,5566573625744488,656,743.59,2026-06-19,E-Commerce
TXN000361,CUST0030,Ryan Dutt,dubeyekavir@example.com,03506857479,"388, Goda Path, Berhampur 933323",1967-03-04,2241629847522407,543,8081.78,2026-04-26,POS-Store
TXN000362,CUST0031,Jhalak Gala,wsami@example.org,01922670320,"H.No. 99, Uppal Nagar, Malegaon 940044",1966-04-28,2232321808852798,7910,753.32,2026-04-26,E-Commerce
TXN000363,CUST0128,Tanmayi Barman,tchander@example.com,+910455887635,"H.No. 34, Ravel Chowk, Mysore 938423",1972-06-29,2246300977123847,161,4366.47,2026-04-16,POS-Store
TXN000364,CUST0131,Upma Karnik,manderturvi@example.org,00628008475,"365, Johal Circle, Anantapur 654548",1987-01-30,2529241080070525,459,804.71,2026-03-27,POS-Store
TXN000365,CUST0107,Eta Swaminathan,jack92@example.com,6319195366,"66, Pradhan Marg, Chittoor-432039",1980-07-22,2706976922899087,122,205.31,2026-02-22,POS-Store
TXN000366,CUST0121,Ishani Agate,shravyadua@example.com,+917822678081,"05/279, Ahuja Marg, Silchar 815845",2003-07-19,2705232814057199,127,823.03,2026-02-21,E-Commerce
TXN000367,CUST0117,Xalak Gokhale,baghyawatitank@example.com,+912963264634,"H.No. 423, Lad Ganj, Mau 442346",1958-04-17,2279318415034020,280,3091.74,2026-02-17,E-Commerce
TXN000368,CUST0099,Vinaya Manda,fchoudhury@example.com,06034575744,"H.No. 52, Dhar Zila, Tadipatri 917745",1971-09-18,2690379800920281,008,4507.92,2026-03-14,E-Commerce
TXN000369,CUST0154,Bakhshi Bakshi,bhavya28@example.net,7489273312,"06/38, Rajan Marg, Hubli–Dharwad-782910",1985-12-19,2586400509240412,101,4265.58,2026-03-12,E-Commerce
TXN000370,CUST0018,Ridhi Savant,virajradhakrishnan@example.com,+911173124919,"H.No. 80, Bhatia Ganj, South Dumdum 602888",1995-08-21,2643783588298737,805,2507.4,2026-05-08,POS-Store
TXN000371,CUST0107,Eta Swaminathan,jack92@example.com,6319195366,"66, Pradhan Marg, Chittoor-432039",1980-07-22,2491852529471134,525,2205.21,2026-05-05,POS-Store
TXN000372,CUST0130,Samuel Bath,desainathaniel@example.org,9818472762,"H.No. 405, Borde Nagar, Ichalkaranji 097568",1958-01-19,5381208093820089,9781,3010.38,2026-06-19,POS-Store
TXN000373,CUST0001,Girish Hans,yseshadri@example.org,00957036897,"68, Warrior Road, Ulhasnagar-028568",1967-12-28,2280533035745071,819,903.7,2026-03-18,POS-Store
TXN000374,CUST0077,Aahana Varughese,binakota@example.net,2209703704,"54/913, Bal Chowk, Mangalore-284417",1963-12-09,5219946204708218,606,3173.67,2026-07-21,POS-Store
TXN000375,CUST0039,Anirudh Kibe,mohantylogan@example.com,+912762642514,"H.No. 36, Nigam Ganj, Etawah-571776",1969-03-14,2498446339028805,172,15612.42,2026-04-15,POS-Store
TXN000376,CUST0138,Saanvi Chandra,pranav65@example.net,+919164224243,"75/523, Bumb Chowk, Jaipur-939707",1963-03-14,2701646028500716,648,941.9,2026-06-25,POS-Store
TXN000377,CUST0089,Tara Bir,klalla@example.com,+918814190235,"H.No. 05, Peri Marg, Akola-176683",1996-06-08,5259118715140999,644,2339.29,2026-07-30,POS-Store
TXN000378,CUST0142,Joshua Issac,snehabalakrishnan@example.net,+919933142491,"23, Cheema Ganj, Singrauli 840601",2001-08-07,2282259389286110,490,803.53,2026-02-20,POS-Store
TXN000379,CUST0117,Xalak Gokhale,baghyawatitank@example.com,+912963264634,"H.No. 423, Lad Ganj, Mau 442346",1958-04-17,5578438622500257,343,3133.31,2026-03-13,POS-Store
TXN000380,CUST0049,Netra Gour,palladavid@example.com,+912515101554,"H.No. 382, Ben Path, New Delhi 046736",1965-02-27,2571386912152400,728,18406.36,2026-04-11,E-Commerce
TXN000381,CUST0147,Yashoda Nanda,ddugar@example.net,06047074746,"606, Solanki, Nellore 091292",2000-08-22,5374338531650936,119,345.82,2026-04-09,POS-Store
TXN000382,CUST0060,Umang Buch,timothy24@example.org,01103195546,"H.No. 725, Gala Road, Pimpri-Chinchwad 667057",1981-12-14,5344491243309262,677,756.01,2026-04-16,POS-Store
TXN000383,CUST0012,Harini Sodhi,ravalojasvi@example.net,08462637222,"H.No. 05, Mital, Rajkot-175042",1966-05-29,5575826431845397,281,590.83,2026-03-09,POS-Store
TXN000384,CUST0122,Kritika Kunda,kantmason@example.org,+911430893051,"H.No. 86, Gulati Chowk, Madurai 624931",1967-07-19,5559364055294346,892,4506.19,2026-06-19,POS-Store
TXN000385,CUST0099,Vinaya Manda,fchoudhury@example.com,06034575744,"H.No. 52, Dhar Zila, Tadipatri 917745",1971-09-18,2556194224220959,410,4284.21,2026-07-19,E-Commerce
TXN000386,CUST0127,Krisha Kari,majumdarharinakshi@example.net,05414769752,"73/68, Dube Zila, Kottayam-612498",1991-07-19,5199479981320183,722,853.28,2026-08-05,E-Commerce
TXN000387,CUST0033,Nihal Prabhakar,phora@example.net,05300616156,"51/42, Banerjee Path, Bhubaneswar 359546",1966-09-05,2248493512384368,988,427.03,2026-05-20,POS-Store
TXN000388,CUST0026,Victor Pau,ravalanika@example.net,6985375708,"H.No. 263, Dube Ganj, Gangtok 607216",1982-12-06,5251665746531289,588,1599.52,2026-06-18,POS-Store
TXN000389,CUST0026,Victor Pau,ravalanika@example.net,6985375708,"H.No. 263, Dube Ganj, Gangtok 607216",1982-12-06,2276311870909748,147,735.42,2026-03-24,POS-Store
TXN000390,CUST0004,Inaya Kota,pdara@example.net,08372962231,"76, Srinivasan Road, Bareilly-093979",1979-12-21,2253623071345697,160,3563.95,2026-03-06,E-Commerce
TXN000391,CUST0105,Suhani Kapur,kamdarsara@example.org,08992022637,"43, Warrior Path, Khammam 104974",1999-12-29,2555255130686566,0563,3170.36,2026-05-23,E-Commerce
TXN000392,CUST0020,Logan Grewal,brahmbhattnisha@example.org,06987176478,"H.No. 637, Luthra, Berhampur 430242",1998-04-20,2272277200185958,816,378.07,2026-03-18,POS-Store
TXN000393,CUST0068,Yauvani Chand,zmerchant@example.com,+915193179610,"209, More Zila, Anantapuram 766010",1982-03-21,2262544894491105,520,912.12,2026-06-12,POS-Store
TXN000394,CUST0160,Saumya Apte,ramanudant@example.org,+913616182151,"372, Kalita Zila, Narasaraopet-682474",1968-11-09,2246794378697146,886,2603.0,2026-05-07,POS-Store
TXN000395,CUST0167,Anusha Bobal,davenathaniel@example.com,08783095844,"H.No. 409, Bhandari Path, Phusro 646458",1977-10-04,2703091609556282,981,4788.19,2026-07-11,E-Commerce
TXN000396,CUST0085,Urishilla Tandon,ojasvisaxena@example.com,2467883077,"12, Chawla Path, Tenali 440630",1981-10-06,5401300042896223,390,606.33,2026-03-28,POS-Store
TXN000397,CUST0082,Urishilla Batta,girikbuch@example.net,+917795907625,"49/41, Parmar Marg, Berhampore 301474",1993-06-30,2417319531816541,608,3445.21,2026-05-26,POS-Store
TXN000398,CUST0139,Tanvi Badami,kshere@example.net,08132962188,"93/648, Bedi Road, Sikar 671868",1979-08-11,2663037478226620,106,877.65,2026-03-27,E-Commerce
TXN000399,CUST0159,Jasmit Bakshi,bhatyamini@example.com,+917798317531,"79/18, Manda Marg, Serampore-153240",1998-07-04,2274024416232960,9901,14607.7,2026-02-27,E-Commerce
TXN000400,CUST0061,Logan Sidhu,samakshdivan@example.net,+918374908364,"H.No. 98, Mahal Path, Sagar 878951",1964-05-28,5375656165863247,622,4689.08,2026-05-09,POS-Store
TXN000401,CUST0059,Ganga Muni,xtiwari@example.com,7302250344,"H.No. 931, Naidu Marg, Pali-560389",1976-10-18,2437845531725874,208,1610.0,2026-06-24,E-Commerce
TXN000402,CUST0112,Jai Nanda,ekbal93@example.com,+919781223351,"H.No. 94, Nadig Street, Katni 557238",1968-01-04,2290820438812980,723,3426.25,2026-05-10,E-Commerce
TXN000403,CUST0163,Jalsa Wali,aradhana04@example.com,05267163298,"H.No. 562, Loke Street, Jehanabad-932079",1963-09-30,2244763887841349,807,3945.04,2026-04-30,E-Commerce
TXN000404,CUST0114,Chaitaly Viswanathan,sarkarnaveen@example.org,08310384926,"H.No. 744, Sidhu Nagar, Dehri-540494",1997-01-02,2488501400412387,181,20734.74,2026-06-19,E-Commerce
TXN000405,CUST0178,Nitara Jha,reddydevika@example.net,04351137548,"H.No. 20, Mistry Marg, Pali-206101",1982-12-26,2223608139263567,195,1452.84,2026-06-06,POS-Store
TXN000406,CUST0008,Udant Lalla,mmuni@example.com,+915445316486,"H.No. 464, Mohanty Zila, Machilipatnam-241929",1965-10-19,2294096118834992,358,19261.43,2026-02-17,E-Commerce
TXN000407,CUST0084,Nitara Vig,lallajai@example.org,+913049331522,"H.No. 469, Subramanian Chowk, Barasat-097640",1970-10-26,2720132253997759,615,923.88,2026-03-13,E-Commerce
TXN000408,CUST0076,Warda Loyal,jsaran@example.org,+919763975853,"H.No. 51, Karnik Circle, Vijayawada 393231",1982-01-08,2720367257449809,916,13820.73,2026-03-15,POS-Store
TXN000409,CUST0096,Kevin Dada,valabalveer@example.org,+915725827792,"46/75, Ahluwalia Street, Bettiah 055820",1966-02-26,2247905734965568,285,2595.61,2026-06-20,POS-Store
TXN000410,CUST0038,Girindra Dhillon,saanviswamy@example.net,05201491862,"25/91, Mander Street, Allahabad 336164",1999-03-21,2298037069819455,004,368.1,2026-03-25,E-Commerce
TXN000411,CUST0136,Zarna Dua,ryan48@example.com,+917660128556,"H.No. 15, Toor Nagar, Sambalpur-063652",1985-08-03,5401722897848258,500,1018.52,2026-03-28,POS-Store
TXN000412,CUST0145,Patrick Saxena,rzachariah@example.net,7271139188,"H.No. 62, Devan Chowk, Deoghar 628523",1969-04-13,2278909627420493,730,2592.28,2026-03-20,E-Commerce
TXN000413,CUST0044,Chaaya Handa,jacobdhar@example.com,08152390753,"H.No. 04, Nath Nagar, Aizawl-030007",1975-04-02,2561796782362727,823,4678.5,2026-02-14,E-Commerce
TXN000414,CUST0021,Tanveer Tailor,ubiswas@example.org,3692754548,"H.No. 015, Mody Street, Anantapuram 489895",1982-12-16,2629649743193790,104,2387.47,2026-04-16,POS-Store
TXN000415,CUST0159,Jasmit Bakshi,bhatyamini@example.com,+917798317531,"79/18, Manda Marg, Serampore-153240",1998-07-04,2262202452511364,905,2808.42,2026-02-17,E-Commerce
TXN000416,CUST0128,Tanmayi Barman,tchander@example.com,+910455887635,"H.No. 34, Ravel Chowk, Mysore 938423",1972-06-29,2238559521966205,529,479.37,2026-06-24,E-Commerce
TXN000417,CUST0060,Umang Buch,timothy24@example.org,01103195546,"H.No. 725, Gala Road, Pimpri-Chinchwad 667057",1981-12-14,2256648126914905,408,217.39,2026-02-27,POS-Store
TXN000418,CUST0164,Ojasvi Chaudhary,ekanta46@example.org,03770482067,"H.No. 26, Din Chowk, Jodhpur 203562",1988-05-01,2274263342193421,090,2675.28,2026-05-04,POS-Store
TXN000419,CUST0118,Girindra Karnik,sawhneyishaan@example.org,1245267540,"39/74, Ramachandran Street, Kolhapur 757355",1981-08-18,2229826348913137,1056,11161.33,2026-02-24,POS-Store
TXN000420,CUST0171,Lopa Kurian,ovirk@example.net,04417345455,"87/660, Bhandari Marg, Raurkela Industrial Township 622766",1978-07-16,2226182794742783,630,3528.42,2026-03-08,E-Commerce
TXN000421,CUST0120,Lohit Kala,zaid37@example.org,04669583880,"H.No. 550, Pai Ganj, Saharanpur 876372",1974-01-11,2223855721639155,954,679.7,2026-08-01,POS-Store
TXN000422,CUST0174,Ridhi Gala,teerthkrishna@example.org,+916020548258,"14/45, Chawla, Muzaffarnagar-030690",1987-08-24,2256627548067690,309,962.06,2026-07-17,E-Commerce
TXN000423,CUST0019,Nikita Master,anigam@example.org,+913847487091,"67/595, Bains Chowk, Aurangabad 368095",1977-10-11,2271821033942068,178,443.48,2026-05-13,POS-Store
TXN000424,CUST0089,Tara Bir,klalla@example.com,+918814190235,"H.No. 05, Peri Marg, Akola-176683",1996-06-08,2716627352585161,329,996.03,2026-06-25,POS-Store
TXN000425,CUST0164,Ojasvi Chaudhary,ekanta46@example.org,03770482067,"H.No. 26, Din Chowk, Jodhpur 203562",1988-05-01,5427898361492094,433,3380.94,2026-06-23,POS-Store
TXN000426,CUST0177,Shravya Sagar,udantsama@example.net,+918363910174,"09/002, Varty Chowk, Bellary-197098",1979-05-09,2295459558840193,996,761.71,2026-05-29,POS-Store
TXN000427,CUST0117,Xalak Gokhale,baghyawatitank@example.com,+912963264634,"H.No. 423, Lad Ganj, Mau 442346",1958-04-17,2273092895873399,2618,902.25,2026-08-06,POS-Store
TXN000428,CUST0051,Meghana Dani,azad54@example.net,7170955381,"H.No. 332, Tara, Karaikudi 769071",1967-01-23,2250481333890585,933,230.96,2026-07-29,POS-Store
TXN000429,CUST0124,Ekanta Sant,saumya73@example.net,+917164913546,"H.No. 80, Kunda Chowk, Durg-904069",2003-07-19,2221901446397505,972,497.99,2026-07-06,E-Commerce
TXN000430,CUST0061,Logan Sidhu,samakshdivan@example.net,+918374908364,"H.No. 98, Mahal Path, Sagar 878951",1964-05-28,2287960961957052,256,1262.77,2026-07-22,POS-Store
TXN000431,CUST0147,Yashoda Nanda,ddugar@example.net,06047074746,"606, Solanki, Nellore 091292",2000-08-22,2292370978271468,354,2812.7,2026-03-25,POS-Store
TXN000432,CUST0148,Niharika Mangal,sandhudarpan@example.com,+917212395088,"H.No. 01, Jani Road, Guwahati-185200",1972-10-24,5170177626217342,128,2762.61,2026-07-13,POS-Store
TXN000433,CUST0180,Tripti Pingle,tdar@example.com,2949642214,"248, Dhingra, Vasai-Virar-098400",1977-03-22,2225419631552194,554,3238.0,2026-05-05,POS-Store
TXN000434,CUST0006,Sai Zachariah,avnizachariah@example.com,0872537545,"H.No. 59, Patla Road, Saharanpur 872967",1970-07-09,2297133503154871,464,222.65,2026-02-25,POS-Store
TXN000435,CUST0071,Dhruv Lala,yoshita33@example.com,9340109705,"H.No. 73, Hans Marg, Kulti 209409",1963-01-07,2335808535299703,764,21084.02,2026-06-13,E-Commerce
TXN000436,CUST0145,Patrick Saxena,rzachariah@example.net,7271139188,"H.No. 62, Devan Chowk, Deoghar 628523",1969-04-13,2479174406514241,104,2082.71,2026-06-27,E-Commerce
TXN000437,CUST0156,Isaac Contractor,omkaarpradhan@example.net,6212666222,"92/970, Bedi Nagar, Rajkot 503243",1991-07-03,2531448305992435,4746,2634.53,2026-03-02,POS-Store
TXN000438,CUST0074,Bhavini Anand,chandranbalhaar@example.org,6600725503,"77, Dayal Zila, Pudukkottai 232922",1986-04-20,2453165656110953,814,198.19,2026-05-28,E-Commerce
TXN000439,CUST0156,Isaac Contractor,omkaarpradhan@example.net,6212666222,"92/970, Bedi Nagar, Rajkot 503243",1991-07-03,2269722303390190,012,3635.04,2026-05-04,POS-Store
TXN000440,CUST0057,Neha Sule,maanaspai@example.net,04210122796,"H.No. 39, Warrior Zila, Nellore 279833",1991-03-19,2630056287738450,207,260.65,2026-04-06,E-Commerce
TXN000441,CUST0159,Jasmit Bakshi,bhatyamini@example.com,+917798317531,"79/18, Manda Marg, Serampore-153240",1998-07-04,2253140881897460,666,687.63,2026-05-28,POS-Store
TXN000442,CUST0174,Ridhi Gala,teerthkrishna@example.org,+916020548258,"14/45, Chawla, Muzaffarnagar-030690",1987-08-24,2298917412227110,574,148.8,2026-05-24,E-Commerce
TXN000443,CUST0161,Xalak Trivedi,chavvitalwar@example.org,04796024025,"15/767, Vora Ganj, Tinsukia-159266",1980-03-29,2289447530404525,843,1714.0,2026-08-08,E-Commerce
TXN000444,CUST0161,Xalak Trivedi,chavvitalwar@example.org,04796024025,"15/767, Vora Ganj, Tinsukia-159266",1980-03-29,2703197289568503,200,1952.49,2026-06-27,E-Commerce
TXN000445,CUST0080,Timothy Randhawa,hdevan@example.org,03579734915,"619, Dewan Marg, Bangalore 631518",1977-01-28,2287037749713907,394,280.77,2026-06-17,POS-Store
TXN000446,CUST0009,Upma Dewan,parthbanik@example.com,4420346905,"H.No. 887, Mukhopadhyay Road, Bharatpur-951092",1995-11-08,2563272387346844,476,4421.93,2026-03-15,POS-Store
TXN000447,CUST0034,Isaac Mukherjee,anika06@example.com,+914073249210,"12/829, Varma Circle, Orai 051463",1990-03-17,2243199034552946,908,11752.72,2026-05-07,E-Commerce
TXN000448,CUST0076,Warda Loyal,jsaran@example.org,+919763975853,"H.No. 51, Karnik Circle, Vijayawada 393231",1982-01-08,5409313389275176,939,1819.73,2026-05-29,POS-Store
TXN000449,CUST0107,Eta Swaminathan,jack92@example.com,6319195366,"66, Pradhan Marg, Chittoor-432039",1980-07-22,2720952867933191,647,900.62,2026-08-09,E-Commerce
TXN000450,CUST0052,Gopal Halder,nbaral@example.net,+910676797741,"39, Narayanan Ganj, Kulti 272507",1992-02-07,5346896020839315,506,131.15,2026-03-14,E-Commerce
TXN000451,CUST0139,Tanvi Badami,kshere@example.net,08132962188,"93/648, Bedi Road, Sikar 671868",1979-08-11,2708299414591387,209,75.18,2026-04-16,POS-Store
TXN000452,CUST0136,Zarna Dua,ryan48@example.com,+917660128556,"H.No. 15, Toor Nagar, Sambalpur-063652",1985-08-03,2369609236713938,635,603.31,2026-08-07,POS-Store
TXN000453,CUST0043,Nilima Dara,unadkarni@example.org,04868507284,"25, Das Street, Jalgaon 673784",1990-06-12,2224711571840592,856,4569.79,2026-05-13,POS-Store
TXN000454,CUST0124,Ekanta Sant,saumya73@example.net,+917164913546,"H.No. 80, Kunda Chowk, Durg-904069",2003-07-19,2272220990541931,406,10811.55,2026-08-03,POS-Store
TXN000455,CUST0087,Adya Chakrabarti,dateekani@example.org,6322946418,"24/25, Raghavan Chowk, Gandhidham-301064",1980-02-16,2288607670100727,982,410.33,2026-08-08,E-Commerce
TXN000456,CUST0120,Lohit Kala,zaid37@example.org,04669583880,"H.No. 550, Pai Ganj, Saharanpur 876372",1974-01-11,5341911120815001,872,2071.99,2026-02-22,E-Commerce
TXN000457,CUST0037,Baljiwan Lad,jeremiah48@example.com,+910385821986,"H.No. 71, Nayak Marg, Dindigul-630004",1961-11-24,2708359027707554,796,2637.24,2026-02-17,E-Commerce
TXN000458,CUST0174,Ridhi Gala,teerthkrishna@example.org,+916020548258,"14/45, Chawla, Muzaffarnagar-030690",1987-08-24,5288804062829798,7508,2744.07,2026-07-10,POS-Store
TXN000459,CUST0143,Upadhriti Ratti,qbansal@example.com,+916981260648,"H.No. 686, De Path, Jamnagar 975909",1964-03-17,2292880972252678,928,950.08,2026-03-23,POS-Store
TXN000460,CUST0024,Rudra Handa,irarana@example.net,02446616770,"636, Jani Road, Raipur-693937",1995-12-01,2275162611030224,400,1560.31,2026-06-02,POS-Store
TXN000461,CUST0004,Inaya Kota,pdara@example.net,08372962231,"76, Srinivasan Road, Bareilly-093979",1979-12-21,2706102305521541,051,13286.84,2026-03-12,POS-Store
TXN000462,CUST0138,Saanvi Chandra,pranav65@example.net,+919164224243,"75/523, Bumb Chowk, Jaipur-939707",1963-03-14,2720498277073319,532,18597.74,2026-06-12,E-Commerce
TXN000463,CUST0117,Xalak Gokhale,baghyawatitank@example.com,+912963264634,"H.No. 423, Lad Ganj, Mau 442346",1958-04-17,2222519340979894,108,1089.85,2026-05-13,POS-Store
TXN000464,CUST0173,Jagrati Purohit,muttiaryan@example.com,7044021975,"H.No. 05, Sehgal Ganj, Proddatur 739407",1960-10-26,2705440681689917,8765,564.01,2026-04-20,POS-Store
TXN000465,CUST0150,Vanya Bhakta,epall@example.org,+911424714068,"553, Ahluwalia, Anantapur-312017",2005-05-04,2720916281353500,073,2031.29,2026-03-10,POS-Store
TXN000466,CUST0164,Ojasvi Chaudhary,ekanta46@example.org,03770482067,"H.No. 26, Din Chowk, Jodhpur 203562",1988-05-01,2247031777283122,067,842.35,2026-06-22,POS-Store
TXN000467,CUST0028,Jai Saraf,panchalchasmum@example.com,09596719024,"17/27, More Chowk, Pudukkottai 272929",1977-04-26,2250913222655901,069,13937.21,2026-05-08,E-Commerce
TXN000468,CUST0121,Ishani Agate,shravyadua@example.com,+917822678081,"05/279, Ahuja Marg, Silchar 815845",2003-07-19,2262187594676359,808,308.42,2026-07-04,E-Commerce
TXN000469,CUST0159,Jasmit Bakshi,bhatyamini@example.com,+917798317531,"79/18, Manda Marg, Serampore-153240",1998-07-04,2226287922344699,619,917.67,2026-05-06,POS-Store
TXN000470,CUST0157,Henry Kala,ctailor@example.net,03388376436,"76/62, Dubey Circle, Ulhasnagar 501303",1997-04-21,2265924307056413,383,597.11,2026-05-27,E-Commerce
TXN000471,CUST0166,Gaurika Chakraborty,sathvik30@example.com,04730150514,"33/106, Mandal Street, Ramagundam 898234",1978-08-24,2243189915341477,188,575.91,2026-07-05,E-Commerce
TXN000472,CUST0163,Jalsa Wali,aradhana04@example.com,05267163298,"H.No. 562, Loke Street, Jehanabad-932079",1963-09-30,5416229939981751,869,4318.14,2026-05-29,POS-Store
TXN000473,CUST0180,Tripti Pingle,tdar@example.com,2949642214,"248, Dhingra, Vasai-Virar-098400",1977-03-22,2349375950791857,1305,60.44,2026-07-12,POS-Store
TXN000474,CUST0167,Anusha Bobal,davenathaniel@example.com,08783095844,"H.No. 409, Bhandari Path, Phusro 646458",1977-10-04,2713689570770796,892,904.12,2026-06-28,POS-Store
TXN000475,CUST0030,Ryan Dutt,dubeyekavir@example.com,03506857479,"388, Goda Path, Berhampur 933323",1967-03-04,2294912777848703,7230,15156.43,2026-06-12,E-Commerce
TXN000476,CUST0012,Harini Sodhi,ravalojasvi@example.net,08462637222,"H.No. 05, Mital, Rajkot-175042",1966-05-29,2712858852833827,617,3659.48,2026-04-03,E-Commerce
TXN000477,CUST0078,Shivansh Nagy,joshua26@example.com,06812149397,"07/21, Palan Zila, Malda 577083",1976-12-05,2414167997801074,721,917.78,2026-07-02,POS-Store
TXN000478,CUST0030,Ryan Dutt,dubeyekavir@example.com,03506857479,"388, Goda Path, Berhampur 933323",1967-03-04,2429681296015478,0030,2532.17,2026-05-24,E-Commerce
TXN000479,CUST0061,Logan Sidhu,samakshdivan@example.net,+918374908364,"H.No. 98, Mahal Path, Sagar 878951",1964-05-28,2701459895766786,944,1187.82,2026-04-21,E-Commerce
TXN000480,CUST0100,Chaitanya Gulati,boasedarika@example.com,1428458750,"70/97, De Nagar, Siliguri 989075",1972-05-09,2241474852234337,854,750.39,2026-08-10,POS-Store
TXN000481,CUST0095,Darsh Rout,chokshiqadim@example.net,6833155208,"09/55, Wadhwa Circle, Ludhiana-002438",2002-04-11,2285958303272299,088,622.39,2026-07-06,POS-Store
TXN000482,CUST0151,Om Chand,buchanirudh@example.net,06514747208,"966, Prashad Ganj, Kishanganj 389819",1995-12-18,5542804432607421,318,419.44,2026-04-24,E-Commerce
TXN000483,CUST0107,Eta Swaminathan,jack92@example.com,6319195366,"66, Pradhan Marg, Chittoor-432039",1980-07-22,2720251081095048,687,387.53,2026-06-13,E-Commerce
TXN000484,CUST0126,Sathvik Bala,shora@example.org,01284292279,"46/82, Karan Path, Deoghar-060833",1971-09-18,5581771025348477,264,2188.19,2026-03-18,POS-Store
TXN000485,CUST0072,Sarthak Suresh,zehaanbuch@example.org,05822445060,"45, Ben Circle, Deoghar 389790",1978-07-20,2710790804010190,730,2903.73,2026-04-21,E-Commerce
TXN000486,CUST0177,Shravya Sagar,udantsama@example.net,+918363910174,"09/002, Varty Chowk, Bellary-197098",1979-05-09,2720499800775966,501,4746.38,2026-04-07,POS-Store
TXN000487,CUST0056,Mahika Tiwari,mahika09@example.org,+915775161344,"82, Chanda Chowk, Mehsana-811530",1972-08-04,2377813820431234,300,1859.55,2026-07-04,POS-Store
TXN000488,CUST0114,Chaitaly Viswanathan,sarkarnaveen@example.org,08310384926,"H.No. 744, Sidhu Nagar, Dehri-540494",1997-01-02,2245510714502803,006,298.89,2026-06-22,E-Commerce
TXN000489,CUST0093,Aadi Kant,qrege@example.com,3023935819,"29, Thakkar Nagar, Shimla 380176",1970-05-30,2525647306718594,787,1205.65,2026-04-19,E-Commerce
TXN000490,CUST0176,Yashvi Chana,tarak27@example.org,9417632598,"224, Buch Zila, Medininagar 260443",2004-02-16,2275430073280029,772,3386.77,2026-02-25,POS-Store
TXN000491,CUST0140,Jagrati Srinivas,parmarirya@example.net,+913892977115,"846, Kamdar, Nellore 391168",1965-01-24,2247728905712985,046,4082.88,2026-02-17,POS-Store
TXN000492,CUST0016,Yashica Ghose,urvinayak@example.net,9704566971,"H.No. 993, Goyal Circle, Udupi 699433",1960-05-19,2278497366021243,893,121.31,2026-03-25,POS-Store
TXN000493,CUST0071,Dhruv Lala,yoshita33@example.com,9340109705,"H.No. 73, Hans Marg, Kulti 209409",1963-01-07,2248369984581873,8235,2981.47,2026-05-24,E-Commerce
TXN000494,CUST0032,Yug Thaman,khalsaati@example.org,+913780126147,"688, Hari Path, Firozabad 567299",1992-02-01,2283208466357251,464,2738.87,2026-07-04,POS-Store
TXN000495,CUST0024,Rudra Handa,irarana@example.net,02446616770,"636, Jani Road, Raipur-693937",1995-12-01,5379361508205232,403,827.33,2026-03-14,E-Commerce
TXN000496,CUST0165,Azaan Varughese,shravyamitra@example.com,1551972465,"H.No. 437, Sharma Zila, Kharagpur-526012",1959-11-21,2273873899173419,987,3778.09,2026-04-05,E-Commerce
TXN000497,CUST0013,Rachana Bhat,balveer20@example.com,+917541157451,"52, Dasgupta Street, Sasaram 475131",1977-08-13,2297353688579599,451,610.13,2026-06-04,POS-Store
TXN000498,CUST0063,Siya Sehgal,narayanandarsh@example.com,+913485657051,"H.No. 565, Kothari Nagar, Dharmavaram-742540",2005-12-02,2239723658579970,726,1366.24,2026-06-02,E-Commerce
TXN000499,CUST0145,Patrick Saxena,rzachariah@example.net,7271139188,"H.No. 62, Devan Chowk, Deoghar 628523",1969-04-13,2718208850077692,994,7326.78,2026-07-04,E-Commerce
TXN000500,CUST0018,Ridhi Savant,virajradhakrishnan@example.com,+911173124919,"H.No. 80, Bhatia Ganj, South Dumdum 602888",1995-08-21,2467451193006191,309,12582.65,2026-03-07,E-Commerce
TXN000501,CUST0151,Om Chand,buchanirudh@example.net,06514747208,"966, Prashad Ganj, Kishanganj 389819",1995-12-18,2272624337441673,792,564.26,2026-06-07,E-Commerce
TXN000502,CUST0060,Umang Buch,timothy24@example.org,01103195546,"H.No. 725, Gala Road, Pimpri-Chinchwad 667057",1981-12-14,5348665946899036,053,17448.09,2026-05-09,POS-Store
TXN000503,CUST0038,Girindra Dhillon,saanviswamy@example.net,05201491862,"25/91, Mander Street, Allahabad 336164",1999-03-21,5454143698603691,660,3634.47,2026-05-06,E-Commerce
TXN000504,CUST0071,Dhruv Lala,yoshita33@example.com,9340109705,"H.No. 73, Hans Marg, Kulti 209409",1963-01-07,2564317400212991,320,4395.93,2026-03-18,E-Commerce
TXN000505,CUST0034,Isaac Mukherjee,anika06@example.com,+914073249210,"12/829, Varma Circle, Orai 051463",1990-03-17,2223072616772857,932,514.46,2026-06-03,POS-Store
TXN000506,CUST0045,Jacob Bhatnagar,chadagautami@example.com,9355247230,"H.No. 80, Sur, Giridih-428587",1964-03-29,5426114268806894,851,987.3,2026-05-10,E-Commerce
TXN000507,CUST0170,Chandresh Mohanty,rishi25@example.com,00826613606,"90/25, Kalita Zila, Singrauli 660367",1963-04-14,5302114850396279,995,5671.22,2026-06-03,E-Commerce
TXN000508,CUST0034,Isaac Mukherjee,anika06@example.com,+914073249210,"12/829, Varma Circle, Orai 051463",1990-03-17,5456130234374281,151,4700.07,2026-06-18,E-Commerce
TXN000509,CUST0092,Lakshit Choudhry,ubikasunder@example.org,0001435235,"20/816, Wable Street, Bally-036134",1977-09-04,2265326486296937,558,588.98,2026-06-09,E-Commerce
TXN000510,CUST0151,Om Chand,buchanirudh@example.net,06514747208,"966, Prashad Ganj, Kishanganj 389819",1995-12-18,2238113837404012,835,5578.05,2026-05-07,POS-Store
TXN000511,CUST0005,Jhalak Sabharwal,sathvik78@example.org,01587311589,"06/72, Lad Road, Davanagere-605576",1978-01-10,2720706034743150,950,2189.1,2026-06-05,E-Commerce
TXN000512,CUST0068,Yauvani Chand,zmerchant@example.com,+915193179610,"209, More Zila, Anantapuram 766010",1982-03-21,2253784146669816,881,21508.02,2026-05-14,E-Commerce
TXN000513,CUST0033,Nihal Prabhakar,phora@example.net,05300616156,"51/42, Banerjee Path, Bhubaneswar 359546",1966-09-05,5295830709380177,999,13062.17,2026-04-09,POS-Store
TXN000514,CUST0135,Harinakshi Iyer,sodhibina@example.org,+916892505848,"H.No. 686, Natarajan Ganj, Ahmednagar 425765",1990-07-26,2285345550978416,420,19357.5,2026-08-01,E-Commerce
TXN000515,CUST0017,Abhiram Shanker,warinder43@example.net,+911268402770,"967, Chaudhary Street, Chandrapur 809533",1975-11-03,5565529932283876,069,836.64,2026-06-19,POS-Store
TXN000516,CUST0115,Bimala Gala,zdeo@example.com,06114054452,"82/042, Kota Marg, Bhilwara-195235",1972-03-10,2501618699927330,878,615.86,2026-07-28,POS-Store
TXN000517,CUST0132,Bhavini Randhawa,pushti15@example.org,3788353502,"H.No. 119, Grover Zila, Asansol 506088",2001-11-01,2597446942445818,322,164.42,2026-03-14,E-Commerce
TXN000518,CUST0116,Ucchal Nair,misraanmol@example.net,09428688174,"92/70, Raval Nagar, Mysore-816868",1998-09-15,5301192264729062,825,710.78,2026-07-04,E-Commerce
TXN000519,CUST0158,Zansi Khalsa,kamala99@example.org,07888040151,"29/830, Deshpande Path, Bihar Sharif 809429",2004-06-07,2298094356396093,466,3898.34,2026-07-09,E-Commerce
TXN000520,CUST0169,Eshana Bansal,ishani34@example.net,02193565750,"99, Apte Chowk, Rajpur Sonarpur-830651",1964-05-15,2720118905211566,623,349.21,2026-04-23,POS-Store
TXN000521,CUST0118,Girindra Karnik,sawhneyishaan@example.org,1245267540,"39/74, Ramachandran Street, Kolhapur 757355",1981-08-18,2287206473410812,1036,4162.1,2026-04-03,E-Commerce
TXN000522,CUST0016,Yashica Ghose,urvinayak@example.net,9704566971,"H.No. 993, Goyal Circle, Udupi 699433",1960-05-19,5476010375375592,254,643.97,2026-07-08,POS-Store
TXN000523,CUST0103,Rachita Ravel,osur@example.com,8206940028,"H.No. 048, Sagar Road, Pudukkottai-982337",1992-07-09,2247190032169128,514,15470.06,2026-06-22,POS-Store
TXN000524,CUST0176,Yashvi Chana,tarak27@example.org,9417632598,"224, Buch Zila, Medininagar 260443",2004-02-16,5288743826151034,856,73.16,2026-08-01,E-Commerce
TXN000525,CUST0126,Sathvik Bala,shora@example.org,01284292279,"46/82, Karan Path, Deoghar-060833",1971-09-18,2720110954468270,354,5362.56,2026-07-04,POS-Store
TXN000526,CUST0019,Nikita Master,anigam@example.org,+913847487091,"67/595, Bains Chowk, Aurangabad 368095",1977-10-11,2619992465848841,233,13992.4,2026-08-01,E-Commerce
TXN000527,CUST0083,Hamsini Kara,anvi19@example.com,8002415929,"H.No. 696, Sem Path, Vijayawada-120991",1999-03-02,5134079782760955,428,18579.52,2026-06-20,E-Commerce
TXN000528,CUST0017,Abhiram Shanker,warinder43@example.net,+911268402770,"967, Chaudhary Street, Chandrapur 809533",1975-11-03,2293534247804487,128,10962.75,2026-06-18,E-Commerce
TXN000529,CUST0071,Dhruv Lala,yoshita33@example.com,9340109705,"H.No. 73, Hans Marg, Kulti 209409",1963-01-07,2633089211373232,937,2607.32,2026-05-04,POS-Store
TXN000530,CUST0098,Nirja Doctor,madhav98@example.com,+918141197799,"06, Uppal Path, Asansol-277008",1967-11-02,5372063374153838,340,3509.39,2026-07-07,POS-Store
TXN000531,CUST0117,Xalak Gokhale,baghyawatitank@example.com,+912963264634,"H.No. 423, Lad Ganj, Mau 442346",1958-04-17,5325499550885223,187,21729.43,2026-06-18,POS-Store
TXN000532,CUST0026,Victor Pau,ravalanika@example.net,6985375708,"H.No. 263, Dube Ganj, Gangtok 607216",1982-12-06,2270215809264974,196,2670.65,2026-05-26,E-Commerce
TXN000533,CUST0168,Unni Bhatt,mutticharan@example.net,04300090556,"75/31, Shanker Nagar, Aizawl 830688",1958-08-24,2720141976708203,140,3949.59,2026-04-23,E-Commerce
TXN000534,CUST0111,Yamini Mitter,bhandariyash@example.com,2339208098,"131, Aggarwal Street, Madhyamgram 988534",1988-07-08,2240799715433184,5643,154.84,2026-05-16,POS-Store
TXN000535,CUST0059,Ganga Muni,xtiwari@example.com,7302250344,"H.No. 931, Naidu Marg, Pali-560389",1976-10-18,2704253906860127,436,2148.67,2026-05-29,POS-Store
TXN000536,CUST0087,Adya Chakrabarti,dateekani@example.org,6322946418,"24/25, Raghavan Chowk, Gandhidham-301064",1980-02-16,2543974417576184,966,271.69,2026-05-16,POS-Store
TXN000537,CUST0103,Rachita Ravel,osur@example.com,8206940028,"H.No. 048, Sagar Road, Pudukkottai-982337",1992-07-09,2292574670872271,549,66.96,2026-05-02,POS-Store
TXN000538,CUST0025,Dayamai Ravel,tanmayimane@example.com,+913992959958,"052, Chawla Street, Chandrapur-949558",1988-07-11,2632479252479553,662,12272.72,2026-07-16,POS-Store
TXN000539,CUST0110,Kamala Krishnamurthy,palanalka@example.com,3608937596,"H.No. 53, Chander Nagar, Uluberia 091539",1981-12-09,2274255787369490,0854,3717.91,2026-04-05,POS-Store
TXN000540,CUST0171,Lopa Kurian,ovirk@example.net,04417345455,"87/660, Bhandari Marg, Raurkela Industrial Township 622766",1978-07-16,2716864311064307,603,951.51,2026-02-22,POS-Store
TXN000541,CUST0096,Kevin Dada,valabalveer@example.org,+915725827792,"46/75, Ahluwalia Street, Bettiah 055820",1966-02-26,2231301182305242,213,1357.55,2026-04-25,E-Commerce
TXN000542,CUST0176,Yashvi Chana,tarak27@example.org,9417632598,"224, Buch Zila, Medininagar 260443",2004-02-16,2581461795086880,133,4515.59,2026-03-30,POS-Store
TXN000543,CUST0018,Ridhi Savant,virajradhakrishnan@example.com,+911173124919,"H.No. 80, Bhatia Ganj, South Dumdum 602888",1995-08-21,2269305026480652,609,12946.36,2026-04-07,E-Commerce
TXN000544,CUST0022,Isha Bora,isami@example.net,7979903950,"75, Ben Path, Burhanpur 019054",1958-08-01,2231487942555471,281,1667.97,2026-06-06,E-Commerce
TXN000545,CUST0111,Yamini Mitter,bhandariyash@example.com,2339208098,"131, Aggarwal Street, Madhyamgram 988534",1988-07-08,5450909699701872,529,8939.19,2026-06-26,E-Commerce
TXN000546,CUST0096,Kevin Dada,valabalveer@example.org,+915725827792,"46/75, Ahluwalia Street, Bettiah 055820",1966-02-26,2615430149272579,678,16044.34,2026-06-13,E-Commerce
TXN000547,CUST0143,Upadhriti Ratti,qbansal@example.com,+916981260648,"H.No. 686, De Path, Jamnagar 975909",1964-03-17,2688297826316470,347,3050.24,2026-03-23,E-Commerce
TXN000548,CUST0151,Om Chand,buchanirudh@example.net,06514747208,"966, Prashad Ganj, Kishanganj 389819",1995-12-18,5284382109461507,356,217.53,2026-02-25,POS-Store
TXN000549,CUST0172,Luke Mani,harinisem@example.com,6098767430,"H.No. 871, Chakraborty Marg, Tinsukia-617559",1964-01-18,2274945190821232,541,226.93,2026-06-18,E-Commerce
TXN000550,CUST0106,Chanakya Vohra,chaudryfalan@example.net,00287765846,"01/575, Sheth Marg, Kota 924271",2005-06-21,2246472406553686,757,2400.15,2026-04-01,POS-Store
TXN000551,CUST0171,Lopa Kurian,ovirk@example.net,04417345455,"87/660, Bhandari Marg, Raurkela Industrial Township 622766",1978-07-16,2261840686707927,378,969.68,2026-08-03,POS-Store
TXN000552,CUST0014,Mason Comar,andrewtank@example.org,+913392865349,"H.No. 77, Babu Street, Amritsar-666053",1978-11-15,5178436584358809,9464,20771.86,2026-05-24,POS-Store
TXN000553,CUST0154,Bakhshi Bakshi,bhavya28@example.net,7489273312,"06/38, Rajan Marg, Hubli–Dharwad-782910",1985-12-19,5556057423862405,569,7957.05,2026-02-27,POS-Store
TXN000554,CUST0091,Lajita Sami,krish65@example.com,2581881388,"68, Dyal Road, Surat 879272",1990-06-23,2719822048788231,020,4032.2,2026-05-28,E-Commerce
TXN000555,CUST0148,Niharika Mangal,sandhudarpan@example.com,+917212395088,"H.No. 01, Jani Road, Guwahati-185200",1972-10-24,2497312446594694,955,1615.43,2026-02-25,E-Commerce
TXN000556,CUST0040,Zarna Pandey,puriraagini@example.net,4239185009,"H.No. 04, Sethi Road, Ambala 307405",1991-12-17,2396340065539635,766,8816.27,2026-07-13,POS-Store
TXN000557,CUST0058,Ojasvi Jain,cheemaamara@example.org,7592637377,"271, Shukla Chowk, Dehri 269473",1989-11-15,2705526451771693,797,559.59,2026-06-18,E-Commerce
TXN000558,CUST0090,Simon Srinivasan,nikita82@example.net,+914482437348,"13/806, Gopal Zila, Aligarh 229846",1993-10-31,2685027834070006,398,3319.76,2026-05-01,POS-Store
TXN000559,CUST0030,Ryan Dutt,dubeyekavir@example.com,03506857479,"388, Goda Path, Berhampur 933323",1967-03-04,5246073219315918,567,882.71,2026-04-25,POS-Store
TXN000560,CUST0147,Yashoda Nanda,ddugar@example.net,06047074746,"606, Solanki, Nellore 091292",2000-08-22,5114641867386818,252,172.91,2026-07-31,E-Commerce
TXN000561,CUST0110,Kamala Krishnamurthy,palanalka@example.com,3608937596,"H.No. 53, Chander Nagar, Uluberia 091539",1981-12-09,5119306812216164,418,21246.12,2026-07-05,E-Commerce
TXN000562,CUST0156,Isaac Contractor,omkaarpradhan@example.net,6212666222,"92/970, Bedi Nagar, Rajkot 503243",1991-07-03,2313137511469817,122,18761.96,2026-03-25,POS-Store
TXN000563,CUST0008,Udant Lalla,mmuni@example.com,+915445316486,"H.No. 464, Mohanty Zila, Machilipatnam-241929",1965-10-19,2262855752843173,956,3202.88,2026-04-14,E-Commerce
TXN000564,CUST0070,Lopa Amble,warinder49@example.net,08421025811,"644, Sachdev Marg, Bahraich-443264",1987-02-04,2279052530347112,293,437.62,2026-02-16,POS-Store
TXN000565,CUST0087,Adya Chakrabarti,dateekani@example.org,6322946418,"24/25, Raghavan Chowk, Gandhidham-301064",1980-02-16,5447545480477367,5112,2038.76,2026-04-13,POS-Store
TXN000566,CUST0002,Azad Venkatesh,manbirpau@example.org,+915017000534,"H.No. 11, Sha Marg, Baranagar 783987",1960-03-30,2272378530118931,957,2983.01,2026-03-09,E-Commerce
TXN000567,CUST0037,Baljiwan Lad,jeremiah48@example.com,+910385821986,"H.No. 71, Nayak Marg, Dindigul-630004",1961-11-24,5368789866443891,045,258.95,2026-02-28,POS-Store
TXN000568,CUST0018,Ridhi Savant,virajradhakrishnan@example.com,+911173124919,"H.No. 80, Bhatia Ganj, South Dumdum 602888",1995-08-21,2255715274881318,459,1304.45,2026-06-15,E-Commerce
TXN000569,CUST0163,Jalsa Wali,aradhana04@example.com,05267163298,"H.No. 562, Loke Street, Jehanabad-932079",1963-09-30,2720852411385593,097,13418.0,2026-02-22,E-Commerce
TXN000570,CUST0024,Rudra Handa,irarana@example.net,02446616770,"636, Jani Road, Raipur-693937",1995-12-01,2496808252269769,975,3369.04,2026-05-20,E-Commerce
TXN000571,CUST0097,Aadi Mutti,tbahl@example.com,+913874516144,"192, Sundaram Marg, Katihar 444040",1962-03-24,2241739072438086,464,10913.41,2026-02-27,POS-Store
TXN000572,CUST0117,Xalak Gokhale,baghyawatitank@example.com,+912963264634,"H.No. 423, Lad Ganj, Mau 442346",1958-04-17,2256434194616494,315,3262.36,2026-03-25,POS-Store
TXN000573,CUST0041,Saumya Sharma,boasewarda@example.org,00552258999,"H.No. 531, Saraf Path, Bellary-822942",1965-01-26,5328359972193878,546,883.82,2026-05-16,POS-Store
TXN000574,CUST0080,Timothy Randhawa,hdevan@example.org,03579734915,"619, Dewan Marg, Bangalore 631518",1977-01-28,5481699878211552,526,3633.15,2026-02-17,POS-Store
TXN000575,CUST0146,Unni Balasubramanian,kamdarnicholas@example.org,+912234977459,"H.No. 666, Suresh Zila, Visakhapatnam-195727",1969-07-09,2707369434443165,507,19744.13,2026-04-30,E-Commerce
TXN000576,CUST0014,Mason Comar,andrewtank@example.org,+913392865349,"H.No. 77, Babu Street, Amritsar-666053",1978-11-15,5452063900717067,6328,4347.22,2026-06-02,E-Commerce
TXN000577,CUST0041,Saumya Sharma,boasewarda@example.org,00552258999,"H.No. 531, Saraf Path, Bellary-822942",1965-01-26,2230867227774866,515,3719.88,2026-04-14,E-Commerce
TXN000578,CUST0173,Jagrati Purohit,muttiaryan@example.com,7044021975,"H.No. 05, Sehgal Ganj, Proddatur 739407",1960-10-26,5381867896065331,443,4010.11,2026-06-27,E-Commerce
TXN000579,CUST0070,Lopa Amble,warinder49@example.net,08421025811,"644, Sachdev Marg, Bahraich-443264",1987-02-04,2692600700010420,164,885.95,2026-06-16,POS-Store
TXN000580,CUST0170,Chandresh Mohanty,rishi25@example.com,00826613606,"90/25, Kalita Zila, Singrauli 660367",1963-04-14,2614829784039592,868,5498.17,2026-06-14,POS-Store
TXN000581,CUST0125,Yash Bakshi,gaurav20@example.com,06483162569,"61/69, Bhatia Zila, Bhatpara 918109",1975-11-05,2716796718756459,961,7191.66,2026-06-26,POS-Store
TXN000582,CUST0107,Eta Swaminathan,jack92@example.com,6319195366,"66, Pradhan Marg, Chittoor-432039",1980-07-22,2506638807974227,895,3973.29,2026-04-22,POS-Store
TXN000583,CUST0056,Mahika Tiwari,mahika09@example.org,+915775161344,"82, Chanda Chowk, Mehsana-811530",1972-08-04,2365716173122520,696,826.25,2026-06-06,E-Commerce
TXN000584,CUST0089,Tara Bir,klalla@example.com,+918814190235,"H.No. 05, Peri Marg, Akola-176683",1996-06-08,2278896941394720,157,13627.44,2026-06-14,POS-Store
TXN000585,CUST0029,Vritti Cheema,lavanyakeer@example.org,+913244377820,"74/96, Vaidya Street, Hosur-911579",1988-03-13,2276481350228578,5278,322.4,2026-07-14,POS-Store
TXN000586,CUST0174,Ridhi Gala,teerthkrishna@example.org,+916020548258,"14/45, Chawla, Muzaffarnagar-030690",1987-08-24,2361158661862545,070,4923.76,2026-07-14,POS-Store
TXN000587,CUST0135,Harinakshi Iyer,sodhibina@example.org,+916892505848,"H.No. 686, Natarajan Ganj, Ahmednagar 425765",1990-07-26,5445526950401667,799,2038.95,2026-07-17,POS-Store
TXN000588,CUST0012,Harini Sodhi,ravalojasvi@example.net,08462637222,"H.No. 05, Mital, Rajkot-175042",1966-05-29,2299808256880644,879,3159.4,2026-06-05,E-Commerce
TXN000589,CUST0102,Nimrat Ramakrishnan,iryalala@example.net,+915139316400,"55, Saini, Nashik-371364",1963-09-13,5160635079376925,170,1427.82,2026-06-26,E-Commerce
TXN000590,CUST0002,Azad Venkatesh,manbirpau@example.org,+915017000534,"H.No. 11, Sha Marg, Baranagar 783987",1960-03-30,2250757059287258,171,3164.53,2026-07-08,E-Commerce
TXN000591,CUST0078,Shivansh Nagy,joshua26@example.com,06812149397,"07/21, Palan Zila, Malda 577083",1976-12-05,2709449539898659,617,10812.48,2026-05-20,E-Commerce
TXN000592,CUST0036,Ayushman Dara,siddharth45@example.org,01148944160,"H.No. 121, Saxena Path, Chennai-309608",1981-09-24,2249182866973434,791,4727.18,2026-06-03,POS-Store
TXN000593,CUST0075,Chakrika Mittal,morarmadhavi@example.org,3017732058,"87/478, Ramaswamy Road, Noida 731550",1993-12-28,2719898379252245,292,939.43,2026-03-03,POS-Store
TXN000594,CUST0031,Jhalak Gala,wsami@example.org,01922670320,"H.No. 99, Uppal Nagar, Malegaon 940044",1966-04-28,2233747629535478,785,1271.28,2026-03-16,E-Commerce
TXN000595,CUST0128,Tanmayi Barman,tchander@example.com,+910455887635,"H.No. 34, Ravel Chowk, Mysore 938423",1972-06-29,2567669720694283,2205,722.06,2026-06-09,POS-Store
TXN000596,CUST0045,Jacob Bhatnagar,chadagautami@example.com,9355247230,"H.No. 80, Sur, Giridih-428587",1964-03-29,2252747171025684,997,602.48,2026-08-03,E-Commerce
TXN000597,CUST0098,Nirja Doctor,madhav98@example.com,+918141197799,"06, Uppal Path, Asansol-277008",1967-11-02,5486783919032444,467,3483.04,2026-07-31,E-Commerce
TXN000598,CUST0129,Dayamai Manne,boraomkaar@example.com,+914061447024,"133, Buch Road, Gwalior 406716",2005-07-31,5367896592038134,997,877.09,2026-05-30,POS-Store
TXN000599,CUST0019,Nikita Master,anigam@example.org,+913847487091,"67/595, Bains Chowk, Aurangabad 368095",1977-10-11,2661946714543865,728,21470.95,2026-06-04,POS-Store
TXN000600,CUST0011,Ranbir Modi,kashvi57@example.com,+913750310686,"H.No. 75, Virk Ganj, Kulti-991563",1960-09-03,5197204224944546,637,1520.21,2026-05-30,POS-Store
TXN000601,CUST0005,Jhalak Sabharwal,sathvik78@example.org,01587311589,"06/72, Lad Road, Davanagere-605576",1978-01-10,2708567529971433,2012,1098.32,2026-02-13,POS-Store
TXN000602,CUST0020,Logan Grewal,brahmbhattnisha@example.org,06987176478,"H.No. 637, Luthra, Berhampur 430242",1998-04-20,2535895796822685,436,357.11,2026-04-06,POS-Store
TXN000603,CUST0148,Niharika Mangal,sandhudarpan@example.com,+917212395088,"H.No. 01, Jani Road, Guwahati-185200",1972-10-24,2285116078507700,376,4080.86,2026-06-15,POS-Store
TXN000604,CUST0147,Yashoda Nanda,ddugar@example.net,06047074746,"606, Solanki, Nellore 091292",2000-08-22,2298230378663249,973,2783.16,2026-03-17,POS-Store
TXN000605,CUST0164,Ojasvi Chaudhary,ekanta46@example.org,03770482067,"H.No. 26, Din Chowk, Jodhpur 203562",1988-05-01,2486449327203608,9926,996.27,2026-05-17,POS-Store
TXN000606,CUST0075,Chakrika Mittal,morarmadhavi@example.org,3017732058,"87/478, Ramaswamy Road, Noida 731550",1993-12-28,2357869276714725,4223,2805.1,2026-05-08,E-Commerce
TXN000607,CUST0104,Alexander Rege,amrita25@example.com,4584929505,"H.No. 412, Sankar Street, Anantapur-432245",1992-03-27,2296700679511117,843,804.27,2026-07-29,E-Commerce
TXN000608,CUST0084,Nitara Vig,lallajai@example.org,+913049331522,"H.No. 469, Subramanian Chowk, Barasat-097640",1970-10-26,2240736388185287,8526,1882.86,2026-07-31,E-Commerce
TXN000609,CUST0159,Jasmit Bakshi,bhatyamini@example.com,+917798317531,"79/18, Manda Marg, Serampore-153240",1998-07-04,2720140741009236,341,695.79,2026-05-31,POS-Store
TXN000610,CUST0177,Shravya Sagar,udantsama@example.net,+918363910174,"09/002, Varty Chowk, Bellary-197098",1979-05-09,2233527306543080,003,2092.76,2026-03-17,POS-Store
TXN000611,CUST0023,Raksha Ahluwalia,hiral98@example.net,08274422926,"354, Khare Marg, Jalgaon-947585",1972-04-28,2715271652873265,917,7568.83,2026-05-17,POS-Store
TXN000612,CUST0028,Jai Saraf,panchalchasmum@example.com,09596719024,"17/27, More Chowk, Pudukkottai 272929",1977-04-26,2701883613983490,906,4773.52,2026-06-25,E-Commerce
TXN000613,CUST0112,Jai Nanda,ekbal93@example.com,+919781223351,"H.No. 94, Nadig Street, Katni 557238",1968-01-04,2448445258683039,239,3553.47,2026-02-19,POS-Store
TXN000614,CUST0135,Harinakshi Iyer,sodhibina@example.org,+916892505848,"H.No. 686, Natarajan Ganj, Ahmednagar 425765",1990-07-26,2226369025457659,479,2096.59,2026-03-15,E-Commerce
TXN000615,CUST0102,Nimrat Ramakrishnan,iryalala@example.net,+915139316400,"55, Saini, Nashik-371364",1963-09-13,2714648201387551,457,11959.27,2026-03-21,POS-Store
TXN000616,CUST0087,Adya Chakrabarti,dateekani@example.org,6322946418,"24/25, Raghavan Chowk, Gandhidham-301064",1980-02-16,2720961712649365,145,8910.0,2026-02-13,E-Commerce
TXN000617,CUST0086,Zinal Modi,maya71@example.com,09373066001,"83, Chada Marg, Gulbarga-850949",1970-07-12,2244212657299072,390,79.55,2026-05-28,E-Commerce
TXN000618,CUST0020,Logan Grewal,brahmbhattnisha@example.org,06987176478,"H.No. 637, Luthra, Berhampur 430242",1998-04-20,5334849757683897,259,2473.74,2026-07-14,E-Commerce
TXN000619,CUST0136,Zarna Dua,ryan48@example.com,+917660128556,"H.No. 15, Toor Nagar, Sambalpur-063652",1985-08-03,2703623406270244,518,13045.1,2026-05-07,E-Commerce
TXN000620,CUST0090,Simon Srinivasan,nikita82@example.net,+914482437348,"13/806, Gopal Zila, Aligarh 229846",1993-10-31,2276536218988281,325,8154.75,2026-06-15,POS-Store
TXN000621,CUST0166,Gaurika Chakraborty,sathvik30@example.com,04730150514,"33/106, Mandal Street, Ramagundam 898234",1978-08-24,2709584926893937,516,18202.37,2026-05-18,E-Commerce
TXN000622,CUST0061,Logan Sidhu,samakshdivan@example.net,+918374908364,"H.No. 98, Mahal Path, Sagar 878951",1964-05-28,5259987481005671,233,4378.29,2026-05-23,E-Commerce
TXN000623,CUST0038,Girindra Dhillon,saanviswamy@example.net,05201491862,"25/91, Mander Street, Allahabad 336164",1999-03-21,2590666891882607,2312,3504.26,2026-05-03,POS-Store
TXN000624,CUST0051,Meghana Dani,azad54@example.net,7170955381,"H.No. 332, Tara, Karaikudi 769071",1967-01-23,2249422784428016,173,80.87,2026-03-27,E-Commerce
TXN000625,CUST0155,Lavanya Grewal,fradosinha@example.net,04324726049,"95, Nadig Street, Sangli-Miraj & Kupwad 316176",1993-10-18,2266675928590946,255,15483.44,2026-05-25,E-Commerce
TXN000626,CUST0168,Unni Bhatt,mutticharan@example.net,04300090556,"75/31, Shanker Nagar, Aizawl 830688",1958-08-24,2320741353393729,060,2925.61,2026-05-31,E-Commerce
TXN000627,CUST0046,Mekhala Atwal,esarraf@example.org,+919394551606,"16/067, Srinivasan, Nagpur 718357",1962-02-10,5377559649861472,673,168.8,2026-06-17,POS-Store
TXN000628,CUST0119,Nikita Tailor,warhi98@example.net,08118992226,"12/24, Kannan Road, Jammu-224630",2002-11-29,2222057961377197,3684,2720.79,2026-07-11,POS-Store
TXN000629,CUST0175,Samaksh Palan,teerthlanka@example.com,4257548247,"H.No. 362, Brahmbhatt Chowk, Jorhat 857049",1964-05-10,2286076534050415,768,516.52,2026-03-05,POS-Store
TXN000630,CUST0161,Xalak Trivedi,chavvitalwar@example.org,04796024025,"15/767, Vora Ganj, Tinsukia-159266",1980-03-29,2270829300022986,038,602.29,2026-07-09,POS-Store
TXN000631,CUST0039,Anirudh Kibe,mohantylogan@example.com,+912762642514,"H.No. 36, Nigam Ganj, Etawah-571776",1969-03-14,2251066870174813,718,806.88,2026-04-08,POS-Store
TXN000632,CUST0018,Ridhi Savant,virajradhakrishnan@example.com,+911173124919,"H.No. 80, Bhatia Ganj, South Dumdum 602888",1995-08-21,2297449376945140,780,482.0,2026-03-08,POS-Store
TXN000633,CUST0114,Chaitaly Viswanathan,sarkarnaveen@example.org,08310384926,"H.No. 744, Sidhu Nagar, Dehri-540494",1997-01-02,2700876863392140,3250,118.75,2026-07-10,POS-Store
TXN000634,CUST0071,Dhruv Lala,yoshita33@example.com,9340109705,"H.No. 73, Hans Marg, Kulti 209409",1963-01-07,2284410932050374,811,2919.28,2026-03-20,E-Commerce
TXN000635,CUST0091,Lajita Sami,krish65@example.com,2581881388,"68, Dyal Road, Surat 879272",1990-06-23,5202708690759629,148,2166.36,2026-02-13,E-Commerce
TXN000636,CUST0080,Timothy Randhawa,hdevan@example.org,03579734915,"619, Dewan Marg, Bangalore 631518",1977-01-28,2257999874544272,235,4439.63,2026-05-13,POS-Store
TXN000637,CUST0116,Ucchal Nair,misraanmol@example.net,09428688174,"92/70, Raval Nagar, Mysore-816868",1998-09-15,2267311969175681,5606,1158.44,2026-07-03,E-Commerce
TXN000638,CUST0015,Vaishnavi Uppal,kalpitjha@example.net,8564803084,"07/03, Brar Nagar, Jamalpur-448666",2003-05-04,2241101799567871,278,1419.62,2026-03-16,POS-Store
TXN000639,CUST0074,Bhavini Anand,chandranbalhaar@example.org,6600725503,"77, Dayal Zila, Pudukkottai 232922",1986-04-20,2240144390076836,043,986.34,2026-02-13,E-Commerce
TXN000640,CUST0166,Gaurika Chakraborty,sathvik30@example.com,04730150514,"33/106, Mandal Street, Ramagundam 898234",1978-08-24,5180893806902887,938,523.44,2026-07-06,E-Commerce
TXN000641,CUST0158,Zansi Khalsa,kamala99@example.org,07888040151,"29/830, Deshpande Path, Bihar Sharif 809429",2004-06-07,5181483797925409,879,3809.16,2026-04-13,POS-Store
TXN000642,CUST0119,Nikita Tailor,warhi98@example.net,08118992226,"12/24, Kannan Road, Jammu-224630",2002-11-29,2223474700235892,786,1039.07,2026-06-10,E-Commerce
TXN000643,CUST0116,Ucchal Nair,misraanmol@example.net,09428688174,"92/70, Raval Nagar, Mysore-816868",1998-09-15,5520758468617835,897,541.31,2026-06-19,E-Commerce
TXN000644,CUST0083,Hamsini Kara,anvi19@example.com,8002415929,"H.No. 696, Sem Path, Vijayawada-120991",1999-03-02,2653200608601177,342,382.74,2026-06-16,POS-Store
TXN000645,CUST0129,Dayamai Manne,boraomkaar@example.com,+914061447024,"133, Buch Road, Gwalior 406716",2005-07-31,2700648530825798,621,124.57,2026-07-11,E-Commerce
TXN000646,CUST0016,Yashica Ghose,urvinayak@example.net,9704566971,"H.No. 993, Goyal Circle, Udupi 699433",1960-05-19,2222339749612776,217,1530.73,2026-03-06,POS-Store
TXN000647,CUST0027,Akshay Uppal,ronith40@example.com,+913914529489,"79, Thakkar Ganj, Jorhat-336852",1971-12-13,2424573888627866,499,3757.17,2026-06-06,POS-Store
TXN000648,CUST0022,Isha Bora,isami@example.net,7979903950,"75, Ben Path, Burhanpur 019054",1958-08-01,2228948011438787,512,1800.4,2026-07-28,E-Commerce
TXN000649,CUST0011,Ranbir Modi,kashvi57@example.com,+913750310686,"H.No. 75, Virk Ganj, Kulti-991563",1960-09-03,2715092156466335,987,149.23,2026-05-20,E-Commerce
TXN000650,CUST0113,Divya Chaudhry,advikchander@example.com,+915146793963,"20/12, Sridhar Chowk, Durgapur 535695",1984-05-01,2711063130165214,079,3825.2,2026-04-29,POS-Store
TXN000651,CUST0135,Harinakshi Iyer,sodhibina@example.org,+916892505848,"H.No. 686, Natarajan Ganj, Ahmednagar 425765",1990-07-26,2296833843028880,551,938.47,2026-04-04,E-Commerce
TXN000652,CUST0094,Urishilla Sami,ektaperi@example.org,+914459496015,"371, Chana, Chapra 283951",2003-09-18,5183657527084318,920,563.69,2026-07-22,POS-Store
TXN000653,CUST0073,Ekta Mitra,anushamitra@example.com,07400080896,"65/285, Pathak Nagar, Mangalore 300710",1960-11-17,2282777616989883,152,4483.01,2026-02-27,POS-Store
TXN000654,CUST0105,Suhani Kapur,kamdarsara@example.org,08992022637,"43, Warrior Path, Khammam 104974",1999-12-29,2280388778700571,466,4206.11,2026-03-15,POS-Store
TXN000655,CUST0174,Ridhi Gala,teerthkrishna@example.org,+916020548258,"14/45, Chawla, Muzaffarnagar-030690",1987-08-24,2347364021003601,398,4258.49,2026-03-17,E-Commerce
TXN000656,CUST0162,Onveer Misra,mgarde@example.org,07568123914,"05/401, Kulkarni Street, Jamnagar 538665",1978-02-27,2717382786944696,561,899.18,2026-05-19,POS-Store
TXN000657,CUST0017,Abhiram Shanker,warinder43@example.net,+911268402770,"967, Chaudhary Street, Chandrapur 809533",1975-11-03,2700733032752136,321,4268.37,2026-02-13,POS-Store
TXN000658,CUST0025,Dayamai Ravel,tanmayimane@example.com,+913992959958,"052, Chawla Street, Chandrapur-949558",1988-07-11,2695032177871240,517,3573.67,2026-05-22,POS-Store
TXN000659,CUST0073,Ekta Mitra,anushamitra@example.com,07400080896,"65/285, Pathak Nagar, Mangalore 300710",1960-11-17,2456430146158724,3280,3925.63,2026-06-20,POS-Store
TXN000660,CUST0169,Eshana Bansal,ishani34@example.net,02193565750,"99, Apte Chowk, Rajpur Sonarpur-830651",1964-05-15,2236529065713216,770,107.27,2026-03-25,E-Commerce
TXN000661,CUST0086,Zinal Modi,maya71@example.com,09373066001,"83, Chada Marg, Gulbarga-850949",1970-07-12,2293565702524772,242,201.41,2026-08-09,E-Commerce
TXN000662,CUST0150,Vanya Bhakta,epall@example.org,+911424714068,"553, Ahluwalia, Anantapur-312017",2005-05-04,2287956926789796,756,8727.42,2026-08-07,E-Commerce
TXN000663,CUST0090,Simon Srinivasan,nikita82@example.net,+914482437348,"13/806, Gopal Zila, Aligarh 229846",1993-10-31,2549489214061904,190,10727.89,2026-06-01,POS-Store
TXN000664,CUST0168,Unni Bhatt,mutticharan@example.net,04300090556,"75/31, Shanker Nagar, Aizawl 830688",1958-08-24,2701020471827903,553,799.42,2026-02-24,POS-Store
TXN000665,CUST0034,Isaac Mukherjee,anika06@example.com,+914073249210,"12/829, Varma Circle, Orai 051463",1990-03-17,2230348812253855,211,2992.28,2026-04-14,E-Commerce
TXN000666,CUST0080,Timothy Randhawa,hdevan@example.org,03579734915,"619, Dewan Marg, Bangalore 631518",1977-01-28,2515474208837287,511,3876.09,2026-05-14,POS-Store
TXN000667,CUST0165,Azaan Varughese,shravyamitra@example.com,1551972465,"H.No. 437, Sharma Zila, Kharagpur-526012",1959-11-21,2265050130216477,100,995.52,2026-04-09,POS-Store
TXN000668,CUST0033,Nihal Prabhakar,phora@example.net,05300616156,"51/42, Banerjee Path, Bhubaneswar 359546",1966-09-05,5183055559339363,785,16055.89,2026-07-24,E-Commerce
TXN000669,CUST0166,Gaurika Chakraborty,sathvik30@example.com,04730150514,"33/106, Mandal Street, Ramagundam 898234",1978-08-24,2636061921209771,031,695.54,2026-07-28,POS-Store
TXN000670,CUST0131,Upma Karnik,manderturvi@example.org,00628008475,"365, Johal Circle, Anantapur 654548",1987-01-30,2278654725828375,231,79.09,2026-06-19,POS-Store
TXN000671,CUST0005,Jhalak Sabharwal,sathvik78@example.org,01587311589,"06/72, Lad Road, Davanagere-605576",1978-01-10,2702872337674013,196,489.03,2026-07-22,POS-Store
TXN000672,CUST0080,Timothy Randhawa,hdevan@example.org,03579734915,"619, Dewan Marg, Bangalore 631518",1977-01-28,2261122864514478,386,17362.15,2026-04-17,E-Commerce
TXN000673,CUST0055,Wazir Kant,basakyauvani@example.org,9053368317,"H.No. 54, Ganesan Circle, Junagadh 221312",1990-09-24,2282866171687048,076,2701.55,2026-02-26,POS-Store
TXN000674,CUST0125,Yash Bakshi,gaurav20@example.com,06483162569,"61/69, Bhatia Zila, Bhatpara 918109",1975-11-05,2264679920027818,703,2483.78,2026-08-02,E-Commerce
TXN000675,CUST0058,Ojasvi Jain,cheemaamara@example.org,7592637377,"271, Shukla Chowk, Dehri 269473",1989-11-15,2371042964139983,616,5682.82,2026-04-09,E-Commerce
TXN000676,CUST0040,Zarna Pandey,puriraagini@example.net,4239185009,"H.No. 04, Sethi Road, Ambala 307405",1991-12-17,2720039031211660,316,14837.9,2026-03-06,E-Commerce
TXN000677,CUST0076,Warda Loyal,jsaran@example.org,+919763975853,"H.No. 51, Karnik Circle, Vijayawada 393231",1982-01-08,2290442163369308,087,3900.31,2026-03-26,E-Commerce
TXN000678,CUST0130,Samuel Bath,desainathaniel@example.org,9818472762,"H.No. 405, Borde Nagar, Ichalkaranji 097568",1958-01-19,2299738497696162,560,4492.82,2026-05-20,E-Commerce
TXN000679,CUST0170,Chandresh Mohanty,rishi25@example.com,00826613606,"90/25, Kalita Zila, Singrauli 660367",1963-04-14,5394399125651421,839,12169.83,2026-08-04,POS-Store
TXN000680,CUST0159,Jasmit Bakshi,bhatyamini@example.com,+917798317531,"79/18, Manda Marg, Serampore-153240",1998-07-04,2293132093666702,744,612.14,2026-07-16,E-Commerce
TXN000681,CUST0153,Jairaj Ramanathan,harrison29@example.org,07686617991,"H.No. 720, Ben Zila, Ballia 984360",1976-01-18,2227233509037123,370,8582.05,2026-04-20,POS-Store
TXN000682,CUST0040,Zarna Pandey,puriraagini@example.net,4239185009,"H.No. 04, Sethi Road, Ambala 307405",1991-12-17,2298946826900954,935,3525.61,2026-03-21,E-Commerce
TXN000683,CUST0047,Zilmil Kuruvilla,uvenkataraman@example.net,+913071233063,"H.No. 96, Shankar Street, Jabalpur-490517",1978-06-12,2507498194138988,952,1526.14,2026-08-01,E-Commerce
TXN000684,CUST0113,Divya Chaudhry,advikchander@example.com,+915146793963,"20/12, Sridhar Chowk, Durgapur 535695",1984-05-01,5380733991108890,513,4635.22,2026-05-27,E-Commerce
TXN000685,CUST0106,Chanakya Vohra,chaudryfalan@example.net,00287765846,"01/575, Sheth Marg, Kota 924271",2005-06-21,5354552985999813,822,275.43,2026-05-27,POS-Store
TXN000686,CUST0174,Ridhi Gala,teerthkrishna@example.org,+916020548258,"14/45, Chawla, Muzaffarnagar-030690",1987-08-24,2235989910680559,720,8077.43,2026-02-18,E-Commerce
TXN000687,CUST0114,Chaitaly Viswanathan,sarkarnaveen@example.org,08310384926,"H.No. 744, Sidhu Nagar, Dehri-540494",1997-01-02,5578797323997124,297,13369.23,2026-02-28,POS-Store
TXN000688,CUST0115,Bimala Gala,zdeo@example.com,06114054452,"82/042, Kota Marg, Bhilwara-195235",1972-03-10,5387658217272357,227,876.34,2026-04-28,E-Commerce
TXN000689,CUST0137,Nathaniel Rau,simon30@example.com,+912506647898,"32/93, Ben, Amroha-245447",1979-06-26,2720041248158023,356,3058.75,2026-06-26,E-Commerce
TXN000690,CUST0080,Timothy Randhawa,hdevan@example.org,03579734915,"619, Dewan Marg, Bangalore 631518",1977-01-28,2700986680045209,092,3371.21,2026-06-23,POS-Store
TXN000691,CUST0050,Odika Brahmbhatt,praneelzacharia@example.net,+918864756220,"00/91, Pau Circle, Asansol-673988",1978-11-20,2250287959756665,657,421.14,2026-05-08,POS-Store
TXN000692,CUST0174,Ridhi Gala,teerthkrishna@example.org,+916020548258,"14/45, Chawla, Muzaffarnagar-030690",1987-08-24,2604265017709051,278,9389.01,2026-04-08,POS-Store
TXN000693,CUST0119,Nikita Tailor,warhi98@example.net,08118992226,"12/24, Kannan Road, Jammu-224630",2002-11-29,5444668064497891,089,2300.44,2026-03-08,POS-Store
TXN000694,CUST0098,Nirja Doctor,madhav98@example.com,+918141197799,"06, Uppal Path, Asansol-277008",1967-11-02,2222344338874167,682,1523.36,2026-05-08,POS-Store
TXN000695,CUST0042,Omya Grover,abhimanyu84@example.org,4734288665,"81, Ratta Zila, Tadipatri-448557",1984-04-20,2454631340670701,830,12714.97,2026-04-30,E-Commerce
TXN000696,CUST0155,Lavanya Grewal,fradosinha@example.net,04324726049,"95, Nadig Street, Sangli-Miraj & Kupwad 316176",1993-10-18,5374011955777291,573,119.75,2026-03-04,E-Commerce
TXN000697,CUST0065,Warjas Sarkar,trau@example.org,8971303403,"81, Dash Marg, Jalna 615968",1972-08-29,2445711430286188,084,543.27,2026-04-06,E-Commerce
TXN000698,CUST0165,Azaan Varughese,shravyamitra@example.com,1551972465,"H.No. 437, Sharma Zila, Kharagpur-526012",1959-11-21,5371697861901745,8807,4314.7,2026-06-26,POS-Store
TXN000699,CUST0096,Kevin Dada,valabalveer@example.org,+915725827792,"46/75, Ahluwalia Street, Bettiah 055820",1966-02-26,5102470014275599,523,1994.61,2026-03-26,E-Commerce
TXN000700,CUST0133,Janya Rege,ypalla@example.net,+914445120610,"64, Raju Zila, Rewa 164474",1959-10-01,2249755803782628,450,3826.4,2026-02-24,E-Commerce
TXN000701,CUST0073,Ekta Mitra,anushamitra@example.com,07400080896,"65/285, Pathak Nagar, Mangalore 300710",1960-11-17,2506678231170240,194,209.07,2026-06-11,E-Commerce
TXN000702,CUST0042,Omya Grover,abhimanyu84@example.org,4734288665,"81, Ratta Zila, Tadipatri-448557",1984-04-20,2288639065950804,739,748.85,2026-04-09,POS-Store
TXN000703,CUST0116,Ucchal Nair,misraanmol@example.net,09428688174,"92/70, Raval Nagar, Mysore-816868",1998-09-15,2275465593555286,729,2898.05,2026-05-04,E-Commerce
TXN000704,CUST0112,Jai Nanda,ekbal93@example.com,+919781223351,"H.No. 94, Nadig Street, Katni 557238",1968-01-04,2482209070680541,439,18696.59,2026-03-05,E-Commerce
TXN000705,CUST0057,Neha Sule,maanaspai@example.net,04210122796,"H.No. 39, Warrior Zila, Nellore 279833",1991-03-19,2643305887229260,286,4472.22,2026-07-22,POS-Store
TXN000706,CUST0090,Simon Srinivasan,nikita82@example.net,+914482437348,"13/806, Gopal Zila, Aligarh 229846",1993-10-31,2374995073626819,979,156.21,2026-07-14,E-Commerce
TXN000707,CUST0107,Eta Swaminathan,jack92@example.com,6319195366,"66, Pradhan Marg, Chittoor-432039",1980-07-22,2262044161898728,650,104.18,2026-06-02,E-Commerce
TXN000708,CUST0102,Nimrat Ramakrishnan,iryalala@example.net,+915139316400,"55, Saini, Nashik-371364",1963-09-13,5216606898689149,549,4745.49,2026-07-08,POS-Store
TXN000709,CUST0061,Logan Sidhu,samakshdivan@example.net,+918374908364,"H.No. 98, Mahal Path, Sagar 878951",1964-05-28,2574453880585149,509,165.88,2026-04-21,POS-Store
TXN000710,CUST0021,Tanveer Tailor,ubiswas@example.org,3692754548,"H.No. 015, Mody Street, Anantapuram 489895",1982-12-16,5114386458535130,180,4734.57,2026-05-18,POS-Store
TXN000711,CUST0058,Ojasvi Jain,cheemaamara@example.org,7592637377,"271, Shukla Chowk, Dehri 269473",1989-11-15,2720282537914748,050,531.37,2026-07-03,E-Commerce
TXN000712,CUST0082,Urishilla Batta,girikbuch@example.net,+917795907625,"49/41, Parmar Marg, Berhampore 301474",1993-06-30,2714508084778781,3314,190.78,2026-07-26,E-Commerce
TXN000713,CUST0167,Anusha Bobal,davenathaniel@example.com,08783095844,"H.No. 409, Bhandari Path, Phusro 646458",1977-10-04,2267373450606467,050,21407.05,2026-04-22,POS-Store
TXN000714,CUST0038,Girindra Dhillon,saanviswamy@example.net,05201491862,"25/91, Mander Street, Allahabad 336164",1999-03-21,2604317524649054,453,953.27,2026-07-09,E-Commerce
TXN000715,CUST0010,Joshua Brar,pallakamala@example.org,09754295521,"041, Chawla Zila, Noida-449007",1960-11-07,5396181811133551,748,4470.81,2026-06-14,POS-Store
TXN000716,CUST0121,Ishani Agate,shravyadua@example.com,+917822678081,"05/279, Ahuja Marg, Silchar 815845",2003-07-19,2704782165244458,038,3061.87,2026-04-30,E-Commerce
TXN000717,CUST0121,Ishani Agate,shravyadua@example.com,+917822678081,"05/279, Ahuja Marg, Silchar 815845",2003-07-19,2249801882160391,514,3666.79,2026-02-27,POS-Store
TXN000718,CUST0158,Zansi Khalsa,kamala99@example.org,07888040151,"29/830, Deshpande Path, Bihar Sharif 809429",2004-06-07,2240167248596127,660,78.44,2026-05-14,E-Commerce
TXN000719,CUST0021,Tanveer Tailor,ubiswas@example.org,3692754548,"H.No. 015, Mody Street, Anantapuram 489895",1982-12-16,5495857975116033,5766,718.74,2026-03-02,E-Commerce
TXN000720,CUST0066,Lajita Khosla,jason36@example.org,04999680837,"11, Chana Road, Nanded-693249",1999-06-22,5483122739220678,070,689.09,2026-07-01,E-Commerce
TXN000721,CUST0039,Anirudh Kibe,mohantylogan@example.com,+912762642514,"H.No. 36, Nigam Ganj, Etawah-571776",1969-03-14,2715383298218522,784,6597.22,2026-04-18,POS-Store
TXN000722,CUST0029,Vritti Cheema,lavanyakeer@example.org,+913244377820,"74/96, Vaidya Street, Hosur-911579",1988-03-13,2720127215144086,942,2774.56,2026-02-25,POS-Store
TXN000723,CUST0061,Logan Sidhu,samakshdivan@example.net,+918374908364,"H.No. 98, Mahal Path, Sagar 878951",1964-05-28,2301887752145336,615,8012.37,2026-06-26,POS-Store
TXN000724,CUST0032,Yug Thaman,khalsaati@example.org,+913780126147,"688, Hari Path, Firozabad 567299",1992-02-01,5341335104870446,656,4351.62,2026-07-27,E-Commerce
TXN000725,CUST0062,Patrick Wali,priya39@example.net,03674335304,"H.No. 097, Sawhney Marg, Amaravati-644395",1973-05-09,2720901377559509,052,16615.53,2026-04-10,POS-Store
TXN000726,CUST0164,Ojasvi Chaudhary,ekanta46@example.org,03770482067,"H.No. 26, Din Chowk, Jodhpur 203562",1988-05-01,2242376428555989,817,3470.77,2026-06-18,POS-Store
TXN000727,CUST0017,Abhiram Shanker,warinder43@example.net,+911268402770,"967, Chaudhary Street, Chandrapur 809533",1975-11-03,2274494665567533,971,14700.8,2026-05-24,E-Commerce
TXN000728,CUST0128,Tanmayi Barman,tchander@example.com,+910455887635,"H.No. 34, Ravel Chowk, Mysore 938423",1972-06-29,2292569418592991,735,933.47,2026-05-09,E-Commerce
TXN000729,CUST0162,Onveer Misra,mgarde@example.org,07568123914,"05/401, Kulkarni Street, Jamnagar 538665",1978-02-27,2668706517765922,4145,3705.38,2026-06-11,E-Commerce
TXN000730,CUST0037,Baljiwan Lad,jeremiah48@example.com,+910385821986,"H.No. 71, Nayak Marg, Dindigul-630004",1961-11-24,5283602457071157,990,675.28,2026-07-11,POS-Store
TXN000731,CUST0110,Kamala Krishnamurthy,palanalka@example.com,3608937596,"H.No. 53, Chander Nagar, Uluberia 091539",1981-12-09,2287830845660166,062,3604.28,2026-03-20,E-Commerce
TXN000732,CUST0158,Zansi Khalsa,kamala99@example.org,07888040151,"29/830, Deshpande Path, Bihar Sharif 809429",2004-06-07,2384560002315930,294,674.3,2026-03-08,POS-Store
TXN000733,CUST0062,Patrick Wali,priya39@example.net,03674335304,"H.No. 097, Sawhney Marg, Amaravati-644395",1973-05-09,2232307138105916,862,5820.56,2026-07-14,POS-Store
TXN000734,CUST0048,Ishanvi Kunda,akshay36@example.org,06961535839,"75/316, Krishnan Chowk, Cuttack-606189",1983-12-18,2720101584867619,073,11918.03,2026-03-03,E-Commerce
TXN000735,CUST0135,Harinakshi Iyer,sodhibina@example.org,+916892505848,"H.No. 686, Natarajan Ganj, Ahmednagar 425765",1990-07-26,2292824616465429,412,18300.77,2026-05-28,POS-Store
TXN000736,CUST0018,Ridhi Savant,virajradhakrishnan@example.com,+911173124919,"H.No. 80, Bhatia Ganj, South Dumdum 602888",1995-08-21,2233124149906805,580,3953.06,2026-03-04,E-Commerce
TXN000737,CUST0100,Chaitanya Gulati,boasedarika@example.com,1428458750,"70/97, De Nagar, Siliguri 989075",1972-05-09,2474947999685394,277,11870.98,2026-04-28,POS-Store
TXN000738,CUST0012,Harini Sodhi,ravalojasvi@example.net,08462637222,"H.No. 05, Mital, Rajkot-175042",1966-05-29,2719123441845144,556,683.55,2026-04-03,POS-Store
TXN000739,CUST0096,Kevin Dada,valabalveer@example.org,+915725827792,"46/75, Ahluwalia Street, Bettiah 055820",1966-02-26,5414109837455904,946,4048.38,2026-07-13,POS-Store
TXN000740,CUST0005,Jhalak Sabharwal,sathvik78@example.org,01587311589,"06/72, Lad Road, Davanagere-605576",1978-01-10,2257234145918174,657,2741.9,2026-06-29,POS-Store
TXN000741,CUST0018,Ridhi Savant,virajradhakrishnan@example.com,+911173124919,"H.No. 80, Bhatia Ganj, South Dumdum 602888",1995-08-21,5515883801895141,609,7044.43,2026-07-07,POS-Store
TXN000742,CUST0062,Patrick Wali,priya39@example.net,03674335304,"H.No. 097, Sawhney Marg, Amaravati-644395",1973-05-09,2708669855840453,408,1023.03,2026-04-07,E-Commerce
TXN000743,CUST0149,Udyati Kohli,zaitrarao@example.net,4558774315,"H.No. 698, Minhas Path, Tinsukia 740228",1981-10-12,5598321847051536,710,397.77,2026-04-06,POS-Store
TXN000744,CUST0035,Pahal Basak,balanodika@example.org,4947889608,"23/919, Mannan Circle, Ajmer 197668",1988-11-09,2232929446884245,865,3781.17,2026-04-07,E-Commerce
TXN000745,CUST0091,Lajita Sami,krish65@example.com,2581881388,"68, Dyal Road, Surat 879272",1990-06-23,5439155786523136,141,2794.33,2026-04-14,POS-Store
TXN000746,CUST0165,Azaan Varughese,shravyamitra@example.com,1551972465,"H.No. 437, Sharma Zila, Kharagpur-526012",1959-11-21,2450686239796417,778,404.22,2026-05-08,E-Commerce
TXN000747,CUST0176,Yashvi Chana,tarak27@example.org,9417632598,"224, Buch Zila, Medininagar 260443",2004-02-16,2256876836940254,263,119.46,2026-08-04,POS-Store
TXN000748,CUST0179,Triveni Kadakia,etahegde@example.org,+916666300629,"47, Gour Ganj, Berhampore-992736",2001-07-20,2518240204545647,020,3672.18,2026-04-03,POS-Store
TXN000749,CUST0162,Onveer Misra,mgarde@example.org,07568123914,"05/401, Kulkarni Street, Jamnagar 538665",1978-02-27,2717433400539386,823,2853.51,2026-06-13,E-Commerce
TXN000750,CUST0035,Pahal Basak,balanodika@example.org,4947889608,"23/919, Mannan Circle, Ajmer 197668",1988-11-09,2225186097650479,427,4452.47,2026-06-16,E-Commerce
TXN000751,CUST0118,Girindra Karnik,sawhneyishaan@example.org,1245267540,"39/74, Ramachandran Street, Kolhapur 757355",1981-08-18,5151538319975475,744,2916.25,2026-02-15,E-Commerce
TXN000752,CUST0076,Warda Loyal,jsaran@example.org,+919763975853,"H.No. 51, Karnik Circle, Vijayawada 393231",1982-01-08,5369587266295906,636,373.84,2026-04-10,E-Commerce
TXN000753,CUST0012,Harini Sodhi,ravalojasvi@example.net,08462637222,"H.No. 05, Mital, Rajkot-175042",1966-05-29,2638743110685113,361,2594.89,2026-04-02,E-Commerce
TXN000754,CUST0011,Ranbir Modi,kashvi57@example.com,+913750310686,"H.No. 75, Virk Ganj, Kulti-991563",1960-09-03,2708771213829879,421,3133.88,2026-04-27,POS-Store
TXN000755,CUST0080,Timothy Randhawa,hdevan@example.org,03579734915,"619, Dewan Marg, Bangalore 631518",1977-01-28,2252411425347168,660,4058.77,2026-07-16,POS-Store
TXN000756,CUST0140,Jagrati Srinivas,parmarirya@example.net,+913892977115,"846, Kamdar, Nellore 391168",1965-01-24,2714842233937380,386,17208.37,2026-08-10,POS-Store
TXN000757,CUST0065,Warjas Sarkar,trau@example.org,8971303403,"81, Dash Marg, Jalna 615968",1972-08-29,2295378474953338,886,5310.94,2026-07-11,E-Commerce
TXN000758,CUST0166,Gaurika Chakraborty,sathvik30@example.com,04730150514,"33/106, Mandal Street, Ramagundam 898234",1978-08-24,2295049130037705,090,57.18,2026-06-21,E-Commerce
TXN000759,CUST0074,Bhavini Anand,chandranbalhaar@example.org,6600725503,"77, Dayal Zila, Pudukkottai 232922",1986-04-20,2263371366054636,346,4591.22,2026-05-06,POS-Store
TXN000760,CUST0013,Rachana Bhat,balveer20@example.com,+917541157451,"52, Dasgupta Street, Sasaram 475131",1977-08-13,2720566837089932,699,929.76,2026-07-09,POS-Store
TXN000761,CUST0070,Lopa Amble,warinder49@example.net,08421025811,"644, Sachdev Marg, Bahraich-443264",1987-02-04,2234566889625095,261,936.78,2026-07-03,E-Commerce
TXN000762,CUST0095,Darsh Rout,chokshiqadim@example.net,6833155208,"09/55, Wadhwa Circle, Ludhiana-002438",2002-04-11,2281477464451331,852,1405.58,2026-03-30,POS-Store
TXN000763,CUST0103,Rachita Ravel,osur@example.com,8206940028,"H.No. 048, Sagar Road, Pudukkottai-982337",1992-07-09,5267729545829583,848,2026.85,2026-08-07,POS-Store
TXN000764,CUST0099,Vinaya Manda,fchoudhury@example.com,06034575744,"H.No. 52, Dhar Zila, Tadipatri 917745",1971-09-18,2635398703266061,912,341.62,2026-07-13,POS-Store
TXN000765,CUST0048,Ishanvi Kunda,akshay36@example.org,06961535839,"75/316, Krishnan Chowk, Cuttack-606189",1983-12-18,2717556039595658,457,3156.11,2026-07-20,POS-Store
TXN000766,CUST0178,Nitara Jha,reddydevika@example.net,04351137548,"H.No. 20, Mistry Marg, Pali-206101",1982-12-26,5502055790588236,111,629.21,2026-07-21,POS-Store
TXN000767,CUST0095,Darsh Rout,chokshiqadim@example.net,6833155208,"09/55, Wadhwa Circle, Ludhiana-002438",2002-04-11,2466567218491133,243,2090.22,2026-04-30,POS-Store
TXN000768,CUST0022,Isha Bora,isami@example.net,7979903950,"75, Ben Path, Burhanpur 019054",1958-08-01,2245279891923261,171,1487.42,2026-04-08,POS-Store
TXN000769,CUST0021,Tanveer Tailor,ubiswas@example.org,3692754548,"H.No. 015, Mody Street, Anantapuram 489895",1982-12-16,2261036662857188,919,696.38,2026-07-11,POS-Store
TXN000770,CUST0155,Lavanya Grewal,fradosinha@example.net,04324726049,"95, Nadig Street, Sangli-Miraj & Kupwad 316176",1993-10-18,5355969375966328,824,548.38,2026-02-12,E-Commerce
TXN000771,CUST0140,Jagrati Srinivas,parmarirya@example.net,+913892977115,"846, Kamdar, Nellore 391168",1965-01-24,2507633800131031,168,1427.4,2026-07-30,POS-Store
TXN000772,CUST0083,Hamsini Kara,anvi19@example.com,8002415929,"H.No. 696, Sem Path, Vijayawada-120991",1999-03-02,2654272187894787,879,2025.99,2026-06-26,E-Commerce
TXN000773,CUST0021,Tanveer Tailor,ubiswas@example.org,3692754548,"H.No. 015, Mody Street, Anantapuram 489895",1982-12-16,2468094533124867,999,13220.79,2026-03-18,POS-Store
TXN000774,CUST0170,Chandresh Mohanty,rishi25@example.com,00826613606,"90/25, Kalita Zila, Singrauli 660367",1963-04-14,2413064740063758,3054,3200.36,2026-07-28,POS-Store
TXN000775,CUST0079,Indrajit Cherian,mshroff@example.net,+913182588014,"H.No. 237, Patla Nagar, Allahabad 889115",1986-03-26,2676375791360493,462,650.86,2026-03-05,POS-Store
TXN000776,CUST0155,Lavanya Grewal,fradosinha@example.net,04324726049,"95, Nadig Street, Sangli-Miraj & Kupwad 316176",1993-10-18,2225132250562564,027,15227.8,2026-05-28,POS-Store
TXN000777,CUST0043,Nilima Dara,unadkarni@example.org,04868507284,"25, Das Street, Jalgaon 673784",1990-06-12,2598890662679784,303,20031.63,2026-07-03,POS-Store
TXN000778,CUST0090,Simon Srinivasan,nikita82@example.net,+914482437348,"13/806, Gopal Zila, Aligarh 229846",1993-10-31,2701645164172652,686,251.23,2026-07-11,POS-Store
TXN000779,CUST0011,Ranbir Modi,kashvi57@example.com,+913750310686,"H.No. 75, Virk Ganj, Kulti-991563",1960-09-03,2232421726840949,3461,2643.7,2026-07-17,POS-Store
TXN000780,CUST0158,Zansi Khalsa,kamala99@example.org,07888040151,"29/830, Deshpande Path, Bihar Sharif 809429",2004-06-07,2720030127254938,104,20300.49,2026-05-29,POS-Store
TXN000781,CUST0071,Dhruv Lala,yoshita33@example.com,9340109705,"H.No. 73, Hans Marg, Kulti 209409",1963-01-07,2708081302840518,174,1947.25,2026-07-12,E-Commerce
TXN000782,CUST0020,Logan Grewal,brahmbhattnisha@example.org,06987176478,"H.No. 637, Luthra, Berhampur 430242",1998-04-20,2245765090859710,879,2098.95,2026-04-26,POS-Store
TXN000783,CUST0094,Urishilla Sami,ektaperi@example.org,+914459496015,"371, Chana, Chapra 283951",2003-09-18,2258669704188421,406,12204.13,2026-07-19,E-Commerce
TXN000784,CUST0008,Udant Lalla,mmuni@example.com,+915445316486,"H.No. 464, Mohanty Zila, Machilipatnam-241929",1965-10-19,2720799676543400,764,1382.05,2026-02-14,E-Commerce
TXN000785,CUST0156,Isaac Contractor,omkaarpradhan@example.net,6212666222,"92/970, Bedi Nagar, Rajkot 503243",1991-07-03,2298326341822951,419,2806.62,2026-06-23,POS-Store
TXN000786,CUST0009,Upma Dewan,parthbanik@example.com,4420346905,"H.No. 887, Mukhopadhyay Road, Bharatpur-951092",1995-11-08,2462061225430619,873,1671.89,2026-04-29,E-Commerce
TXN000787,CUST0018,Ridhi Savant,virajradhakrishnan@example.com,+911173124919,"H.No. 80, Bhatia Ganj, South Dumdum 602888",1995-08-21,2223893037981839,615,4450.33,2026-06-29,E-Commerce
TXN000788,CUST0166,Gaurika Chakraborty,sathvik30@example.com,04730150514,"33/106, Mandal Street, Ramagundam 898234",1978-08-24,2554970010038800,4768,140.83,2026-07-02,POS-Store
TXN000789,CUST0093,Aadi Kant,qrege@example.com,3023935819,"29, Thakkar Nagar, Shimla 380176",1970-05-30,2242370242738376,865,659.23,2026-02-19,POS-Store
TXN000790,CUST0146,Unni Balasubramanian,kamdarnicholas@example.org,+912234977459,"H.No. 666, Suresh Zila, Visakhapatnam-195727",1969-07-09,2248194128172508,404,3186.24,2026-05-14,E-Commerce
TXN000791,CUST0155,Lavanya Grewal,fradosinha@example.net,04324726049,"95, Nadig Street, Sangli-Miraj & Kupwad 316176",1993-10-18,2646754350468045,0818,420.97,2026-07-23,E-Commerce
TXN000792,CUST0174,Ridhi Gala,teerthkrishna@example.org,+916020548258,"14/45, Chawla, Muzaffarnagar-030690",1987-08-24,5255110856489081,2875,2986.57,2026-06-17,POS-Store
TXN000793,CUST0095,Darsh Rout,chokshiqadim@example.net,6833155208,"09/55, Wadhwa Circle, Ludhiana-002438",2002-04-11,2702295399500480,562,7320.34,2026-05-02,POS-Store
TXN000794,CUST0114,Chaitaly Viswanathan,sarkarnaveen@example.org,08310384926,"H.No. 744, Sidhu Nagar, Dehri-540494",1997-01-02,2259710494698309,271,2616.87,2026-07-08,E-Commerce
TXN000795,CUST0147,Yashoda Nanda,ddugar@example.net,06047074746,"606, Solanki, Nellore 091292",2000-08-22,2705849217036288,596,3869.67,2026-04-21,E-Commerce
TXN000796,CUST0136,Zarna Dua,ryan48@example.com,+917660128556,"H.No. 15, Toor Nagar, Sambalpur-063652",1985-08-03,2249295132518161,720,4964.03,2026-07-16,POS-Store
TXN000797,CUST0102,Nimrat Ramakrishnan,iryalala@example.net,+915139316400,"55, Saini, Nashik-371364",1963-09-13,2223778158474377,932,148.8,2026-06-10,POS-Store
TXN000798,CUST0167,Anusha Bobal,davenathaniel@example.com,08783095844,"H.No. 409, Bhandari Path, Phusro 646458",1977-10-04,2281717188492172,522,3312.97,2026-06-03,POS-Store
TXN000799,CUST0064,Leela Magar,shankerayaan@example.net,+916954051388,"H.No. 232, Iyer Path, Saharsa-473520",1979-12-18,2678143245672436,896,125.37,2026-03-22,E-Commerce
TXN000800,CUST0007,Neha Pant,ekansh43@example.org,+917040648538,"44, Prabhu Ganj, Miryalaguda 887300",1967-03-13,5485183304002253,111,898.59,2026-07-03,E-Commerce
TXN000801,CUST0128,Tanmayi Barman,tchander@example.com,+910455887635,"H.No. 34, Ravel Chowk, Mysore 938423",1972-06-29,5300559654270595,124,356.88,2026-08-02,POS-Store
TXN000802,CUST0144,Mitesh Chopra,subramaniamekbal@example.com,+915971217507,"H.No. 68, Dalal Nagar, Tinsukia 667150",2005-10-16,2285279196646113,692,386.89,2026-06-07,E-Commerce
TXN000803,CUST0068,Yauvani Chand,zmerchant@example.com,+915193179610,"209, More Zila, Anantapuram 766010",1982-03-21,2522664127179651,862,542.59,2026-04-11,POS-Store
TXN000804,CUST0115,Bimala Gala,zdeo@example.com,06114054452,"82/042, Kota Marg, Bhilwara-195235",1972-03-10,2247327597682018,149,809.54,2026-05-18,E-Commerce
TXN000805,CUST0157,Henry Kala,ctailor@example.net,03388376436,"76/62, Dubey Circle, Ulhasnagar 501303",1997-04-21,2221726022847551,6247,562.47,2026-03-29,POS-Store
TXN000806,CUST0178,Nitara Jha,reddydevika@example.net,04351137548,"H.No. 20, Mistry Marg, Pali-206101",1982-12-26,2272671702778684,033,16065.26,2026-02-12,POS-Store
TXN000807,CUST0052,Gopal Halder,nbaral@example.net,+910676797741,"39, Narayanan Ganj, Kulti 272507",1992-02-07,2495560060316263,750,2297.01,2026-04-17,E-Commerce
TXN000808,CUST0035,Pahal Basak,balanodika@example.org,4947889608,"23/919, Mannan Circle, Ajmer 197668",1988-11-09,2234043704974777,095,3677.28,2026-05-05,E-Commerce
TXN000809,CUST0116,Ucchal Nair,misraanmol@example.net,09428688174,"92/70, Raval Nagar, Mysore-816868",1998-09-15,2460428046308914,402,16251.6,2026-07-18,E-Commerce
TXN000810,CUST0114,Chaitaly Viswanathan,sarkarnaveen@example.org,08310384926,"H.No. 744, Sidhu Nagar, Dehri-540494",1997-01-02,2274792642552852,108,3921.87,2026-04-20,E-Commerce
TXN000811,CUST0175,Samaksh Palan,teerthlanka@example.com,4257548247,"H.No. 362, Brahmbhatt Chowk, Jorhat 857049",1964-05-10,2258064335998820,412,1240.51,2026-04-09,POS-Store
TXN000812,CUST0171,Lopa Kurian,ovirk@example.net,04417345455,"87/660, Bhandari Marg, Raurkela Industrial Township 622766",1978-07-16,5197174991539714,916,4829.54,2026-02-13,POS-Store
TXN000813,CUST0017,Abhiram Shanker,warinder43@example.net,+911268402770,"967, Chaudhary Street, Chandrapur 809533",1975-11-03,2273590241516554,896,704.81,2026-07-24,POS-Store
TXN000814,CUST0077,Aahana Varughese,binakota@example.net,2209703704,"54/913, Bal Chowk, Mangalore-284417",1963-12-09,2701905553727981,737,558.5,2026-02-13,E-Commerce
TXN000815,CUST0180,Tripti Pingle,tdar@example.com,2949642214,"248, Dhingra, Vasai-Virar-098400",1977-03-22,2455711248755256,299,477.4,2026-03-30,E-Commerce
TXN000816,CUST0093,Aadi Kant,qrege@example.com,3023935819,"29, Thakkar Nagar, Shimla 380176",1970-05-30,5540384997135607,737,2389.94,2026-03-28,E-Commerce
TXN000817,CUST0032,Yug Thaman,khalsaati@example.org,+913780126147,"688, Hari Path, Firozabad 567299",1992-02-01,2223043860336897,813,4181.0,2026-03-27,E-Commerce
TXN000818,CUST0036,Ayushman Dara,siddharth45@example.org,01148944160,"H.No. 121, Saxena Path, Chennai-309608",1981-09-24,2391006914580477,4416,8989.68,2026-05-03,E-Commerce
TXN000819,CUST0127,Krisha Kari,majumdarharinakshi@example.net,05414769752,"73/68, Dube Zila, Kottayam-612498",1991-07-19,5212596897545042,141,1609.51,2026-02-14,E-Commerce
TXN000820,CUST0093,Aadi Kant,qrege@example.com,3023935819,"29, Thakkar Nagar, Shimla 380176",1970-05-30,5419030576485065,371,20759.09,2026-02-20,POS-Store
TXN000821,CUST0120,Lohit Kala,zaid37@example.org,04669583880,"H.No. 550, Pai Ganj, Saharanpur 876372",1974-01-11,2230652979612310,254,4367.29,2026-06-28,E-Commerce
TXN000822,CUST0157,Henry Kala,ctailor@example.net,03388376436,"76/62, Dubey Circle, Ulhasnagar 501303",1997-04-21,5529547901675323,428,3493.72,2026-06-30,E-Commerce
TXN000823,CUST0017,Abhiram Shanker,warinder43@example.net,+911268402770,"967, Chaudhary Street, Chandrapur 809533",1975-11-03,5462501109655966,220,766.75,2026-05-31,POS-Store
TXN000824,CUST0102,Nimrat Ramakrishnan,iryalala@example.net,+915139316400,"55, Saini, Nashik-371364",1963-09-13,2278116539100268,650,833.94,2026-03-13,POS-Store
TXN000825,CUST0135,Harinakshi Iyer,sodhibina@example.org,+916892505848,"H.No. 686, Natarajan Ganj, Ahmednagar 425765",1990-07-26,2243302137943604,468,3834.27,2026-02-13,POS-Store
TXN000826,CUST0105,Suhani Kapur,kamdarsara@example.org,08992022637,"43, Warrior Path, Khammam 104974",1999-12-29,2239973659893686,684,337.67,2026-07-04,E-Commerce
TXN000827,CUST0033,Nihal Prabhakar,phora@example.net,05300616156,"51/42, Banerjee Path, Bhubaneswar 359546",1966-09-05,2283326659996881,310,391.77,2026-04-06,POS-Store
TXN000828,CUST0165,Azaan Varughese,shravyamitra@example.com,1551972465,"H.No. 437, Sharma Zila, Kharagpur-526012",1959-11-21,2295980429627337,241,939.17,2026-03-25,E-Commerce
TXN000829,CUST0116,Ucchal Nair,misraanmol@example.net,09428688174,"92/70, Raval Nagar, Mysore-816868",1998-09-15,2709702160325107,377,2221.79,2026-02-26,POS-Store
TXN000830,CUST0175,Samaksh Palan,teerthlanka@example.com,4257548247,"H.No. 362, Brahmbhatt Chowk, Jorhat 857049",1964-05-10,2707518672299552,641,2788.36,2026-05-17,POS-Store
TXN000831,CUST0033,Nihal Prabhakar,phora@example.net,05300616156,"51/42, Banerjee Path, Bhubaneswar 359546",1966-09-05,5263578493828137,380,3062.2,2026-07-21,E-Commerce
TXN000832,CUST0034,Isaac Mukherjee,anika06@example.com,+914073249210,"12/829, Varma Circle, Orai 051463",1990-03-17,5305032009594635,146,13448.88,2026-05-10,POS-Store
TXN000833,CUST0129,Dayamai Manne,boraomkaar@example.com,+914061447024,"133, Buch Road, Gwalior 406716",2005-07-31,2249135812489210,159,19474.37,2026-05-16,E-Commerce
TXN000834,CUST0032,Yug Thaman,khalsaati@example.org,+913780126147,"688, Hari Path, Firozabad 567299",1992-02-01,2704215792054891,737,933.13,2026-05-08,E-Commerce
TXN000835,CUST0078,Shivansh Nagy,joshua26@example.com,06812149397,"07/21, Palan Zila, Malda 577083",1976-12-05,2277900548727117,188,825.76,2026-05-28,E-Commerce
TXN000836,CUST0042,Omya Grover,abhimanyu84@example.org,4734288665,"81, Ratta Zila, Tadipatri-448557",1984-04-20,5397108230761059,649,4511.02,2026-06-18,POS-Store
TXN000837,CUST0058,Ojasvi Jain,cheemaamara@example.org,7592637377,"271, Shukla Chowk, Dehri 269473",1989-11-15,2272665485519174,109,18700.93,2026-08-10,POS-Store
TXN000838,CUST0133,Janya Rege,ypalla@example.net,+914445120610,"64, Raju Zila, Rewa 164474",1959-10-01,2719709181586714,272,2218.41,2026-07-15,POS-Store
TXN000839,CUST0021,Tanveer Tailor,ubiswas@example.org,3692754548,"H.No. 015, Mody Street, Anantapuram 489895",1982-12-16,2719553073728376,427,432.43,2026-04-18,POS-Store
TXN000840,CUST0051,Meghana Dani,azad54@example.net,7170955381,"H.No. 332, Tara, Karaikudi 769071",1967-01-23,2270523654357631,562,709.51,2026-08-03,POS-Store
TXN000841,CUST0033,Nihal Prabhakar,phora@example.net,05300616156,"51/42, Banerjee Path, Bhubaneswar 359546",1966-09-05,2297727477172890,339,4901.47,2026-08-01,POS-Store
TXN000842,CUST0158,Zansi Khalsa,kamala99@example.org,07888040151,"29/830, Deshpande Path, Bihar Sharif 809429",2004-06-07,2710664470580192,110,4289.1,2026-03-18,E-Commerce
TXN000843,CUST0129,Dayamai Manne,boraomkaar@example.com,+914061447024,"133, Buch Road, Gwalior 406716",2005-07-31,2607225008018349,672,868.05,2026-03-15,E-Commerce
TXN000844,CUST0152,Nidhi Narayanan,mitaljyoti@example.org,+919872233493,"87, Divan Path, Chapra-081974",1977-01-01,2249803556927550,8380,13280.57,2026-05-10,E-Commerce
TXN000845,CUST0044,Chaaya Handa,jacobdhar@example.com,08152390753,"H.No. 04, Nath Nagar, Aizawl-030007",1975-04-02,5232190689876793,818,4058.47,2026-05-13,POS-Store
TXN000846,CUST0145,Patrick Saxena,rzachariah@example.net,7271139188,"H.No. 62, Devan Chowk, Deoghar 628523",1969-04-13,2717357235984170,5694,526.94,2026-04-15,E-Commerce
TXN000847,CUST0008,Udant Lalla,mmuni@example.com,+915445316486,"H.No. 464, Mohanty Zila, Machilipatnam-241929",1965-10-19,2720183151568739,579,1585.35,2026-06-14,E-Commerce
TXN000848,CUST0012,Harini Sodhi,ravalojasvi@example.net,08462637222,"H.No. 05, Mital, Rajkot-175042",1966-05-29,2602203703894095,317,1272.62,2026-08-07,POS-Store
TXN000849,CUST0167,Anusha Bobal,davenathaniel@example.com,08783095844,"H.No. 409, Bhandari Path, Phusro 646458",1977-10-04,5378439321103742,855,178.27,2026-08-06,E-Commerce
TXN000850,CUST0147,Yashoda Nanda,ddugar@example.net,06047074746,"606, Solanki, Nellore 091292",2000-08-22,2256514826787670,3761,14342.45,2026-07-17,POS-Store
TXN000851,CUST0159,Jasmit Bakshi,bhatyamini@example.com,+917798317531,"79/18, Manda Marg, Serampore-153240",1998-07-04,2225014075858957,4870,12353.03,2026-04-12,E-Commerce
TXN000852,CUST0128,Tanmayi Barman,tchander@example.com,+910455887635,"H.No. 34, Ravel Chowk, Mysore 938423",1972-06-29,2253827099206076,1116,530.33,2026-06-30,POS-Store
TXN000853,CUST0165,Azaan Varughese,shravyamitra@example.com,1551972465,"H.No. 437, Sharma Zila, Kharagpur-526012",1959-11-21,2244972409783190,889,1422.55,2026-02-24,POS-Store
TXN000854,CUST0124,Ekanta Sant,saumya73@example.net,+917164913546,"H.No. 80, Kunda Chowk, Durg-904069",2003-07-19,2222971398516500,292,1863.94,2026-05-26,E-Commerce
TXN000855,CUST0176,Yashvi Chana,tarak27@example.org,9417632598,"224, Buch Zila, Medininagar 260443",2004-02-16,5435170640791286,308,3600.15,2026-05-04,POS-Store
TXN000856,CUST0077,Aahana Varughese,binakota@example.net,2209703704,"54/913, Bal Chowk, Mangalore-284417",1963-12-09,2249842072482740,091,108.22,2026-07-24,POS-Store
TXN000857,CUST0019,Nikita Master,anigam@example.org,+913847487091,"67/595, Bains Chowk, Aurangabad 368095",1977-10-11,2255608194061832,3048,2838.74,2026-03-16,E-Commerce
TXN000858,CUST0041,Saumya Sharma,boasewarda@example.org,00552258999,"H.No. 531, Saraf Path, Bellary-822942",1965-01-26,2706701671206692,974,994.13,2026-07-04,POS-Store
TXN000859,CUST0107,Eta Swaminathan,jack92@example.com,6319195366,"66, Pradhan Marg, Chittoor-432039",1980-07-22,2720098206675497,454,709.59,2026-06-06,POS-Store
TXN000860,CUST0119,Nikita Tailor,warhi98@example.net,08118992226,"12/24, Kannan Road, Jammu-224630",2002-11-29,5112028538742763,504,9066.82,2026-05-25,E-Commerce
TXN000861,CUST0088,Nakul Dasgupta,csoman@example.com,6483341574,"30/836, Lalla Zila, Indore-574989",1981-07-28,2720729546136895,117,165.19,2026-03-09,E-Commerce
TXN000862,CUST0081,Qushi Kala,agarwalsamaksh@example.net,01031862060,"H.No. 74, Parmar Marg, Kanpur 478078",2002-10-15,2720344422876497,629,145.89,2026-06-24,POS-Store
TXN000863,CUST0089,Tara Bir,klalla@example.com,+918814190235,"H.No. 05, Peri Marg, Akola-176683",1996-06-08,2221343052738070,410,1249.1,2026-03-16,POS-Store
TXN000864,CUST0034,Isaac Mukherjee,anika06@example.com,+914073249210,"12/829, Varma Circle, Orai 051463",1990-03-17,2648424216033361,458,4985.79,2026-04-02,POS-Store
TXN000865,CUST0132,Bhavini Randhawa,pushti15@example.org,3788353502,"H.No. 119, Grover Zila, Asansol 506088",2001-11-01,2269297703651327,160,15459.12,2026-07-15,E-Commerce
TXN000866,CUST0082,Urishilla Batta,girikbuch@example.net,+917795907625,"49/41, Parmar Marg, Berhampore 301474",1993-06-30,2538471768255176,769,642.08,2026-03-22,E-Commerce
TXN000867,CUST0120,Lohit Kala,zaid37@example.org,04669583880,"H.No. 550, Pai Ganj, Saharanpur 876372",1974-01-11,2586452394255278,953,2703.91,2026-05-26,E-Commerce
TXN000868,CUST0069,Azad Ramakrishnan,tsandal@example.com,+914580704974,"H.No. 676, Kulkarni Zila, Tiruvottiyur 478629",1977-09-14,5283357668342687,274,891.39,2026-06-02,POS-Store
TXN000869,CUST0064,Leela Magar,shankerayaan@example.net,+916954051388,"H.No. 232, Iyer Path, Saharsa-473520",1979-12-18,2270580613261577,512,1778.3,2026-07-23,E-Commerce
TXN000870,CUST0025,Dayamai Ravel,tanmayimane@example.com,+913992959958,"052, Chawla Street, Chandrapur-949558",1988-07-11,2272821851899753,093,2656.1,2026-03-02,E-Commerce
TXN000871,CUST0075,Chakrika Mittal,morarmadhavi@example.org,3017732058,"87/478, Ramaswamy Road, Noida 731550",1993-12-28,2386347098408367,731,17471.71,2026-04-17,POS-Store
TXN000872,CUST0158,Zansi Khalsa,kamala99@example.org,07888040151,"29/830, Deshpande Path, Bihar Sharif 809429",2004-06-07,5408769301284912,703,1044.11,2026-04-05,POS-Store
TXN000873,CUST0064,Leela Magar,shankerayaan@example.net,+916954051388,"H.No. 232, Iyer Path, Saharsa-473520",1979-12-18,2709998772719717,514,2924.9,2026-08-10,E-Commerce
TXN000874,CUST0084,Nitara Vig,lallajai@example.org,+913049331522,"H.No. 469, Subramanian Chowk, Barasat-097640",1970-10-26,2720176137017912,2521,296.56,2026-07-28,POS-Store
TXN000875,CUST0049,Netra Gour,palladavid@example.com,+912515101554,"H.No. 382, Ben Path, New Delhi 046736",1965-02-27,2260566519508239,5758,1548.3,2026-05-13,E-Commerce
TXN000876,CUST0128,Tanmayi Barman,tchander@example.com,+910455887635,"H.No. 34, Ravel Chowk, Mysore 938423",1972-06-29,5217979841269205,337,1860.59,2026-04-21,POS-Store
TXN000877,CUST0128,Tanmayi Barman,tchander@example.com,+910455887635,"H.No. 34, Ravel Chowk, Mysore 938423",1972-06-29,5581837434732740,331,278.9,2026-04-06,POS-Store
TXN000878,CUST0128,Tanmayi Barman,tchander@example.com,+910455887635,"H.No. 34, Ravel Chowk, Mysore 938423",1972-06-29,2298197467678620,169,18626.33,2026-07-18,E-Commerce
TXN000879,CUST0024,Rudra Handa,irarana@example.net,02446616770,"636, Jani Road, Raipur-693937",1995-12-01,2270215595922520,018,13294.03,2026-04-18,POS-Store
TXN000880,CUST0130,Samuel Bath,desainathaniel@example.org,9818472762,"H.No. 405, Borde Nagar, Ichalkaranji 097568",1958-01-19,2709716663935311,209,570.01,2026-06-06,POS-Store
TXN000881,CUST0062,Patrick Wali,priya39@example.net,03674335304,"H.No. 097, Sawhney Marg, Amaravati-644395",1973-05-09,2272305096427158,455,4376.58,2026-02-15,E-Commerce
TXN000882,CUST0150,Vanya Bhakta,epall@example.org,+911424714068,"553, Ahluwalia, Anantapur-312017",2005-05-04,2408860541474061,897,513.34,2026-04-03,POS-Store
TXN000883,CUST0013,Rachana Bhat,balveer20@example.com,+917541157451,"52, Dasgupta Street, Sasaram 475131",1977-08-13,2282868723764333,025,358.12,2026-04-19,E-Commerce
TXN000884,CUST0073,Ekta Mitra,anushamitra@example.com,07400080896,"65/285, Pathak Nagar, Mangalore 300710",1960-11-17,2366628405960529,038,2903.6,2026-06-05,POS-Store
TXN000885,CUST0153,Jairaj Ramanathan,harrison29@example.org,07686617991,"H.No. 720, Ben Zila, Ballia 984360",1976-01-18,5519725096241679,7256,2577.51,2026-04-07,POS-Store
TXN000886,CUST0074,Bhavini Anand,chandranbalhaar@example.org,6600725503,"77, Dayal Zila, Pudukkottai 232922",1986-04-20,2340887089780444,552,4139.28,2026-04-17,E-Commerce
TXN000887,CUST0028,Jai Saraf,panchalchasmum@example.com,09596719024,"17/27, More Chowk, Pudukkottai 272929",1977-04-26,2221323473209141,016,21240.73,2026-05-11,POS-Store
TXN000888,CUST0035,Pahal Basak,balanodika@example.org,4947889608,"23/919, Mannan Circle, Ajmer 197668",1988-11-09,2298703802328977,505,2261.31,2026-07-19,POS-Store
TXN000889,CUST0094,Urishilla Sami,ektaperi@example.org,+914459496015,"371, Chana, Chapra 283951",2003-09-18,2718257126217756,108,2749.97,2026-08-02,POS-Store
TXN000890,CUST0094,Urishilla Sami,ektaperi@example.org,+914459496015,"371, Chana, Chapra 283951",2003-09-18,5567226351783621,367,847.99,2026-06-03,E-Commerce
TXN000891,CUST0103,Rachita Ravel,osur@example.com,8206940028,"H.No. 048, Sagar Road, Pudukkottai-982337",1992-07-09,2678984575027489,855,905.77,2026-04-11,E-Commerce
TXN000892,CUST0146,Unni Balasubramanian,kamdarnicholas@example.org,+912234977459,"H.No. 666, Suresh Zila, Visakhapatnam-195727",1969-07-09,5322103615012392,944,3548.17,2026-04-20,E-Commerce
TXN000893,CUST0093,Aadi Kant,qrege@example.com,3023935819,"29, Thakkar Nagar, Shimla 380176",1970-05-30,2269539397568261,925,4579.58,2026-03-14,POS-Store
TXN000894,CUST0019,Nikita Master,anigam@example.org,+913847487091,"67/595, Bains Chowk, Aurangabad 368095",1977-10-11,5370562136912722,9120,3455.12,2026-02-17,POS-Store
TXN000895,CUST0130,Samuel Bath,desainathaniel@example.org,9818472762,"H.No. 405, Borde Nagar, Ichalkaranji 097568",1958-01-19,5421941062022475,369,541.97,2026-08-02,POS-Store
TXN000896,CUST0141,Nimrat Sanghvi,shafaraj@example.com,09432073231,"H.No. 48, Sandal Street, Mehsana 281248",1965-09-07,2291072236178185,451,749.82,2026-05-09,POS-Store
TXN000897,CUST0160,Saumya Apte,ramanudant@example.org,+913616182151,"372, Kalita Zila, Narasaraopet-682474",1968-11-09,2242952958399467,328,3720.23,2026-04-27,E-Commerce
TXN000898,CUST0033,Nihal Prabhakar,phora@example.net,05300616156,"51/42, Banerjee Path, Bhubaneswar 359546",1966-09-05,2418167900105189,620,130.47,2026-06-07,E-Commerce
TXN000899,CUST0101,Guneet Mann,ijaya58@example.org,08444137335,"43, Sinha Ganj, Sambhal-909428",1995-11-16,2654100278478071,699,1288.27,2026-05-01,POS-Store
TXN000900,CUST0087,Adya Chakrabarti,dateekani@example.org,6322946418,"24/25, Raghavan Chowk, Gandhidham-301064",1980-02-16,2680347724241839,259,61.49,2026-05-24,POS-Store
TXN000901,CUST0037,Baljiwan Lad,jeremiah48@example.com,+910385821986,"H.No. 71, Nayak Marg, Dindigul-630004",1961-11-24,5238314012757496,377,17537.9,2026-03-06,E-Commerce
TXN000902,CUST0155,Lavanya Grewal,fradosinha@example.net,04324726049,"95, Nadig Street, Sangli-Miraj & Kupwad 316176",1993-10-18,2236464656441789,015,2185.85,2026-05-08,POS-Store
TXN000903,CUST0129,Dayamai Manne,boraomkaar@example.com,+914061447024,"133, Buch Road, Gwalior 406716",2005-07-31,2281823658668554,080,4097.84,2026-07-10,E-Commerce
TXN000904,CUST0012,Harini Sodhi,ravalojasvi@example.net,08462637222,"H.No. 05, Mital, Rajkot-175042",1966-05-29,2290719484067459,571,1740.6,2026-06-15,E-Commerce
TXN000905,CUST0036,Ayushman Dara,siddharth45@example.org,01148944160,"H.No. 121, Saxena Path, Chennai-309608",1981-09-24,2385638579794726,1776,143.38,2026-02-21,POS-Store
TXN000906,CUST0122,Kritika Kunda,kantmason@example.org,+911430893051,"H.No. 86, Gulati Chowk, Madurai 624931",1967-07-19,2274462432205091,233,4056.73,2026-06-15,POS-Store
TXN000907,CUST0039,Anirudh Kibe,mohantylogan@example.com,+912762642514,"H.No. 36, Nigam Ganj, Etawah-571776",1969-03-14,2225727465642406,482,69.88,2026-02-13,E-Commerce
TXN000908,CUST0084,Nitara Vig,lallajai@example.org,+913049331522,"H.No. 469, Subramanian Chowk, Barasat-097640",1970-10-26,2424147821984070,759,968.5,2026-05-03,POS-Store
TXN000909,CUST0042,Omya Grover,abhimanyu84@example.org,4734288665,"81, Ratta Zila, Tadipatri-448557",1984-04-20,2289986543236846,613,779.99,2026-03-17,POS-Store
TXN000910,CUST0158,Zansi Khalsa,kamala99@example.org,07888040151,"29/830, Deshpande Path, Bihar Sharif 809429",2004-06-07,5442585264720025,550,2527.38,2026-06-01,POS-Store
TXN000911,CUST0152,Nidhi Narayanan,mitaljyoti@example.org,+919872233493,"87, Divan Path, Chapra-081974",1977-01-01,2249134027634777,426,165.2,2026-06-22,POS-Store
TXN000912,CUST0130,Samuel Bath,desainathaniel@example.org,9818472762,"H.No. 405, Borde Nagar, Ichalkaranji 097568",1958-01-19,2226441437878952,282,4097.76,2026-04-12,POS-Store
TXN000913,CUST0145,Patrick Saxena,rzachariah@example.net,7271139188,"H.No. 62, Devan Chowk, Deoghar 628523",1969-04-13,5175752331358022,817,3120.68,2026-07-27,POS-Store
TXN000914,CUST0122,Kritika Kunda,kantmason@example.org,+911430893051,"H.No. 86, Gulati Chowk, Madurai 624931",1967-07-19,2277796741792829,960,969.1,2026-05-04,E-Commerce
TXN000915,CUST0095,Darsh Rout,chokshiqadim@example.net,6833155208,"09/55, Wadhwa Circle, Ludhiana-002438",2002-04-11,2704620619717564,357,2171.0,2026-05-18,POS-Store
TXN000916,CUST0173,Jagrati Purohit,muttiaryan@example.com,7044021975,"H.No. 05, Sehgal Ganj, Proddatur 739407",1960-10-26,2236819942212577,774,15232.39,2026-03-17,E-Commerce
TXN000917,CUST0107,Eta Swaminathan,jack92@example.com,6319195366,"66, Pradhan Marg, Chittoor-432039",1980-07-22,5591703536920914,606,3991.54,2026-07-21,POS-Store
TXN000918,CUST0177,Shravya Sagar,udantsama@example.net,+918363910174,"09/002, Varty Chowk, Bellary-197098",1979-05-09,2424409290915971,753,16160.48,2026-06-16,E-Commerce
TXN000919,CUST0153,Jairaj Ramanathan,harrison29@example.org,07686617991,"H.No. 720, Ben Zila, Ballia 984360",1976-01-18,2257734978789758,545,371.02,2026-04-21,POS-Store
TXN000920,CUST0068,Yauvani Chand,zmerchant@example.com,+915193179610,"209, More Zila, Anantapuram 766010",1982-03-21,2717307438772534,667,8819.24,2026-08-06,E-Commerce
TXN000921,CUST0014,Mason Comar,andrewtank@example.org,+913392865349,"H.No. 77, Babu Street, Amritsar-666053",1978-11-15,2283595085984410,968,2727.88,2026-04-09,POS-Store
TXN000922,CUST0044,Chaaya Handa,jacobdhar@example.com,08152390753,"H.No. 04, Nath Nagar, Aizawl-030007",1975-04-02,2286276586605633,768,3451.15,2026-07-13,POS-Store
TXN000923,CUST0038,Girindra Dhillon,saanviswamy@example.net,05201491862,"25/91, Mander Street, Allahabad 336164",1999-03-21,2415398989116846,474,9092.54,2026-04-13,E-Commerce
TXN000924,CUST0009,Upma Dewan,parthbanik@example.com,4420346905,"H.No. 887, Mukhopadhyay Road, Bharatpur-951092",1995-11-08,5276703853852866,256,237.4,2026-05-07,E-Commerce
TXN000925,CUST0049,Netra Gour,palladavid@example.com,+912515101554,"H.No. 382, Ben Path, New Delhi 046736",1965-02-27,5314739959557953,974,15979.14,2026-05-23,E-Commerce
TXN000926,CUST0113,Divya Chaudhry,advikchander@example.com,+915146793963,"20/12, Sridhar Chowk, Durgapur 535695",1984-05-01,2708783188132825,4764,824.33,2026-06-25,POS-Store
TXN000927,CUST0108,Sarthak Chandra,ekapadraghavan@example.net,+919523327051,"267, Sharaf Path, Bulandshahr-790250",1959-01-12,5463241980330988,384,19390.9,2026-06-11,E-Commerce
TXN000928,CUST0106,Chanakya Vohra,chaudryfalan@example.net,00287765846,"01/575, Sheth Marg, Kota 924271",2005-06-21,2250581242388512,349,9288.85,2026-07-19,E-Commerce
TXN000929,CUST0106,Chanakya Vohra,chaudryfalan@example.net,00287765846,"01/575, Sheth Marg, Kota 924271",2005-06-21,2229011699915862,907,2841.7,2026-07-31,POS-Store
TXN000930,CUST0016,Yashica Ghose,urvinayak@example.net,9704566971,"H.No. 993, Goyal Circle, Udupi 699433",1960-05-19,2236075949676203,054,17384.61,2026-07-12,E-Commerce
TXN000931,CUST0133,Janya Rege,ypalla@example.net,+914445120610,"64, Raju Zila, Rewa 164474",1959-10-01,2720114896016320,227,3623.99,2026-02-14,E-Commerce
TXN000932,CUST0144,Mitesh Chopra,subramaniamekbal@example.com,+915971217507,"H.No. 68, Dalal Nagar, Tinsukia 667150",2005-10-16,2720934077054067,341,567.23,2026-07-01,POS-Store
TXN000933,CUST0170,Chandresh Mohanty,rishi25@example.com,00826613606,"90/25, Kalita Zila, Singrauli 660367",1963-04-14,5292418518598768,097,20935.66,2026-06-30,POS-Store
TXN000934,CUST0135,Harinakshi Iyer,sodhibina@example.org,+916892505848,"H.No. 686, Natarajan Ganj, Ahmednagar 425765",1990-07-26,2720234517713046,752,206.41,2026-08-04,POS-Store
TXN000935,CUST0081,Qushi Kala,agarwalsamaksh@example.net,01031862060,"H.No. 74, Parmar Marg, Kanpur 478078",2002-10-15,2223881920608379,425,738.95,2026-04-24,E-Commerce
TXN000936,CUST0118,Girindra Karnik,sawhneyishaan@example.org,1245267540,"39/74, Ramachandran Street, Kolhapur 757355",1981-08-18,2612764420850858,117,8630.48,2026-05-01,POS-Store
TXN000937,CUST0140,Jagrati Srinivas,parmarirya@example.net,+913892977115,"846, Kamdar, Nellore 391168",1965-01-24,2234952187594110,8629,4361.97,2026-05-03,POS-Store
TXN000938,CUST0174,Ridhi Gala,teerthkrishna@example.org,+916020548258,"14/45, Chawla, Muzaffarnagar-030690",1987-08-24,5259699514253299,906,3168.41,2026-04-25,POS-Store
TXN000939,CUST0157,Henry Kala,ctailor@example.net,03388376436,"76/62, Dubey Circle, Ulhasnagar 501303",1997-04-21,5385507128419445,372,3032.93,2026-07-19,POS-Store
TXN000940,CUST0050,Odika Brahmbhatt,praneelzacharia@example.net,+918864756220,"00/91, Pau Circle, Asansol-673988",1978-11-20,2436473989040547,586,586.21,2026-03-12,E-Commerce
TXN000941,CUST0072,Sarthak Suresh,zehaanbuch@example.org,05822445060,"45, Ben Circle, Deoghar 389790",1978-07-20,5330577548374674,848,4492.42,2026-07-09,POS-Store
TXN000942,CUST0058,Ojasvi Jain,cheemaamara@example.org,7592637377,"271, Shukla Chowk, Dehri 269473",1989-11-15,2280586645518155,0289,4043.73,2026-06-12,POS-Store
TXN000943,CUST0074,Bhavini Anand,chandranbalhaar@example.org,6600725503,"77, Dayal Zila, Pudukkottai 232922",1986-04-20,2700362787967861,5875,488.02,2026-06-22,E-Commerce
TXN000944,CUST0177,Shravya Sagar,udantsama@example.net,+918363910174,"09/002, Varty Chowk, Bellary-197098",1979-05-09,2298245973702051,434,284.1,2026-06-13,POS-Store
TXN000945,CUST0082,Urishilla Batta,girikbuch@example.net,+917795907625,"49/41, Parmar Marg, Berhampore 301474",1993-06-30,2367250253500247,287,4966.25,2026-06-22,POS-Store
TXN000946,CUST0090,Simon Srinivasan,nikita82@example.net,+914482437348,"13/806, Gopal Zila, Aligarh 229846",1993-10-31,2290028901502415,982,431.02,2026-08-10,POS-Store
TXN000947,CUST0074,Bhavini Anand,chandranbalhaar@example.org,6600725503,"77, Dayal Zila, Pudukkottai 232922",1986-04-20,2257483506196892,714,1815.94,2026-05-18,E-Commerce
TXN000948,CUST0147,Yashoda Nanda,ddugar@example.net,06047074746,"606, Solanki, Nellore 091292",2000-08-22,2315362832640650,218,3931.55,2026-03-08,POS-Store
TXN000949,CUST0102,Nimrat Ramakrishnan,iryalala@example.net,+915139316400,"55, Saini, Nashik-371364",1963-09-13,2701668703493876,579,1751.91,2026-05-10,POS-Store
TXN000950,CUST0038,Girindra Dhillon,saanviswamy@example.net,05201491862,"25/91, Mander Street, Allahabad 336164",1999-03-21,5448548998158650,181,4134.38,2026-05-10,POS-Store
TXN000951,CUST0011,Ranbir Modi,kashvi57@example.com,+913750310686,"H.No. 75, Virk Ganj, Kulti-991563",1960-09-03,2339605882456894,526,1020.91,2026-04-03,POS-Store
TXN000952,CUST0021,Tanveer Tailor,ubiswas@example.org,3692754548,"H.No. 015, Mody Street, Anantapuram 489895",1982-12-16,5313510807325682,750,1141.21,2026-08-02,POS-Store
TXN000953,CUST0114,Chaitaly Viswanathan,sarkarnaveen@example.org,08310384926,"H.No. 744, Sidhu Nagar, Dehri-540494",1997-01-02,2288281166386677,050,1809.72,2026-06-08,POS-Store
TXN000954,CUST0123,Jalsa Taneja,samuelwalla@example.net,04472357842,"H.No. 49, Setty Nagar, Ballia 501443",1984-10-10,2633883272219239,757,11255.62,2026-05-31,E-Commerce
TXN000955,CUST0052,Gopal Halder,nbaral@example.net,+910676797741,"39, Narayanan Ganj, Kulti 272507",1992-02-07,2454035312664546,485,191.29,2026-05-15,POS-Store
TXN000956,CUST0144,Mitesh Chopra,subramaniamekbal@example.com,+915971217507,"H.No. 68, Dalal Nagar, Tinsukia 667150",2005-10-16,2711060400472890,164,881.94,2026-06-17,POS-Store
TXN000957,CUST0036,Ayushman Dara,siddharth45@example.org,01148944160,"H.No. 121, Saxena Path, Chennai-309608",1981-09-24,2277882011834317,517,11261.89,2026-05-18,E-Commerce
TXN000958,CUST0158,Zansi Khalsa,kamala99@example.org,07888040151,"29/830, Deshpande Path, Bihar Sharif 809429",2004-06-07,5388861093749238,760,3887.56,2026-04-23,E-Commerce
TXN000959,CUST0063,Siya Sehgal,narayanandarsh@example.com,+913485657051,"H.No. 565, Kothari Nagar, Dharmavaram-742540",2005-12-02,2435050465363527,777,15082.16,2026-06-04,E-Commerce
TXN000960,CUST0172,Luke Mani,harinisem@example.com,6098767430,"H.No. 871, Chakraborty Marg, Tinsukia-617559",1964-01-18,5525504274015037,015,2650.07,2026-06-28,E-Commerce
TXN000961,CUST0164,Ojasvi Chaudhary,ekanta46@example.org,03770482067,"H.No. 26, Din Chowk, Jodhpur 203562",1988-05-01,2222478026789277,100,1012.87,2026-05-21,E-Commerce
TXN000962,CUST0014,Mason Comar,andrewtank@example.org,+913392865349,"H.No. 77, Babu Street, Amritsar-666053",1978-11-15,2238456291509713,433,2421.62,2026-03-14,E-Commerce
TXN000963,CUST0106,Chanakya Vohra,chaudryfalan@example.net,00287765846,"01/575, Sheth Marg, Kota 924271",2005-06-21,2239810018087016,245,1371.87,2026-08-08,POS-Store
TXN000964,CUST0121,Ishani Agate,shravyadua@example.com,+917822678081,"05/279, Ahuja Marg, Silchar 815845",2003-07-19,5419928458286875,189,2923.41,2026-06-21,E-Commerce
TXN000965,CUST0175,Samaksh Palan,teerthlanka@example.com,4257548247,"H.No. 362, Brahmbhatt Chowk, Jorhat 857049",1964-05-10,2705506691837793,027,1259.35,2026-06-23,E-Commerce
TXN000966,CUST0002,Azad Venkatesh,manbirpau@example.org,+915017000534,"H.No. 11, Sha Marg, Baranagar 783987",1960-03-30,5380981481532331,854,3245.38,2026-07-13,E-Commerce
TXN000967,CUST0105,Suhani Kapur,kamdarsara@example.org,08992022637,"43, Warrior Path, Khammam 104974",1999-12-29,2241283218637079,729,3413.35,2026-06-10,POS-Store
TXN000968,CUST0123,Jalsa Taneja,samuelwalla@example.net,04472357842,"H.No. 49, Setty Nagar, Ballia 501443",1984-10-10,2237908379651891,298,4219.15,2026-04-14,E-Commerce
TXN000969,CUST0074,Bhavini Anand,chandranbalhaar@example.org,6600725503,"77, Dayal Zila, Pudukkottai 232922",1986-04-20,5232225278065372,177,832.97,2026-05-11,POS-Store
TXN000970,CUST0074,Bhavini Anand,chandranbalhaar@example.org,6600725503,"77, Dayal Zila, Pudukkottai 232922",1986-04-20,2227932033851103,547,1308.16,2026-03-12,E-Commerce
TXN000971,CUST0023,Raksha Ahluwalia,hiral98@example.net,08274422926,"354, Khare Marg, Jalgaon-947585",1972-04-28,2301146360133774,779,367.19,2026-03-23,E-Commerce
TXN000972,CUST0137,Nathaniel Rau,simon30@example.com,+912506647898,"32/93, Ben, Amroha-245447",1979-06-26,2341746569189089,454,3830.02,2026-06-15,E-Commerce
TXN000973,CUST0045,Jacob Bhatnagar,chadagautami@example.com,9355247230,"H.No. 80, Sur, Giridih-428587",1964-03-29,2715964112047641,0654,3068.56,2026-03-29,POS-Store
TXN000974,CUST0046,Mekhala Atwal,esarraf@example.org,+919394551606,"16/067, Srinivasan, Nagpur 718357",1962-02-10,2221570967557357,946,1589.66,2026-03-19,E-Commerce
TXN000975,CUST0102,Nimrat Ramakrishnan,iryalala@example.net,+915139316400,"55, Saini, Nashik-371364",1963-09-13,2707493028426442,970,461.88,2026-06-07,POS-Store
TXN000976,CUST0048,Ishanvi Kunda,akshay36@example.org,06961535839,"75/316, Krishnan Chowk, Cuttack-606189",1983-12-18,5245147783032249,346,259.36,2026-02-19,POS-Store
TXN000977,CUST0010,Joshua Brar,pallakamala@example.org,09754295521,"041, Chawla Zila, Noida-449007",1960-11-07,2410383867290066,387,3941.92,2026-05-17,E-Commerce
TXN000978,CUST0077,Aahana Varughese,binakota@example.net,2209703704,"54/913, Bal Chowk, Mangalore-284417",1963-12-09,2287889369857533,678,20862.99,2026-07-24,E-Commerce
TXN000979,CUST0086,Zinal Modi,maya71@example.com,09373066001,"83, Chada Marg, Gulbarga-850949",1970-07-12,5513484636112752,574,2684.57,2026-03-21,POS-Store
TXN000980,CUST0117,Xalak Gokhale,baghyawatitank@example.com,+912963264634,"H.No. 423, Lad Ganj, Mau 442346",1958-04-17,2484992529963554,124,4141.82,2026-05-26,POS-Store
TXN000981,CUST0035,Pahal Basak,balanodika@example.org,4947889608,"23/919, Mannan Circle, Ajmer 197668",1988-11-09,2298270072914159,352,439.0,2026-03-09,POS-Store
TXN000982,CUST0070,Lopa Amble,warinder49@example.net,08421025811,"644, Sachdev Marg, Bahraich-443264",1987-02-04,5132840498886539,218,11525.78,2026-04-11,E-Commerce
TXN000983,CUST0029,Vritti Cheema,lavanyakeer@example.org,+913244377820,"74/96, Vaidya Street, Hosur-911579",1988-03-13,2424591591634417,039,3350.49,2026-05-19,POS-Store
TXN000984,CUST0042,Omya Grover,abhimanyu84@example.org,4734288665,"81, Ratta Zila, Tadipatri-448557",1984-04-20,2510314475529024,472,393.76,2026-05-17,POS-Store
TXN000985,CUST0166,Gaurika Chakraborty,sathvik30@example.com,04730150514,"33/106, Mandal Street, Ramagundam 898234",1978-08-24,2701817150444466,163,1104.76,2026-03-21,POS-Store
TXN000986,CUST0048,Ishanvi Kunda,akshay36@example.org,06961535839,"75/316, Krishnan Chowk, Cuttack-606189",1983-12-18,5426312708058098,856,839.28,2026-06-15,E-Commerce
TXN000987,CUST0087,Adya Chakrabarti,dateekani@example.org,6322946418,"24/25, Raghavan Chowk, Gandhidham-301064",1980-02-16,5473503317898302,803,541.66,2026-07-17,POS-Store
TXN000988,CUST0146,Unni Balasubramanian,kamdarnicholas@example.org,+912234977459,"H.No. 666, Suresh Zila, Visakhapatnam-195727",1969-07-09,5417979016294135,561,942.7,2026-07-27,E-Commerce
TXN000989,CUST0045,Jacob Bhatnagar,chadagautami@example.com,9355247230,"H.No. 80, Sur, Giridih-428587",1964-03-29,2704628473834185,612,457.74,2026-06-23,POS-Store
TXN000990,CUST0110,Kamala Krishnamurthy,palanalka@example.com,3608937596,"H.No. 53, Chander Nagar, Uluberia 091539",1981-12-09,2679856376091428,188,19313.03,2026-06-21,POS-Store
TXN000991,CUST0023,Raksha Ahluwalia,hiral98@example.net,08274422926,"354, Khare Marg, Jalgaon-947585",1972-04-28,2703666600048619,091,811.71,2026-04-12,POS-Store
TXN000992,CUST0172,Luke Mani,harinisem@example.com,6098767430,"H.No. 871, Chakraborty Marg, Tinsukia-617559",1964-01-18,2285637557789139,723,2931.39,2026-05-16,E-Commerce
TXN000993,CUST0048,Ishanvi Kunda,akshay36@example.org,06961535839,"75/316, Krishnan Chowk, Cuttack-606189",1983-12-18,2713099955990722,518,126.49,2026-02-21,E-Commerce
TXN000994,CUST0123,Jalsa Taneja,samuelwalla@example.net,04472357842,"H.No. 49, Setty Nagar, Ballia 501443",1984-10-10,2285162132634783,979,2985.35,2026-03-23,POS-Store
TXN000995,CUST0064,Leela Magar,shankerayaan@example.net,+916954051388,"H.No. 232, Iyer Path, Saharsa-473520",1979-12-18,2640753374311500,693,3917.3,2026-03-01,E-Commerce
TXN000996,CUST0067,Indrajit Raju,yochana34@example.com,+915745466157,"80, Rege Nagar, Pali-271668",1992-01-16,2705443773742420,4720,1635.47,2026-04-03,POS-Store
TXN000997,CUST0061,Logan Sidhu,samakshdivan@example.net,+918374908364,"H.No. 98, Mahal Path, Sagar 878951",1964-05-28,5284072911320799,827,1541.28,2026-07-04,POS-Store
TXN000998,CUST0069,Azad Ramakrishnan,tsandal@example.com,+914580704974,"H.No. 676, Kulkarni Zila, Tiruvottiyur 478629",1977-09-14,2564711590457079,808,3627.16,2026-05-06,POS-Store
TXN000999,CUST0078,Shivansh Nagy,joshua26@example.com,06812149397,"07/21, Palan Zila, Malda 577083",1976-12-05,2256333250478171,772,6173.22,2026-03-05,E-Commerce
TXN001000,CUST0067,Indrajit Raju,yochana34@example.com,+915745466157,"80, Rege Nagar, Pali-271668",1992-01-16,2718458895559564,681,317.8,2026-03-10,POS-Store
