item_id,order_id,product_id,quantity,unit_price,discount_percent
5578,1883,47,6,11445.54,10
6087,2053,54,5,20408.29,20
4697,1592,46,2,5560.82,0
2201,741,131,5,17250.1,15
5266,1781,52,1,31426.9,0
46,15,139,6,2090.72,15
2294,776,102,5,1321.4,25
2332,790,77,4,17372.33,0
5332,1808,90,3,8097.16,10
4924,1670,103,5,5584.86,25
382,129,58,5,11028.93,40
1664,564,85,5,20357.98,15
6544,2200,6,6,22740.79,15
2515,850,49,1,7868.2,0
2615,883,86,4,13402.68,5
3935,1322,67,4,19901.91,30
1867,630,7,6,5068.39,5
2905,984,2,1,24772.83,40
5900,1988,37,3,18498.94,0
5271,1783,1,6,22010.59,30
833,275,111,3,18057.01,25
5518,1864,109,1,16773.01,0
5846,1969,20,1,23230.41,0
3833,1289,52,2,31080.81,5
2360,800,23,1,19382.24,0
746,247,1,2,22336.86,0
943,310,142,4,30026.75,10
2268,764,114,3,3759.81,0
1333,448,121,5,23348.01,5
4564,1548,56,3,8486.12,5
481,161,72,-1,20585.66,10
4316,1453,98,6,7622.97,25
4083,1373,106,5,19200.39,10
1086,358,46,2,6317.53,10
3941,1325,82,5,9197.21,0
1879,633,16,1,3460.63,10
3568,1196,24,4,10568.67,25
3606,1208,66,4,9938.78,0
4451,1504,101,6,6758.34,20
2358,800,130,6,5568.57,40
4367,1471,73,5,22373.71,0
6073,2046,109,6,18166.22,40
197,69,123,5,17649.74,5
3855,1296,22,1,4477.91,5
6497,2186,14,4,904.13,20
3903,1312,86,4,14461.7,25
3365,1129,100,6,7972.18,15
1502,511,107,1,4470.4,10
1645,558,70,4,17982.27,15
4841,1640,18,2,24439.55,10
1222,408,25,3,34678.79,0
2612,882,45,6,29381.06,0
2653,897,130,5,4533.92,0
2609,881,70,3,18263.98,20
5340,1811,16,1,3509.59,0
6033,2033,81,3,6303.59,0
952,314,5,3,10272.91,0
4382,1476,121,3,24540.48,25
1267,426,89,-2,13185.39,40
1878,633,14,1,910.76,40
2657,899,28,4,6767.4,15
2121,712,49,4,6917.64,0
4900,1662,115,6,36726.58,0
5505,1859,49,1,7174.56,10
6403,2157,78,5,14311.58,30
5054,1717,143,4,27130.18,5
2861,972,66,4,10444.43,20
6469,2178,25,6,29689.88,20
926,305,33,1,980.27,40
5770,1943,38,6,4416.45,5
1472,500,101,3,5922.8,25
6235,2102,104,2,389.8,0
2871,974,90,2,8233.5,0
389,130,29,3,23796.58,5
3456,1160,87,6,26476.68,0
5858,1974,16,1,3125.58,30
4636,1571,135,-1,10864.38,25
2710,916,61,3,24177.79,0
6162,2078,45,5,34903.97,0
2086,703,84,2,13289.05,0
3168,1069,122,4,7198.12,25
90,31,59,6,7562.78,10
4919,1667,135,5,9370.02,0
5005,1702,116,-3,8818.18,15
4543,1540,145,5,11348.4,5
605,199,29,5,19742.48,25
394,132,61,1,23443.75,15
4550,1544,14,2,868.96,15
3419,1145,23,6,18181.47,25
2187,738,72,6,21280.43,25
3961,1330,65,4,17339.09,0
6505,2188,129,4,26061.45,40
3653,1224,135,2,12204.15,5
150,52,126,-2,20793.29,0
1642,557,123,6,17075.89,5
100,35,30,1,19285.25,40
4830,1637,30,1,18231.45,0
1033,341,130,4,4535.75,20
2487,839,109,2,17756.47,30
5819,1960,46,4,5135.34,0
5439,1839,102,6,1298.72,40
6190,2089,23,2,15079.13,40
2614,882,1,1,20818.25,0
1881,633,138,1,18547.96,30
3192,1077,40,2,10725.42,15
5989,2019,2,5,22757.95,0
2923,990,64,4,22939.32,40
1092,360,27,5,8939.17,5
6537,2199,12,2,18596.52,5
1936,651,76,3,21264.52,20
5062,1720,26,6,9145.64,25
2486,839,137,2,1392.6,0
2631,889,11,3,28057.67,20
328,111,29,5,20062.51,10
4967,1685,82,4,10203.91,0
6338,2134,39,5,28299.36,10
4581,1554,26,3,9656.51,40
5291,1794,72,2,25667.67,25
5600,1890,113,6,17964.16,5
2873,975,141,1,29652.72,15
6485,2183,67,4,19756.21,0
4810,1630,27,6,10825.4,0
776,256,71,5,21784.96,5
3319,1115,104,4,337.08,15
3718,1248,99,1,24276.71,0
6308,2125,134,3,1863.92,20
76,26,36,6,21215.23,0
1570,533,146,4,14015.83,40
4158,1399,66,5,10936.29,20
2588,875,125,5,24461.07,20
6203,2092,80,1,20444.09,30
2592,876,13,1,23738.56,0
1307,439,22,5,4383.4,5
5602,1891,135,3,10373.46,30
108,38,49,6,6783.35,25
2692,910,60,-2,1595.66,15
123,44,32,1,24062.3,10
2016,681,1,6,18451.92,0
4166,1401,69,3,10626.43,25
3247,1093,33,1,1203.2,0
4711,1599,7,6,4712.1,30
3416,1144,119,3,4496.57,0
176,62,122,5,6812.16,0
802,265,35,2,21684.08,20
467,156,51,6,384.87,30
5749,1936,25,1,30678.01,30
4706,1597,131,4,13132.67,20
5951,2006,34,1,9967.37,5
1255,421,143,3,27606.23,0
4806,1629,26,4,8566.38,0
31,10,130,2,4428.57,10
2591,876,35,6,26287.64,10
1440,487,119,2,4760.05,30
3803,1278,114,2,2849.79,15
2950,999,110,6,592.16,5
6192,2089,105,2,10707.98,40
1431,483,115,4,29560.77,0
1116,369,124,6,18777.03,10
3390,1136,133,5,16517.58,25
4921,1669,23,4,16171.42,25
5816,1959,132,1,18332.81,25
5158,1749,136,5,24337.66,20
3487,1169,54,3,18833.67,10
4387,1479,79,5,6373.35,5
933,307,93,6,21745.23,20
1774,600,137,1,1629.63,20
6424,2165,21,3,28731.72,0
5610,1893,112,1,24683.72,40
4788,1621,117,5,9816.07,40
4791,1622,141,4,32196.33,0
4337,1461,94,4,1953.44,5
4898,1661,121,3,20159.83,25
3592,1204,111,3,20185.35,25
1785,603,129,4,32291.65,40
4784,1619,84,5,12069.9,0
733,242,13,5,29013.31,10
3992,1339,90,-2,7404.7,15
531,178,138,4,21037.81,10
3514,1177,127,2,20599.87,0
75,26,11,5,29231.31,10
5975,2015,123,2,16248.01,15
2850,969,138,3,19412.87,40
6229,2100,116,4,8335.08,10
1342,452,57,1,2994.8,15
302,101,141,1,35524.99,0
6187,2087,108,3,29515.73,5
6373,2145,60,6,1727.22,10
2761,933,128,1,21202.63,15
4475,1513,91,5,26661.65,0
4639,1572,131,2,13537.71,40
174,61,24,5,9748.42,10
2805,952,107,1,5411.17,5
1962,659,140,3,15969.32,0
6550,8254,57,3,3200.86,0
4548,1543,100,4,8665.24,0
5311,1801,25,3,37481.73,15
5466,1848,12,5,20234.26,10
4343,1464,63,6,21665.94,0
4771,1616,148,6,30893.97,15
2481,838,38,5,5138.41,0
925,305,34,3,10660.15,10
2102,707,102,-1,1483.91,30
2738,925,89,3,14016.69,30
6167,2080,60,6,1797.65,25
1297,436,87,1,29216.94,40
5898,1987,44,5,31469.84,0
1768,598,111,5,17954.11,0
396,133,99,1,22991.41,0
2948,998,99,5,22064.3,25
4763,1614,62,5,33782.03,25
1643,557,15,1,31461.75,0
3511,1176,94,1,2140.97,5
3202,1080,109,4,14935.97,10
415,138,128,3,17574.42,0
4904,1662,57,6,3207.22,0
3086,1041,130,2,5929.01,25
4142,1393,83,4,27791.67,0
2978,1007,82,2,11955.01,30
3521,1179,51,2,298.94,0
1636,554,11,4,25445.81,15
5394,1827,79,4,6365.53,10
4801,1625,131,3,13669.44,40
2811,954,117,4,9572.25,15
2291,775,17,5,21884.26,0
942,310,9,2,31396.81,0
520,175,27,2,11590.07,15
6135,2067,35,-1,20291.91,20
4433,1497,123,4,17933.72,10
707,235,120,4,23202.14,40
1157,384,131,6,17497.15,25
5617,1895,141,4,35684.66,5
2259,762,142,2,31188.75,15
832,274,21,2,25796.32,10
5722,1928,73,5,21884.49,30
1715,583,36,2,25294.37,5
695,232,14,-2,893.1,0
5609,1892,38,3,5578.67,0
5183,1757,68,6,24711.07,5
4312,1451,101,2,6110.44,30
2030,685,87,4,28243.56,20
2306,781,19,3,9512.47,5
4037,1357,61,6,28224.79,10
1916,645,144,6,37274.5,40
666,221,19,4,12176.58,40
170,58,121,4,22232.18,0
4458,1507,95,5,15063.9,30
5947,2004,2,6,22533.12,5
2783,943,133,2,16611.72,0
5110,1735,147,2,6499.81,5
6208,2093,120,1,22927.26,0
1023,338,16,-1,3272.12,30
340,115,30,6,22553.69,20
4448,1503,119,3,3670.95,0
5953,2006,125,1,31486.55,0
5838,1967,71,6,26539.33,30
2688,909,36,2,21166.53,20
2374,804,46,4,5052.0,40
6207,2093,67,5,22434.21,15
4045,1359,133,5,17808.4,0
5188,1759,59,2,6006.9,0
1943,653,30,6,17797.04,40
1074,352,1,2,16636.54,15
390,131,56,3,10042.52,5
2363,801,57,2,2916.71,40
1918,646,52,2,28334.7,15
6065,2043,74,5,11240.62,10
3391,1136,140,1,13951.31,30
574,189,141,1,31731.13,40
4113,1383,91,5,21824.19,0
2649,895,117,2,11466.83,20
4727,1604,47,1,11877.57,0
3287,1105,10,5,24955.14,0
6425,2165,11,5,30618.77,0
1952,656,13,6,30798.44,0
2620,886,25,6,31014.73,5
4554,1545,125,1,29867.32,0
5350,1814,75,3,6752.53,30
6060,2041,78,1,17073.37,20
2758,932,126,3,26834.1,0
4371,1473,82,1,11098.07,30
2269,765,8,6,30313.3,0
219,76,106,6,18522.27,20
4300,1448,125,4,23486.14,0
4747,1610,71,3,25612.65,20
296,100,84,3,13846.76,0
2218,748,15,4,32128.68,25
6320,2129,107,1,4666.53,5
5131,1741,115,1,29027.77,25
4612,1563,126,4,26429.21,30
1119,370,42,5,5023.0,20
878,289,17,5,26814.61,15
4816,1632,124,3,18192.69,25
6510,2191,112,2,25828.18,0
4853,1645,78,1,15528.64,30
6496,2186,83,2,27797.63,0
5320,1804,7,-1,4437.1,15
1652,560,3,6,828.52,20
1340,452,129,-2,35238.13,20
3604,1208,121,2,21280.53,20
2816,955,111,1,18121.73,5
3079,1038,71,5,28103.34,0
1224,409,139,2,2122.18,40
5241,1775,29,4,20130.84,25
5354,1815,23,6,18401.71,0
1816,614,57,3,3919.42,30
1977,664,36,3,23852.2,15
2028,684,55,3,2261.12,15
5156,1748,10,5,24231.59,15
3579,1200,139,3,2293.77,30
60,20,50,6,9768.41,25
1312,441,77,2,15564.98,25
4464,1509,7,-2,4457.02,0
3120,1050,5,4,7832.67,40
420,141,142,5,27287.62,25
285,96,147,6,7972.45,40
1546,524,77,4,18156.7,10
1933,650,36,3,24797.0,0
4088,1376,23,3,20249.17,15
1786,603,39,4,33743.34,5
3006,1017,92,3,27684.93,0
6337,2134,85,1,19580.08,5
5791,1952,39,3,27973.1,0
1284,433,118,1,12441.74,20
6077,2048,83,6,26404.74,0
4437,1498,109,2,17105.88,10
1428,483,34,1,10369.71,5
969,321,137,6,1456.6,40
4773,1616,116,1,8198.98,0
2924,990,28,2,6459.09,20
5502,1858,20,6,21048.55,0
1680,571,32,5,25498.41,10
6191,2089,83,3,27756.51,30
5108,1735,66,1,11489.31,25
227,79,141,4,34942.33,10
6325,2131,15,4,39253.46,25
3666,1230,104,1,354.75,40
2630,888,25,3,34609.39,40
2066,696,99,4,24545.66,30
3206,1081,107,5,4573.19,25
466,156,64,1,22332.0,25
3982,1335,134,3,1881.42,25
3509,1176,42,2,4547.93,15
5417,1834,3,4,1048.75,0
4872,1650,132,3,14300.68,20
3100,1045,40,4,12727.47,10
5812,1958,67,6,24784.31,25
830,273,80,5,25705.58,0
1094,361,121,6,19413.76,25
4495,1521,47,6,11019.34,5
2502,844,126,6,25658.42,0
5288,1792,97,1,30803.52,40
1407,476,130,4,5800.38,0
1397,472,2,3,20597.84,0
966,320,87,1,24772.99,15
5463,1847,77,3,17010.02,25
826,272,32,5,23750.58,0
1232,411,29,5,18894.2,20
2668,902,98,1,6197.9,0
3762,1263,117,5,11047.28,5
3402,1140,63,6,22921.95,40
6384,2148,38,5,4435.18,10
2542,859,85,4,18639.21,15
4136,1392,96,6,15963.46,40
5569,1880,97,1,31328.64,0
3694,1238,134,1,2042.29,0
5625,1897,106,6,19844.99,15
4350,1465,124,1,21038.5,0
572,188,1,5,20812.93,40
1660,563,13,6,25651.76,10
2367,802,92,3,27111.11,5
956,315,89,3,16821.94,0
2139,719,123,5,17273.65,5
5667,1910,126,2,22556.84,0
42,13,135,5,9945.59,10
4932,1673,132,6,15044.81,10
4738,1608,12,3,20030.29,30
2449,827,50,2,8937.54,10
2464,832,39,1,27826.97,25
2732,924,74,3,10050.31,0
5125,1739,4,2,11822.57,25
1309,440,26,2,7545.89,25
3090,1042,126,4,23145.89,20
1942,652,23,3,19508.71,40
1081,356,12,6,16621.61,20
3732,1252,129,5,33476.2,15
2329,789,54,2,17553.73,10
5513,1862,1,5,22099.94,5
6017,2029,75,3,6151.08,20
64,21,116,2,7457.05,0
476,159,128,3,21092.36,0
2327,789,94,2,1896.73,30
3909,1314,13,3,31626.26,0
1123,372,148,2,37299.18,15
2279,769,38,2,4835.13,15
2285,772,134,5,1963.97,0
356,121,130,6,4469.7,0
1128,373,44,3,32908.11,25
6128,2065,21,2,29540.81,0
1598,542,146,1,13324.99,20
5740,1933,22,3,4173.81,10
361,123,123,4,17115.25,40
1324,445,52,4,33072.27,30
2561,865,43,1,14375.33,0
4352,1467,52,2,26502.02,0
1758,595,40,5,13938.63,10
2565,866,109,5,14357.25,10
3464,1163,2,6,25792.36,0
1886,634,78,6,14172.04,10
6446,2172,90,1,6650.54,0
5698,1920,114,5,3269.51,0
753,249,39,1,25611.55,20
3951,1327,31,5,32753.8,30
4183,1405,132,1,16431.86,0
128,45,26,1,9939.47,40
4233,1422,108,6,31783.95,10
813,268,120,4,22298.43,25
750,248,147,4,8563.45,0
2290,775,87,1,29765.52,25
5164,1751,11,3,29203.33,30
4069,1369,40,6,12072.06,20
6355,2140,106,5,19290.54,40
6398,2154,69,4,8761.8,15
3431,1149,103,4,7286.79,0
4390,1480,148,4,38063.82,40
1890,636,84,1,11655.65,25
675,224,117,1,9050.64,30
1532,520,23,4,15079.55,20
2145,721,138,4,18445.86,0
436,146,141,4,30537.33,20
3956,1329,32,1,29768.3,0
2303,779,53,1,12773.35,0
6225,2099,61,4,23790.27,25
6258,2110,94,1,2163.64,40
3073,1036,85,5,19074.27,0
1748,591,134,5,2013.53,30
2387,808,34,5,10518.54,5
508,169,135,3,10303.04,20
6435,2168,82,4,11883.61,15
3266,1098,94,2,1843.23,5
6165,2078,64,6,21326.37,20
4799,1625,115,4,35714.63,5
2090,704,56,1,9035.98,15
3250,1094,116,1,7774.41,40
6459,2176,92,2,25312.48,30
5004,1701,7,3,4501.47,40
1305,439,51,2,320.39,0
3062,1031,115,-3,37216.04,15
1963,660,134,1,1908.17,0
1810,612,108,4,27916.56,20
6041,2035,3,1,1016.36,10
372,126,96,4,17064.67,15
2943,997,78,2,16844.18,0
5008,1702,97,3,29042.48,25
3076,1037,63,5,21669.8,40
5142,1744,102,5,1460.32,40
760,251,12,2,15100.77,25
50,17,55,5,2849.62,15
5196,1762,23,6,20442.83,0
4415,1490,50,3,9008.19,15
2901,983,119,1,4388.43,20
4825,1635,30,5,20962.88,0
607,200,137,6,1446.61,10
5836,1967,2,1,25539.87,25
6458,2176,39,1,26195.31,20
2385,807,108,2,29697.01,0
4453,1506,70,4,21417.36,40
5751,1937,66,4,10301.01,40
3293,1106,60,2,1676.49,40
4604,1561,3,4,1068.21,20
3677,1234,73,4,23597.85,25
1527,519,126,2,23130.25,25
427,144,141,2,30311.2,5
5831,1964,118,2,13449.88,0
6354,2139,93,-2,25366.26,0
5987,2019,69,4,9167.68,0
5429,1837,98,1,6098.7,10
2378,806,103,4,6874.32,10
3817,1282,25,1,30358.56,0
5712,1925,119,-2,4407.19,0
5804,1956,107,2,4235.68,0
5960,2009,45,6,29405.81,40
2877,977,54,4,16793.98,5
173,60,25,3,33861.72,25
3826,1286,12,3,17256.69,15
3367,1130,2,4,20192.45,10
4855,1646,11,3,31310.81,0
157,54,123,2,13675.46,15
2958,1001,33,4,1179.34,40
5165,1751,124,6,18594.57,30
2288,775,33,2,1237.25,30
6361,2142,10,2,23131.26,0
2406,816,60,4,1582.91,0
5246,1776,123,1,17191.78,5
2434,823,5,6,9223.94,5
483,161,43,2,14668.54,0
4070,1369,91,1,26893.97,0
530,178,6,5,17824.25,0
3853,1295,121,5,20102.86,0
3004,1016,6,5,21676.4,25
96,33,110,3,479.24,10
3607,1208,2,5,24931.44,0
6108,2059,130,2,5370.4,40
4573,1551,123,3,14837.39,5
4525,1534,138,1,21032.49,10
4693,1592,44,6,31116.22,20
4276,1440,71,3,21946.49,0
3174,1070,113,2,16226.51,40
425,143,9,6,28365.2,0
648,215,3,3,1092.07,5
3410,1142,114,5,3091.15,25
845,280,43,5,12579.23,0
1419,481,63,-3,17832.01,40
5299,1796,142,5,28443.81,25
2664,901,15,2,33179.07,20
2661,900,72,6,22215.48,5
996,327,103,3,7004.74,40
5069,1721,139,1,2332.76,25
1105,365,119,5,3855.01,40
2116,711,139,1,2315.79,20
1292,435,41,3,17260.7,20
2660,900,82,1,10379.21,30
55,18,1,6,18834.81,40
5755,1939,112,4,28662.83,0
5790,1952,46,6,5511.13,20
4975,1689,93,1,24505.48,40
5186,1758,146,4,14632.03,0
2369,802,96,3,22045.06,5
1817,614,133,1,14659.74,10
3699,1240,10,3,24110.37,20
6439,2168,4,4,11387.16,0
1479,504,100,6,7268.59,10
5772,1944,84,-1,13557.1,15
6467,2177,49,2,7773.93,0
77,27,93,5,22090.46,0
4496,1522,57,5,3430.16,0
5918,1993,147,1,7270.63,20
1544,524,40,1,12854.14,0
688,228,42,2,4244.16,20
1996,674,77,1,19058.52,5
3127,1053,41,4,17561.24,40
1997,674,9,1,30848.75,15
1100,364,22,5,5012.78,0
2493,841,27,2,11426.39,25
2533,855,146,5,13523.6,0
4104,1381,32,2,23200.48,0
3893,1308,54,6,20758.65,25
4822,1634,66,4,10034.74,15
5574,1882,136,3,31729.83,30
5933,1998,79,5,6076.45,40
3095,1044,88,1,35293.08,5
5082,1727,10,3,27375.72,0
3167,1068,45,4,30678.4,40
2357,799,108,5,27001.56,25
1895,637,25,6,28918.69,15
1058,348,66,5,11529.14,0
1494,509,81,5,5608.94,0
3703,1242,100,1,7846.07,30
5867,1977,37,3,18566.83,30
5376,1821,123,4,17958.71,0
3847,1292,81,4,5646.03,0
1408,476,140,5,11836.1,0
299,100,134,3,2079.33,0
5685,1916,143,6,27786.66,25
6345,2137,69,1,9935.07,20
3828,1287,62,4,33195.06,0
3619,1212,67,6,24898.1,5
2485,838,95,3,15093.97,25
1225,409,90,3,8513.43,30
1188,395,132,2,19012.29,40
5908,1990,17,5,23485.52,25
5051,1716,7,1,5232.21,0
5977,2015,34,5,8893.45,15
994,327,108,3,24329.73,15
2903,983,77,1,18472.47,5
358,121,34,1,11099.21,25
4923,1670,36,5,27132.56,25
1826,616,115,4,34549.16,20
1417,480,58,3,12448.81,5
4649,1576,92,1,24468.95,25
4834,1638,41,5,16505.81,30
5259,1779,23,2,16147.5,0
2804,951,136,5,28433.86,5
1296,436,23,3,19600.76,0
1039,344,124,4,20492.33,15
6411,2160,146,1,14613.07,40
4600,1560,28,6,5913.51,30
1794,606,120,6,20050.08,25
578,191,30,6,20853.55,5
4549,1543,125,2,23596.42,0
5979,2016,20,6,21437.76,5
3243,1092,116,2,7721.0,15
1087,358,48,1,12488.26,10
3060,1031,28,2,5743.19,10
4219,1417,6,1,23134.37,30
1589,540,79,5,6001.54,0
2830,961,88,3,36666.77,0
2787,945,133,1,14793.69,20
317,108,101,1,6184.84,0
2101,707,4,2,15018.78,0
311,105,76,1,28276.93,15
99,35,46,5,6017.05,30
2920,989,14,-1,1084.12,25
4287,1444,108,6,27025.12,30
5758,1939,80,5,19738.3,0
5585,1884,114,6,3275.02,0
6061,2041,133,3,15967.03,25
1620,550,94,4,2066.08,0
2212,744,19,3,9600.84,25
5256,1778,20,-3,27206.16,0
5915,1991,63,4,18891.38,20
5106,1734,86,5,14671.54,0
6201,2092,11,2,28103.31,25
4133,1389,122,2,7562.87,5
600,197,138,-2,19175.64,20
4027,1352,122,1,7727.91,40
791,261,136,1,25906.52,30
1019,337,115,5,27925.13,0
2984,1009,109,6,16378.99,0
3537,1184,68,6,23062.56,40
1732,587,2,6,22068.14,30
3227,1087,97,5,27322.55,15
744,247,58,1,10621.43,15
4734,1606,73,3,21374.73,30
56,19,11,3,27648.34,0
2456,830,119,3,4390.01,30
1083,357,78,2,14413.27,15
1239,413,71,6,24742.17,0
3173,1070,55,6,2888.85,0
1168,389,138,6,19001.27,0
2103,708,129,3,33819.44,30
6393,2151,59,2,7335.92,40
5643,1904,75,5,6480.11,20
4560,1547,134,1,2250.2,0
2314,785,79,3,6400.91,0
5990,2020,28,2,6359.92,40
5883,1982,114,6,2896.36,20
3172,1069,59,1,6682.01,0
5701,1921,105,6,11408.09,20
4235,1422,51,5,344.44,20
6043,2036,36,2,23540.7,20
1875,632,133,5,14715.31,5
327,111,98,2,6274.06,0
4173,1402,13,1,24159.49,5
5229,1772,103,3,6700.13,5
1421,481,76,3,27405.62,0
4125,1387,134,3,1794.39,0
448,150,120,6,25188.71,15
5002,1700,81,-3,5582.56,25
1319,444,43,4,13345.42,0
6302,2124,46,1,5834.4,5
739,246,4,4,13246.58,0
4827,1636,62,5,26005.51,15
3249,1094,58,4,11612.18,30
5823,1961,15,1,29732.69,25
4956,1680,46,5,5893.27,40
4191,1407,129,4,30322.96,30
1290,435,120,4,27417.24,0
1578,535,106,2,19246.05,40
1623,550,102,1,1528.3,5
5501,1858,97,3,32584.77,20
2825,958,138,4,15878.76,5
4698,1593,54,1,19441.12,10
4143,1394,93,1,25454.87,30
6344,2136,104,2,383.29,0
3644,1221,47,2,12033.65,15
3194,1077,127,4,20696.73,30
3979,1334,143,6,35017.06,15
2817,955,114,6,3439.43,0
5540,1871,39,2,31005.15,30
900,297,103,3,7274.03,0
2810,954,77,6,16762.4,0
2012,680,62,-2,31236.89,15
5235,1773,111,6,17015.32,5
3888,1307,16,4,3165.56,0
620,204,11,6,26347.42,20
2048,689,62,4,27153.27,15
4633,1570,36,6,23286.65,20
5157,1749,109,3,13481.68,30
6016,2029,28,2,6692.55,30
6168,2080,16,2,2623.12,0
5497,1857,25,6,33975.54,5
3872,1301,72,4,20617.43,20
2326,788,21,4,28920.12,0
5319,1804,34,5,11500.12,40
4329,1458,13,5,24991.07,0
3777,1268,8,5,34139.39,20
3700,1241,73,5,21177.04,0
3704,1242,66,5,10362.16,10
4577,1553,52,3,32722.18,0
5431,1837,47,1,10886.46,0
3113,1048,2,1,19617.27,20
2416,818,96,5,21266.35,20
3779,1269,24,5,9930.63,20
1082,356,101,4,6707.76,15
1024,339,50,1,8142.56,0
745,247,6,1,21013.31,20
1174,392,1,3,22593.19,30
3667,1230,49,6,7510.16,10
30,10,145,2,10401.85,20
844,279,80,5,25585.11,0
1141,378,27,1,10013.99,0
2010,678,128,2,19198.61,40
6145,2072,137,3,1607.03,30
5720,1928,27,1,10626.95,10
321,109,145,4,10947.42,0
3022,1021,65,3,14992.32,40
5325,1805,84,1,13885.01,10
4012,1347,23,6,16041.76,0
5793,1952,100,5,9257.4,5
3499,1173,133,1,13418.29,10
831,274,31,5,32040.29,30
6141,2070,141,4,29401.61,20
3189,1074,15,4,29565.18,5
4962,1683,14,1,935.16,0
2231,753,127,4,19908.6,15
1745,591,72,3,22101.8,15
3768,1265,9,5,27267.12,25
1031,340,16,2,2743.69,25
3969,1332,102,-1,1401.09,15
1150,382,79,1,5583.97,0
712,236,129,4,29622.18,40
2071,698,138,1,16848.3,10
521,175,106,2,20158.17,30
5761,1940,38,2,4563.71,15
307,104,101,4,6082.32,0
5363,1817,123,4,15837.09,15
4968,1685,140,3,14173.07,40
4296,1447,23,6,16473.91,15
783,259,92,2,21661.07,0
3311,1112,101,6,5385.71,25
5829,1963,98,5,6013.19,40
2443,825,99,-1,24774.21,0
331,112,37,3,19383.63,5
4559,1546,5,3,8679.07,10
3014,1019,53,5,14539.54,10
5733,1932,104,4,333.49,15
5837,1967,20,4,20771.75,10
151,53,135,3,9389.63,10
6548,11251,79,1,5682.17,0
3894,1308,95,2,15366.6,15
2206,742,48,5,15408.91,40
6412,2161,78,3,14702.88,10
5029,1709,147,6,7267.48,25
5514,1862,137,5,1780.07,10
6096,2056,117,1,9512.92,15
4289,1445,86,4,12285.91,0
187,67,28,5,6263.48,30
4355,1467,30,6,21018.23,0
1520,517,36,6,25746.06,30
6020,2030,43,1,14056.1,0
5395,1828,72,3,23914.45,0
3452,1159,40,5,13865.49,5
309,104,17,1,21014.89,0
4397,1483,118,1,12879.66,15
1236,411,75,5,6917.98,25
1444,488,78,4,18257.08,5
5034,1710,120,3,26926.77,0
3556,1191,51,5,323.25,20
3251,1094,118,3,11996.6,25
1761,596,125,2,28080.83,0
629,206,137,6,1721.36,15
3740,1256,115,5,31619.32,10
2625,887,78,1,17972.2,20
1849,625,99,4,21933.78,40
5820,1960,31,6,37451.49,5
1737,589,148,6,38916.13,40
3437,1152,95,6,14450.02,10
1707,580,40,1,14683.5,20
6183,2086,16,1,3146.32,20
1719,584,115,2,37237.45,40
511,171,65,6,18359.77,40
2107,709,104,3,404.41,10
6136,2068,135,1,10050.72,40
2142,720,33,2,928.08,30
5122,1739,71,1,21978.5,5
4565,1548,33,4,955.79,30
248,86,9,3,32357.43,0
6188,2088,130,2,5932.65,40
727,241,87,4,29521.27,0
57,20,22,4,3917.99,40
6432,2166,76,1,26731.18,10
1489,506,20,3,25279.79,20
4832,1638,3,4,967.65,10
4931,1672,82,1,8627.46,10
1819,614,72,2,27084.28,15
1109,366,53,5,14351.31,0
2309,782,1,2,17648.66,30
44,15,40,6,12361.7,40
1983,666,115,6,30716.39,15
2379,806,134,5,2075.22,0
5965,2011,71,2,21097.05,0
6158,2076,87,6,23953.22,20
5009,1703,135,6,11267.63,15
4459,1508,82,-2,11379.7,5
6004,2024,134,5,1985.58,0
4298,1448,34,3,8964.63,0
3750,1260,38,1,5720.25,15
3001,1015,69,2,9081.86,0
5631,1899,141,6,28896.08,15
5212,1766,68,5,26074.1,0
5534,1868,92,2,25259.25,40
972,322,118,5,12062.35,40
591,194,130,2,5813.68,0
3829,1288,81,6,7587.9,30
3557,1191,23,-3,20533.03,40
4775,1617,128,6,22041.64,0
6095,2055,81,5,7639.13,15
3292,1106,78,5,17612.77,25
2270,765,132,-3,19224.29,20
1013,334,63,6,18540.88,10
6452,2174,10,5,25010.33,0
4417,1491,70,1,17309.71,25
5197,1762,121,5,24019.1,20
2513,849,45,1,36853.9,15
3451,1158,146,2,15134.46,20
1846,624,74,6,11315.68,5
454,151,83,-1,25385.52,0
2896,982,98,3,6465.17,0
890,294,122,2,8747.94,40
1798,608,43,1,14813.68,0
6498,2186,138,3,20966.62,25
2906,984,99,5,19500.63,15
1517,515,116,5,8831.15,20
5145,1745,124,1,21140.55,40
5715,1927,29,5,18359.3,20
2635,890,11,6,27069.34,0
2137,717,131,1,16795.31,5
91,32,14,1,1083.29,20
3305,1110,126,1,19665.13,5
4047,1360,9,1,30328.63,40
891,294,140,6,14985.62,5
865,285,84,2,11428.74,40
4039,1358,117,6,8976.02,15
5961,2010,139,5,2215.89,0
837,277,119,2,4081.45,0
3218,1085,77,4,20038.75,15
2151,724,75,4,7869.75,25
475,159,33,3,1125.76,30
2845,966,79,4,6467.75,0
1742,590,139,2,2370.5,20
5434,1838,47,3,10018.53,0
1629,552,87,4,25702.22,20
5623,1896,16,2,2677.53,25
2762,933,36,6,25092.44,25
799,263,11,2,31046.94,40
609,200,119,6,4463.66,30
3634,1219,135,6,9592.0,10
4369,1473,67,4,22779.2,5
4378,1475,31,2,30001.72,20
5993,2020,113,3,15365.05,0
683,227,5,3,8733.3,0
4646,1574,57,2,3677.19,5
1477,503,26,6,7805.66,0
612,202,120,1,20603.31,5
5401,1829,88,2,29786.88,10
4540,1540,144,6,30313.56,10
5098,1732,116,6,8518.96,10
6431,2166,19,3,9460.42,0
4567,1549,4,6,15462.89,0
619,203,53,1,13063.64,20
4888,1656,42,2,5533.82,0
2891,981,68,4,26528.45,0
4123,1386,75,6,6520.25,5
5382,1825,105,2,9682.9,15
3415,1143,79,2,5501.59,40
5223,1770,70,6,21450.46,0
239,82,72,3,22130.72,0
6304,2125,118,-1,13271.64,20
6427,2165,10,6,20573.75,10
2964,1002,2,1,23993.59,20
6464,2177,120,2,24866.32,25
5962,2010,85,2,22750.56,0
6159,2076,68,2,25980.97,0
728,241,9,5,23764.87,15
1298,437,51,4,320.61,20
2190,739,22,5,4205.7,25
6522,2194,113,6,17559.34,10
6110,2060,54,5,18962.07,0
5130,1741,138,5,17350.5,40
3808,1279,82,2,11016.21,30
2056,693,20,3,21071.14,40
5400,1829,45,4,33887.17,0
2586,874,142,3,33601.49,30
2143,721,49,2,8390.63,0
761,252,7,3,5253.72,5
6395,2152,118,6,13965.83,5
6499,2186,64,2,23107.56,15
388,130,20,3,20247.06,10
3612,1210,110,4,564.55,0
4622,1567,113,4,19216.85,5
2375,804,28,3,5083.21,5
738,246,148,5,28780.03,30
892,294,108,1,28999.26,20
5573,1881,26,3,9758.09,10
909,299,92,2,25174.6,5
2095,705,14,6,1005.7,0
2099,707,103,6,5867.79,0
526,176,4,6,14067.03,0
5802,1955,63,2,22026.03,15
1681,571,147,4,7912.09,20
2208,743,119,4,4077.16,20
2125,713,10,1,23898.59,0
3789,1272,99,1,20237.97,5
535,179,130,3,5164.06,0
1762,596,148,4,34841.34,30
2278,768,79,1,6319.91,0
1330,447,42,1,5365.9,20
565,187,9,5,27111.69,0
2682,906,103,4,6767.35,5
4789,1621,107,4,3941.37,0
568,188,147,4,8549.32,0
2345,794,132,1,16941.08,0
5204,1764,33,1,1041.0,25
2241,755,81,5,6797.34,10
3923,1318,49,3,8259.38,15
5315,1802,38,3,4278.86,20
5568,1880,4,5,14095.97,20
201,70,110,1,555.17,40
6438,2168,107,1,4314.56,0
6185,2086,20,6,21922.33,25
208,73,96,5,19852.28,10
785,259,27,4,9420.66,0
3435,1151,99,6,21183.52,10
6491,2184,31,6,28272.34,0
4008,1346,7,6,4009.77,0
4054,1363,141,1,33654.6,25
3063,1031,141,5,33243.77,0
808,266,105,2,13028.64,10
6164,2078,58,6,13574.32,0
1102,364,18,3,26210.15,15
3430,1148,80,5,21052.25,10
3038,1024,3,3,974.14,0
4714,1600,57,2,3689.32,40
2582,872,56,1,9879.14,30
6199,2091,6,1,21777.01,0
4445,1501,139,2,2085.74,20
2820,956,121,4,20055.84,15
3442,1156,56,1,9961.81,15
2083,702,106,5,17409.28,15
3199,1079,79,2,6008.09,30
4955,1680,128,1,17410.82,20
6310,2126,121,2,23529.54,20
671,222,98,1,7031.89,0
4396,1482,53,3,12424.88,0
1855,626,11,5,31578.8,0
5207,1765,103,3,6886.91,30
5997,2021,97,2,34023.24,5
4506,1527,53,5,11858.04,0
4733,1606,130,3,4795.13,40
3711,1245,51,4,332.44,0
541,180,43,1,12237.89,40
2870,974,35,6,24009.49,0
3230,1088,135,2,9175.61,5
5833,1965,44,4,34184.77,0
6178,2084,114,4,3578.82,5
6114,2061,51,6,365.69,30
2545,859,67,4,22028.12,40
6527,2196,18,4,26386.12,0
5928,1997,144,6,38555.7,25
2368,802,76,5,25711.52,0
3662,1228,144,3,37250.62,40
2239,755,77,5,17693.29,30
4057,1363,22,1,4441.8,0
2712,917,72,2,26056.51,30
6410,2159,16,4,2972.7,30
1057,348,128,1,22306.72,5
156,54,42,4,4450.75,30
569,188,140,1,13831.81,20
2354,797,142,2,26582.05,20
4857,1646,31,1,30892.69,5
1286,434,34,5,11727.57,20
2656,899,22,2,4999.87,40
3991,1339,18,6,25195.15,0
4912,1666,129,3,28415.63,0
674,224,125,2,27476.38,20
2986,1010,38,6,4290.47,40
5869,1978,8,3,26736.66,10
4876,1652,66,3,10319.57,15
4494,1520,16,3,2778.67,20
4194,1409,28,2,6254.06,40
4595,1558,20,6,22386.03,15
4757,1613,75,4,6993.89,0
155,54,70,2,16912.96,5
6281,2117,74,4,9526.11,30
5615,1894,126,6,24871.07,0
3059,1031,23,6,16706.82,15
2008,677,105,5,10515.6,20
5821,1960,143,2,35916.17,15
6278,2116,35,3,25950.21,25
5779,1947,93,6,20917.98,0
3424,1147,35,2,26616.56,5
1777,601,82,4,9159.22,5
5195,1762,95,2,15537.51,10
4064,1365,24,3,10208.74,5
323,110,89,5,17376.26,25
2120,712,85,1,22470.35,30
3263,1096,9,4,24624.79,5
4943,1677,66,1,11897.09,20
586,193,143,1,34443.52,10
4268,1437,57,1,3594.55,0
2032,685,118,2,11273.59,0
749,248,48,6,14835.03,40
2491,840,125,1,24765.6,40
817,269,112,4,33893.9,0
1658,562,118,1,12705.96,0
6024,2031,100,1,7723.96,5
5031,1710,38,4,4538.7,30
6389,2150,11,2,27469.73,0
5465,1848,84,1,13619.45,10
4244,1427,47,6,10140.42,30
1665,564,58,5,10596.13,10
142,49,128,2,20979.89,0
78,28,124,5,17064.82,0
265,91,138,3,17034.11,20
3339,1121,92,-1,22240.58,10
3510,1176,143,2,26504.38,10
2183,737,23,1,19169.15,10
4683,1589,43,1,11301.55,5
4330,1458,144,5,35761.34,10
1138,376,26,1,9447.04,40
6358,2141,42,2,4167.22,5
133,47,41,6,17166.57,0
4736,1606,13,1,27444.26,10
3942,1325,142,2,33031.42,10
2914,986,80,1,23272.98,20
3571,1197,86,5,12017.41,25
2829,961,77,1,15399.88,40
858,283,126,4,20342.6,30
2321,787,21,3,27002.93,0
6433,2167,20,3,25589.87,5
5526,1865,47,3,12042.58,0
2791,946,137,4,1665.58,20
3236,1090,100,2,8112.1,20
1676,568,109,3,13613.31,5
1439,487,125,2,26448.07,10
5892,1986,123,3,15074.06,15
5324,1805,112,6,28931.81,10
4164,1400,75,1,6075.21,0
1321,444,6,4,18385.4,20
3745,1257,16,2,2726.84,40
1706,580,55,1,2518.56,30
4700,1594,24,2,10241.79,5
4653,1577,97,1,34191.23,10
4603,1560,59,5,5995.15,0
5159,1750,42,4,5680.8,0
6429,2166,44,2,34615.21,10
2222,750,10,1,23623.53,40
4161,1399,143,1,26632.03,20
5899,1988,86,6,15246.61,30
3761,1263,24,2,10740.6,20
5891,1985,91,4,22265.59,10
4615,1564,91,5,26309.7,20
1191,396,69,6,8493.58,40
397,134,2,5,22548.67,15
5310,1800,56,6,10146.11,0
4905,1663,134,3,1839.34,0
1346,454,63,-1,23728.2,10
5633,1899,128,2,21093.17,0
850,281,55,5,2328.54,30
3184,1073,114,2,3141.33,25
2177,735,82,1,10509.81,15
3845,1292,61,1,23151.52,30
2957,1000,117,2,11535.64,25
4536,1538,83,5,22969.08,0
1971,663,44,3,27006.16,0
1435,484,59,2,7360.78,0
4911,1666,95,6,18029.64,40
2492,841,73,6,27049.08,0
4492,1519,17,4,21017.74,5
4885,1655,95,2,18436.49,0
4301,1448,102,4,1167.02,40
1244,415,29,1,19748.76,20
595,195,28,4,5716.43,25
2088,703,137,2,1674.13,5
6002,2023,94,1,2043.41,20
2497,842,128,-2,19513.0,5
1720,584,69,6,9401.32,30
4326,1457,5,5,10344.36,40
2138,718,39,3,26736.41,25
330,112,13,1,31459.25,0
5577,1883,16,5,3212.44,20
4942,1677,24,1,11610.26,0
5746,1935,144,3,31065.48,0
4270,1438,89,6,17340.93,10
1889,636,5,6,7807.33,10
2856,971,108,2,29883.99,0
5871,1978,99,5,25395.82,10
2198,740,129,6,27018.66,25
2803,951,85,3,19409.03,10
1718,584,147,4,8075.95,5
6204,2092,90,4,8580.65,5
2463,832,68,5,26910.54,5
4338,1462,75,5,7186.76,0
3877,1302,86,2,12042.3,15
5022,1707,146,3,15440.71,10
5744,1935,40,1,13297.71,20
2539,858,77,4,18988.72,40
1258,423,115,5,33302.27,10
948,314,40,4,13088.52,0
3977,1334,48,4,13778.1,20
3074,1036,101,3,6623.16,40
4608,1563,1,2,20333.05,25
3337,1120,133,4,14769.95,0
5496,1857,107,4,5246.1,0
3220,1086,17,2,25128.99,25
1331,447,32,4,26824.75,25
5406,1830,77,2,18285.87,10
2995,1013,134,4,1886.83,40
1089,359,78,3,14703.94,5
3645,1221,50,4,8459.78,15
1555,528,9,2,26287.67,40
106,37,90,5,8078.81,20
3472,1165,126,5,25978.18,10
1959,659,125,6,31046.36,25
6071,2045,81,3,6695.21,10
5934,1998,116,4,7432.28,0
5052,1716,90,5,8469.26,5
4258,1433,126,3,23848.6,0
5253,1778,53,6,10948.99,40
812,267,62,1,29441.05,10
5267,1781,81,5,6094.15,25
3887,1306,46,1,6155.36,40
3152,1062,68,3,25054.78,15
6106,2059,98,4,6620.61,15
3418,1145,86,6,13508.56,0
3041,1025,105,1,10873.5,0
3707,1243,142,3,30002.27,15
3209,1082,97,3,35738.85,30
295,100,57,5,3670.29,10
5895,1986,119,5,4233.06,0
1540,522,30,6,21632.86,40
1375,464,81,6,7183.43,20
1640,556,5,4,9522.86,25
3994,1339,25,3,34826.31,0
6104,2058,88,2,36925.6,0
6113,2060,90,5,6784.78,25
6399,2155,131,2,14456.05,25
5025,1708,15,2,32375.06,5
4594,1558,102,1,1404.56,40
166,58,145,2,11311.07,15
5828,1963,30,4,17292.6,20
1803,610,134,1,2149.32,25
2073,699,129,1,30950.89,30
1016,335,20,2,24256.45,30
6197,2091,75,3,6209.3,5
1014,334,81,1,6905.66,20
4311,1451,111,6,21591.64,40
72,24,17,3,26643.93,20
4954,1680,15,3,38738.88,20
4108,1382,136,4,28919.29,10
289,97,38,2,5738.85,5
4890,1658,145,1,10560.23,20
1359,458,59,2,7775.06,10
984,325,114,5,3340.07,40
154,53,106,6,20934.98,25
333,113,121,6,24073.44,30
1791,606,15,5,31834.28,10
3985,1337,145,4,10812.74,15
3176,1071,115,1,35726.92,15
3897,1310,48,4,13962.75,40
5914,1991,79,5,6825.66,40
6351,2139,11,1,28900.68,0
1511,514,6,1,21390.76,0
3611,1210,35,3,25279.96,15
3444,1156,21,1,30198.73,0
613,202,87,6,32061.94,10
4122,1386,123,3,14048.65,40
159,55,104,1,353.93,10
2703,913,2,6,22757.14,15
509,169,62,3,31983.49,0
4237,1423,2,4,24643.87,40
5938,2001,96,1,21368.14,10
3143,1059,112,5,29574.33,40
1362,459,145,4,12726.93,20
4556,1546,109,1,15398.71,0
2021,682,18,5,22725.15,40
2671,903,102,5,1202.31,25
1729,587,59,2,6079.29,5
6407,2158,45,2,33966.98,15
2749,928,59,6,6066.31,25
4474,1513,144,6,33696.08,10
4336,1461,26,1,9880.47,5
98,34,40,1,14677.83,0
4609,1563,89,3,14050.78,25
1673,567,19,2,11592.73,0
4065,1366,68,6,26316.88,15
680,226,34,3,9998.34,0
5651,1907,15,1,32845.58,5
2126,714,133,5,18067.33,0
104,36,49,2,7503.39,30
6309,2126,70,4,21383.93,30
4335,1460,129,2,26279.38,0
5702,1922,24,1,11926.78,5
2583,872,79,4,6314.67,0
1181,393,31,5,32539.58,30
1864,629,146,4,14375.06,20
5227,1771,112,1,32297.59,20
5860,1975,29,1,24440.46,40
1317,442,40,3,14317.07,0
3899,1311,95,2,16696.0,0
5973,2014,141,4,34121.92,30
247,85,24,3,12958.6,0
465,156,113,2,17347.96,15
6030,2032,124,2,17495.55,40
140,49,108,5,24942.69,40
5714,1926,148,4,29359.54,0
5462,1847,30,1,22244.64,40
5674,1912,73,3,25227.2,5
4001,1343,79,1,5165.41,0
3597,1205,24,2,10978.9,5
2277,767,45,5,36512.32,30
312,106,117,2,11665.81,30
772,255,137,4,1680.17,0
1006,331,138,5,18631.01,20
6533,2197,80,6,22012.79,5
5862,1975,90,3,8143.2,10
2942,996,14,3,883.9,5
294,99,15,3,34474.12,5
2879,977,127,1,15375.79,40
816,269,62,3,29633.67,40
3916,1317,39,5,30041.47,40
3550,1189,32,2,24845.97,10
2112,710,144,3,30886.2,0
3971,1333,38,2,4886.69,10
422,142,47,3,9818.02,15
2721,920,3,6,920.2,15
5520,1864,95,5,18552.79,15
2742,927,37,4,16191.32,10
1587,540,38,3,5375.43,40
5085,1727,61,1,30096.79,0
5608,1892,106,6,16118.49,20
3356,1125,136,3,31181.7,25
4481,1515,145,1,11380.87,0
1106,366,52,2,30226.61,30
63,21,122,2,8381.52,10
145,51,28,6,6137.5,0
3980,1335,60,1,1793.23,20
5572,1881,74,2,9995.3,0
6070,2044,5,3,7568.8,10
4762,1614,92,6,25797.05,15
3373,1131,24,6,11586.26,15
3627,1215,134,2,2273.14,10
2729,923,34,4,9313.93,0
2054,693,120,3,23150.28,10
3297,1107,140,2,11970.82,10
6388,2149,42,6,4143.6,40
3567,1196,59,5,6633.25,10
4632,1569,73,6,26628.46,0
2179,736,37,6,17752.05,5
2874,975,124,3,17902.21,0
1365,460,115,2,31944.23,0
3555,1190,83,-2,27490.99,5
3050,1028,130,6,5283.45,30
2975,1006,14,3,1022.96,30
2372,803,48,1,14133.42,10
2249,758,37,3,14552.08,0
2219,748,93,6,21033.6,0
5042,1714,90,6,6962.98,0
3235,1090,140,6,14849.22,15
5435,1838,109,3,14306.61,0
287,97,134,3,2093.3,10
3926,1319,42,2,4330.78,5
3091,1042,54,6,20208.7,5
1405,475,108,6,28602.52,0
5066,1721,141,4,33674.09,15
2015,681,148,5,38753.28,40
2595,877,92,6,28706.07,5
6271,2114,83,3,28175.66,15
3949,1327,40,1,11325.62,40
1287,434,71,4,24896.19,10
37,12,57,3,3773.98,10
2192,739,110,6,501.4,0
4340,1463,12,1,19436.13,0
4640,1573,115,4,29460.55,0
3910,1314,70,3,18095.85,40
4246,1428,49,1,8557.41,0
4022,1351,13,1,27144.57,0
5461,1847,28,1,5629.26,15
6266,2112,11,5,33780.45,15
804,265,31,3,34461.54,0
4403,1485,148,4,30284.43,40
5626,1897,87,3,31957.16,10
1011,334,135,6,12242.0,20
3659,1226,86,4,15416.24,15
3752,1260,102,6,1452.82,0
1454,493,143,3,26162.9,0
43,14,38,2,5620.2,5
4281,1441,82,3,9357.85,0
1765,597,131,6,15920.1,5
1170,390,55,5,2907.15,10
5659,1909,56,1,9487.62,40
1445,489,61,5,27016.36,0
3285,1104,15,4,30845.48,0
4171,1402,111,2,22514.88,25
3959,1329,39,2,27562.81,30
1254,421,24,3,11142.59,40
3093,1043,1,2,21151.3,30
5603,1891,100,2,8201.01,20
4374,1474,131,1,13154.65,0
5313,1801,36,3,23295.24,10
939,309,105,6,11863.42,30
4488,1517,34,4,8985.61,30
5509,1860,15,6,28311.96,20
5383,1825,54,-3,21865.18,5
203,71,109,3,13379.95,0
175,61,88,5,35490.55,5
2544,859,101,5,6922.96,25
1190,396,2,1,18838.99,25
4447,1503,10,5,25245.35,25
3166,1067,143,5,27866.86,0
1269,427,28,1,6099.91,15
5872,1979,56,3,9206.68,30
3350,1124,91,1,26704.95,0
1026,339,102,5,1405.75,15
1907,642,45,6,30636.89,40
6526,2195,136,2,26198.11,0
1049,346,103,5,6475.7,40
1125,373,134,4,1899.86,30
1078,353,67,5,22972.86,20
5231,1772,58,4,10884.36,10
1349,455,109,1,17912.56,25
1316,442,100,6,7469.68,25
5035,1711,75,3,7437.45,25
4463,1509,112,3,31140.62,20
5119,1738,19,3,12484.05,15
4177,1404,95,3,18495.6,30
3646,1222,114,4,3304.87,0
5209,1765,64,1,24102.57,5
2961,1001,100,5,8545.42,25
737,245,93,1,19724.21,25
1635,554,124,1,16385.03,0
3149,1061,86,6,13164.78,10
809,266,38,2,5633.64,0
6356,2140,101,6,5157.91,20
6443,2170,21,3,24888.88,20
23,8,11,6,29865.89,0
4016,1349,79,3,5157.03,0
3019,1020,52,4,26705.38,0
2594,876,53,3,13605.32,0
4175,1404,90,2,7022.84,20
6379,2147,18,6,30521.95,20
3400,1139,1,-3,20363.92,0
3387,1135,30,5,17760.33,40
3268,1099,118,4,10661.66,15
4783,1619,99,2,24769.43,30
2798,948,60,6,1874.99,0
2598,878,128,4,20321.77,10
5369,1819,112,5,30960.52,40
1275,430,146,1,11890.19,10
73,24,13,5,30523.62,0
3035,1024,143,1,35695.21,20
5576,1882,142,6,30224.49,0
4692,1591,135,5,9508.53,0
113,39,51,5,379.71,40
381,129,27,4,10522.33,20
4725,1604,19,4,11115.08,0
230,80,41,1,15070.13,10
4384,1478,113,5,17197.48,5
4328,1458,70,2,21371.83,5
1199,400,46,2,5182.81,30
4327,1457,63,4,23172.55,5
6462,2176,77,1,20506.37,0
4630,1568,4,6,11224.03,10
4850,1645,65,6,18773.23,0
3595,1205,135,6,12368.11,0
2223,750,127,2,16176.73,5
5764,1940,122,1,6696.26,15
3066,1033,134,4,2004.29,0
6205,2092,68,3,30070.06,40
3764,1265,140,5,12697.24,0
4110,1383,68,2,26941.69,5
6131,2065,31,4,30204.15,0
478,159,25,2,27325.89,25
4200,1411,131,6,14060.15,25
4314,1452,5,4,8012.27,25
3690,1237,16,5,2639.98,5
4947,1678,70,2,18705.6,5
3950,1327,2,6,20909.6,10
3385,1135,148,3,38404.05,10
2258,762,39,1,29827.14,25
4842,1640,45,3,32417.03,0
1385,467,140,2,11938.29,0
751,248,39,1,30927.91,30
784,259,33,4,1048.09,0
864,285,52,-1,32868.57,10
6436,2168,10,3,21342.83,30
5479,1852,118,-3,13750.17,25
1891,636,36,3,20400.1,15
278,95,35,5,25294.88,0
2393,811,79,3,6406.42,0
4759,1613,14,3,889.19,20
1696,575,67,2,19555.28,0
53,17,61,4,27583.28,0
1809,611,131,1,13944.0,15
5428,1837,97,3,31999.72,0
3276,1102,34,1,11942.95,30
4082,1373,37,5,15965.01,30
1509,513,6,4,21695.03,5
2275,766,127,6,19519.23,25
6524,2195,56,-1,8986.47,40
2050,690,132,3,19427.74,10
5675,1913,53,4,12928.94,5
1554,528,143,4,28060.65,10
5985,2018,113,5,20092.29,5
468,156,55,3,2316.69,0
4937,1674,12,2,19613.34,10
5850,1971,93,5,19423.3,0
5038,1713,47,2,10474.55,0
1863,629,18,3,27171.5,0
5293,1794,60,3,1523.7,0
1957,658,11,1,28561.67,25
5341,1811,22,1,4925.89,20
6119,2062,26,4,9580.84,0
6386,2149,41,3,14370.66,0
4883,1655,51,4,370.82,0
3286,1104,49,1,6659.69,0
4839,1639,64,3,18271.13,40
5141,1744,27,1,11719.43,40
662,219,4,5,13876.92,0
3409,1142,82,5,10342.3,30
2613,882,37,3,17193.38,25
4208,1413,124,3,21551.0,0
6468,2178,49,4,7635.65,0
765,253,134,4,2198.91,15
5666,1910,66,6,9305.78,40
6391,2150,72,6,19790.73,40
6394,2152,51,3,397.66,15
426,144,14,6,960.54,0
136,48,2,4,20103.04,30
4308,1450,14,4,957.09,40
134,48,62,6,33485.23,5
1981,665,146,3,14787.52,10
119,42,40,4,11979.12,10
5448,1842,104,3,354.98,30
1699,576,109,1,16353.95,30
2046,689,28,5,5014.48,0
4061,1364,16,5,2672.62,20
4093,1377,112,-3,29748.95,30
3157,1064,134,1,1960.28,0
2647,894,49,1,8548.35,10
4823,1634,8,1,29122.52,0
3049,1027,128,3,21179.58,15
261,88,80,5,24031.3,0
4248,1429,127,3,20533.51,0
4892,1659,94,6,1736.06,5
3802,1277,16,1,3502.6,30
1143,379,57,6,3178.42,30
1260,424,104,3,434.92,0
5321,1804,116,-3,7078.46,40
1796,607,132,5,17285.15,15
1670,566,108,6,24668.73,20
236,82,97,5,32942.7,30
292,99,145,4,12550.17,25
2792,946,5,6,7615.89,0
4629,1568,52,2,32881.63,40
1452,492,44,2,33281.83,15
5467,1848,68,6,26545.11,0
2517,852,117,3,9832.01,10
1434,484,115,3,36117.33,10
3904,1313,145,2,12664.36,5
606,199,43,4,12578.6,40
3508,1176,53,5,11466.01,0
6223,2098,28,6,6595.04,0
3246,1093,16,1,2840.44,0
2833,962,10,3,26132.01,5
904,298,121,6,21161.34,10
1035,341,30,6,19441.47,0
3053,1029,66,3,11377.89,30
3576,1198,120,3,21522.61,30
5903,1989,90,4,7383.12,0
1935,651,100,5,8983.57,40
2799,949,38,6,4365.59,25
2843,966,118,-3,10544.57,40
2429,821,87,-2,23837.42,30
4477,1514,123,5,16629.91,20
4664,1581,67,6,21660.88,15
2489,840,9,3,27452.8,30
3265,1097,109,1,13422.54,0
4637,1571,148,5,33209.25,10
3097,1044,142,2,30231.83,15
2824,958,146,2,12873.77,15
6109,2060,75,5,7074.11,15
5679,1914,17,5,24051.8,40
5762,1940,114,3,3011.39,10
2227,751,6,6,23161.65,25
1491,507,144,4,35682.6,10
353,120,111,1,21791.82,0
6098,2056,113,3,20022.97,0
3008,1018,69,2,10642.84,25
1789,605,59,5,5896.77,20
1096,362,109,6,16718.56,30
516,173,66,5,12012.72,5
3608,1209,138,2,20821.65,30
196,69,144,2,37570.69,30
3517,1178,19,1,12132.05,0
6518,2193,130,2,5279.69,30
934,307,142,1,27866.98,30
5901,1988,3,1,1070.93,40
5748,1936,100,1,7796.64,25
440,148,45,6,36316.01,25
6134,2067,94,6,2114.92,5
5842,1968,53,5,11681.25,0
692,231,23,4,15395.39,0
5942,2002,111,3,20778.55,0
5361,1817,144,6,34648.38,25
896,295,38,3,4975.06,20
3908,1314,41,2,15443.31,15
3140,1058,66,4,10335.88,30
1063,349,138,1,17576.99,0
4667,1581,16,3,2668.33,15
4456,1506,121,2,21188.9,20
758,251,43,2,12896.66,0
1351,455,82,5,10301.54,0
3932,1321,114,3,2912.82,5
5948,2005,146,4,13164.64,40
5399,1829,121,4,22878.9,0
4150,1396,133,3,16230.83,25
4062,1364,55,2,2407.85,0
2221,749,39,1,25373.46,30
4513,1530,64,4,24122.85,15
1666,565,102,5,1442.09,15
2725,921,18,3,26182.2,5
5187,1759,103,3,5514.22,30
1461,496,114,1,3847.18,15
5450,1843,143,1,36215.93,0
3563,1195,120,5,20910.21,10
491,164,1,2,16697.05,20
6314,2127,107,2,5017.7,25
4130,1388,56,3,8657.53,30
6180,2084,138,4,15792.22,0
5753,1938,46,1,5981.57,30
3823,1285,12,1,15684.99,20
4273,1440,23,3,20041.77,20
5803,1956,86,6,13965.5,40
3432,1149,22,2,4406.95,40
2164,731,35,5,23226.63,30
2119,712,55,1,2334.46,40
5515,1862,128,5,22458.76,15
2072,699,89,4,16517.1,30
6227,2099,134,5,2381.9,5
1561,530,94,4,2067.09,0
1733,588,17,2,22283.09,30
2483,838,96,6,17284.52,0
5560,1877,15,1,34502.66,0
1649,558,105,5,13103.77,0
3405,1141,40,5,12530.71,20
5735,1932,31,2,34324.47,15
4385,1478,146,1,12060.67,10
5851,1972,142,4,27052.46,20
4392,1480,32,1,26241.58,40
1850,625,48,4,13177.17,0
1585,538,40,4,10730.4,0
684,227,13,2,30159.4,10
4899,1661,124,2,18256.62,0
3867,1298,144,1,34116.5,40
628,206,14,5,880.72,30
5629,1899,91,5,25043.83,30
1950,655,145,1,13866.05,40
5224,1770,45,3,36079.22,25
1795,607,119,5,3537.14,25
3463,1163,101,1,5681.66,30
2745,928,102,2,1172.84,5
5024,1707,147,2,6922.44,5
2265,764,117,1,12125.79,0
5936,2000,141,3,34149.11,15
3267,1099,104,6,380.33,0
2610,881,113,6,17703.29,15
1968,662,142,6,30640.21,40
3488,1170,110,4,508.49,10
2587,875,103,3,6284.56,0
4024,1351,38,5,4992.27,30
4721,1602,63,3,20112.14,0
2851,969,91,4,25980.01,30
5587,1885,31,5,30214.36,10
3101,1045,68,5,25875.51,0
2203,742,103,4,6341.7,30
2195,740,128,2,16846.67,40
3574,1198,30,6,19766.98,0
3786,1271,100,1,8459.5,30
4555,1546,129,3,32743.75,5
6,2,121,5,23811.42,0
4359,1469,75,1,6834.4,30
847,280,51,2,357.93,25
2835,963,18,1,29868.46,20
1832,618,38,1,4721.77,15
4620,1565,145,1,13634.53,0
3616,1211,70,5,21124.79,20
1095,362,41,6,14737.68,15
2070,698,146,6,11994.02,5
3187,1074,30,5,19746.68,15
1145,380,82,6,9953.4,0
1934,651,43,2,13671.72,25
3043,1026,147,2,8203.67,0
5747,1936,110,4,585.31,40
4223,1418,88,4,34009.39,10
5124,1739,45,2,31983.68,0
6022,2030,54,4,20017.76,40
167,58,92,2,25756.9,25
977,323,82,2,9214.31,25
298,100,63,5,23204.2,0
1978,665,100,5,7301.4,0
1294,436,29,3,19126.3,10
5510,1861,139,2,2716.95,40
6534,2197,34,5,10089.0,30
1456,494,77,4,16042.98,10
2250,758,81,6,7094.74,0
1214,406,2,1,25887.93,0
1958,659,25,1,30483.63,25
3928,1320,2,1,25412.99,40
1973,663,39,4,30062.49,15
5322,1804,41,4,16280.0,10
2981,1008,32,6,27479.97,5
2776,939,123,5,17778.37,15
1980,665,130,3,5958.25,20
1000,328,119,1,4322.1,30
1914,644,27,3,11907.97,20
2904,984,105,1,12975.64,40
3136,1057,107,3,4118.08,10
2659,899,140,3,15018.36,0
4159,1399,9,6,30920.9,15
5876,1980,51,5,321.19,20
2812,954,105,6,13221.55,10
11,4,135,4,9339.28,0
15,5,81,5,7298.29,0
103,36,100,1,9329.51,0
4342,1464,5,1,7548.84,0
5606,1891,92,3,22990.12,0
6319,2128,17,3,23649.65,0
4848,1643,70,1,17903.52,25
2779,941,73,1,27287.89,25
2041,688,54,2,21364.52,0
3056,1030,31,3,34325.41,15
2346,794,41,1,15789.48,40
5894,1986,67,6,19980.69,10
893,294,91,2,20274.43,30
5001,1700,74,2,9466.82,10
5458,1846,15,6,33794.78,0
6420,2164,62,4,28515.06,30
5493,1856,120,-1,24927.75,0
1382,466,16,4,2953.12,0
3637,1220,101,1,5700.55,40
6339,2135,138,6,20973.54,0
2553,863,63,5,22696.57,15
3408,1142,102,4,1270.3,10
132,47,68,1,28575.79,0
3638,1220,25,1,30681.62,25
1453,492,93,1,25203.57,20
2899,982,22,2,4825.21,5
5785,1951,123,6,15274.24,25
5225,1771,75,5,6244.84,5
1017,336,29,5,24425.66,40
5665,1910,14,5,970.07,15
4530,1535,129,4,28415.29,20
4624,1567,80,1,21053.21,40
279,95,105,3,11379.38,0
6363,2142,145,2,12186.31,0
3892,1308,49,6,7189.44,0
709,236,65,4,19881.05,10
3044,1026,107,5,5338.55,15
3493,1171,81,6,5670.91,10
3625,1214,54,4,17299.58,20
6440,2169,88,5,31641.2,0
1871,631,121,3,20369.12,0
2998,1014,144,4,35299.23,0
4286,1444,71,6,23080.7,20
6153,2074,22,5,3766.34,15
304,102,65,3,16893.39,0
5139,1743,20,3,25663.72,0
3040,1025,126,5,20571.03,0
2377,805,81,1,6889.5,0
40,13,85,1,19315.34,10
5784,1950,56,1,10706.93,10
4891,1658,76,5,23541.95,25
4887,1655,37,6,19357.39,30
5696,1920,85,5,17520.29,0
4678,1585,147,2,8762.94,40
6340,2135,94,2,1767.83,25
874,288,71,3,26141.2,5
3947,1326,27,5,9160.4,0
2768,935,37,3,15783.92,40
5499,1857,144,5,28866.8,0
4859,1646,5,5,9264.24,0
48,16,107,3,5341.83,0
4467,1511,135,-1,11875.8,15
2645,894,20,2,22881.6,5
120,42,72,1,27110.93,15
929,305,3,4,905.5,20
2232,753,66,3,11843.46,5
3680,1234,23,4,17701.44,25
5704,1923,21,4,27298.81,20
3822,1285,40,1,13238.98,25
6437,2168,100,1,7593.9,0
1409,476,112,2,30355.46,0
949,314,60,1,1479.38,5
724,240,3,3,868.29,0
1757,595,69,5,9512.91,30
936,308,49,6,8036.77,0
2697,911,49,3,7481.79,40
82,30,117,6,12014.53,0
404,135,43,5,11638.56,40
3549,1189,12,4,20113.39,5
4228,1420,64,6,21476.89,10
5440,1839,114,4,3187.39,0
4930,1672,47,4,10462.92,0
6545,2200,20,1,23461.64,5
5644,1904,45,2,28121.48,30
4105,1381,101,2,6570.63,40
2412,817,10,5,27963.2,30
2230,752,71,6,28553.2,15
6140,2070,10,3,23467.62,10
823,271,98,-2,6089.62,15
199,69,35,3,22272.98,0
431,145,146,6,13229.76,15
3623,1213,22,5,4122.79,40
5861,1975,125,4,30423.46,25
2003,675,31,3,36985.83,15
1621,550,64,1,21828.5,0
1690,573,49,2,8147.15,0
4309,1450,140,-2,14122.1,10
5541,1871,78,1,16843.88,20
1818,614,71,1,26039.14,0
6212,2095,91,4,22069.03,15
2690,909,44,3,29894.42,0
6015,2028,61,3,27808.42,0
3938,1324,32,1,23276.3,15
3588,1203,119,2,3542.98,40
1001,329,25,2,33985.39,0
1948,655,73,4,24050.71,5
924,304,64,4,20319.6,25
1564,532,57,1,3607.03,25
5902,1989,10,1,27208.14,15
3069,1035,64,5,21942.85,25
6122,2062,115,4,35260.12,40
4067,1368,122,2,7072.85,25
2132,716,49,3,7302.61,0
1323,444,143,5,30870.25,0
951,314,35,1,24881.99,20
6549,8935,7,2,4467.35,0
3291,1105,123,1,18010.9,0
4538,1539,109,1,16808.93,15
4269,1438,114,5,3556.27,15
5598,1888,88,3,27937.23,0
659,218,24,5,10295.51,40
3295,1107,119,1,4486.37,0
3354,1124,3,6,832.05,25
6244,2106,53,6,12174.83,0
596,196,80,4,19661.05,0
1373,463,122,6,6603.91,15
4769,1615,116,1,8423.7,15
161,55,17,5,27077.49,30
3070,1036,33,2,1003.06,25
5870,1978,59,6,7944.72,25
4034,1356,104,5,336.82,30
6023,2030,6,1,20890.85,15
6470,2179,22,2,4627.25,15
6471,2179,100,6,7089.75,20
1505,512,116,2,8353.59,0
6475,2181,47,1,11610.8,20
3226,1087,103,6,6509.7,30
5381,1824,67,3,24949.13,25
3244,1093,121,6,23197.66,0
2970,1005,50,6,10113.89,30
192,68,114,3,3204.95,30
4490,1518,134,3,2382.57,5
3896,1309,44,3,29559.98,0
1678,569,97,6,34727.28,5
2641,891,29,5,20841.8,25
183,65,116,2,6899.18,5
1995,674,92,5,28009.33,5
6316,2128,8,4,28868.4,0
297,100,93,6,23548.11,20
352,120,61,5,30980.55,0
4973,1687,141,3,32758.79,0
6449,2173,9,1,30060.99,20
251,86,130,2,5755.81,0
3528,1180,141,3,36669.28,30
5189,1759,60,6,1595.79,40
1403,475,33,2,1126.94,10
6094,2055,89,4,15827.87,20
5250,1777,143,3,31004.02,40
5654,1908,69,6,10177.58,0
3954,1328,77,6,16851.17,40
2767,935,127,6,15274.41,0
503,168,110,5,462.6,5
1466,498,138,5,16939.86,0
21,7,34,3,9936.63,30
4421,1492,43,5,11555.16,15
3999,1342,140,1,13824.88,30
1847,624,7,1,5207.41,20
2168,732,104,6,387.36,20
806,266,127,6,15715.91,40
3467,1164,147,6,8817.03,0
3672,1232,12,5,17131.63,5
4840,1639,81,5,6120.34,15
4568,1549,63,5,19960.28,0
5768,1941,95,2,16859.97,5
4659,1579,29,3,18499.87,25
793,262,39,2,33850.24,20
3401,1140,12,5,18276.43,20
4395,1482,40,3,13633.75,15
4455,1506,83,4,24844.78,40
2563,865,137,5,1630.03,20
3730,1252,78,1,17424.83,15
3997,1341,108,4,31169.61,0
4444,1501,143,5,35889.65,0
5114,1736,101,3,5087.31,0
782,258,54,2,17004.07,25
4960,1682,10,4,22155.27,0
6157,2076,90,6,8078.7,20
1911,643,24,6,11177.76,40
1569,533,91,2,23386.5,20
204,71,140,6,14976.0,0
4004,1344,23,2,16316.48,0
485,162,16,-2,3430.58,20
1172,391,117,1,10684.5,40
1683,571,135,6,11014.47,10
2951,999,40,5,14130.3,30
861,285,67,3,20384.86,5
4282,1442,12,6,17080.67,0
4915,1667,75,1,7109.32,40
5817,1959,77,4,16865.79,20
1844,623,71,3,27386.16,5
4737,1607,74,6,9929.33,0
2124,713,68,5,28710.3,5
3434,1150,123,5,16491.75,30
811,267,9,6,30925.48,30
1964,660,143,5,30762.04,10
5843,1969,63,3,18341.95,5
643,212,4,2,15043.6,0
2033,685,73,3,25486.51,10
3591,1204,43,1,14315.39,10
5986,2018,75,4,5994.43,0
4380,1475,61,5,23483.09,0
1401,474,100,6,6846.07,40
6298,2123,55,3,2717.51,0
1215,406,117,3,9721.44,0
1262,425,39,3,34133.67,0
770,254,129,6,26475.1,15
2778,940,20,2,25714.14,25
3811,1280,126,2,23776.21,0
74,25,43,4,11483.86,15
725,240,41,3,18525.97,40
1534,520,78,1,15767.21,40
1764,596,70,4,21742.53,25
2714,918,42,5,5528.98,15
4172,1402,36,3,22834.86,25
5676,1913,19,6,9917.35,10
97,33,53,5,13414.03,0
4349,1465,131,2,15140.09,30
4596,1559,114,5,3556.43,15
5387,1826,147,3,8569.92,0
5012,1703,77,1,20311.25,5
814,268,100,6,9073.88,10
5799,1954,88,5,33017.15,20
5010,1703,90,2,6471.91,40
6454,2175,69,1,10661.77,40
4908,1664,111,5,21934.53,0
6215,2096,107,4,4727.36,5
967,320,130,5,5690.33,15
5795,1953,66,5,8851.97,0
1366,460,107,6,4223.86,15
4545,1541,67,4,19901.92,0
5366,1819,115,6,36915.85,0
4849,1644,143,1,33976.23,30
2869,974,9,1,29489.16,0
4500,1524,117,1,9431.0,30
1480,504,134,2,2132.43,0
1355,457,109,3,13559.51,0
1093,360,43,6,11881.08,0
1354,456,40,3,12509.27,15
862,285,104,2,447.69,0
1126,373,75,3,7339.19,40
290,98,48,2,12647.18,0
4031,1355,117,2,9678.48,30
3564,1195,124,2,16414.7,0
6272,2114,115,4,32175.7,30
3746,1257,73,4,25355.06,25
2855,970,142,6,27569.42,5
5503,1858,112,3,26968.29,20
169,58,98,2,6303.58,0
2342,793,21,5,25926.38,0
5810,1957,24,5,11685.37,30
1753,593,52,5,35288.88,0
3123,1051,45,2,32984.98,5
4068,1369,51,6,345.75,0
4462,1509,88,1,36653.27,20
6189,2088,75,1,6911.89,30
6532,2197,41,6,18262.66,10
6546,11329,144,3,31337.02,0
870,288,15,2,28332.39,15
5020,1706,33,6,967.55,5
4250,1430,136,6,28999.41,5
992,327,40,1,11282.17,40
5441,1839,58,2,9812.79,0
3450,1158,77,1,16290.9,15
2396,813,148,6,28847.88,5
888,292,126,2,20588.33,20
678,225,37,5,14358.32,0
357,121,75,4,7354.94,30
6012,2028,6,5,18698.66,10
5930,1997,106,5,18593.94,5
6139,2070,54,4,17065.54,0
5127,1740,115,4,36196.6,15
2770,936,35,6,20480.78,25
5700,1920,83,6,23245.55,20
5168,1752,45,5,31613.87,0
717,238,27,4,9070.58,0
2800,949,120,2,22801.94,0
4821,1634,61,6,23626.82,20
5208,1765,142,3,34527.01,20
2420,818,64,1,23038.12,40
2607,881,147,1,7661.51,15
5946,2004,134,1,2150.05,0
5303,1797,57,1,3254.03,20
3232,1088,45,4,27807.02,0
5767,1941,26,2,8582.56,0
3953,1328,94,5,1639.85,20
3915,1316,69,5,8255.8,10
3135,1056,43,5,13479.04,10
1247,416,127,6,20162.67,30
1811,613,58,-2,11480.37,0
1402,475,16,6,2859.22,0
663,219,95,4,17792.72,30
3345,1122,138,3,17656.99,10
6477,2181,101,3,5168.11,20
3524,1179,84,1,13396.95,40
5316,1802,93,2,23618.0,40
5798,1954,68,2,28445.88,0
975,322,61,2,28539.0,15
1122,371,29,5,21872.85,25
3544,1187,76,4,21873.02,20
1015,335,46,1,5183.1,0
6311,2126,65,6,18829.85,30
6149,2073,101,1,6842.75,5
5658,1908,54,4,22347.43,30
4918,1667,116,6,7590.11,15
6054,2038,49,4,7916.7,10
879,289,81,3,5610.92,0
4626,1568,57,2,3864.75,30
3515,1177,93,6,21008.24,0
690,229,124,3,21652.49,0
2149,723,13,6,30429.26,0
2024,683,92,3,25150.91,25
5138,1743,49,5,6770.82,5
2398,814,84,2,11584.07,0
2474,836,16,5,3259.84,15
5765,1941,104,1,350.07,30
6091,2054,86,5,11770.34,15
4654,1578,59,3,6769.91,10
5153,1747,63,1,19879.05,25
5826,1962,63,1,21329.14,40
2740,926,137,6,1757.05,30
4216,1416,107,2,4156.12,0
3343,1122,19,4,9426.5,30
6156,2075,119,1,3481.33,20
4389,1480,31,4,35765.93,20
3225,1087,132,2,15949.1,0
3943,1326,46,2,5662.77,40
3850,1295,58,5,11219.4,30
2564,866,77,5,20488.22,10
4761,1613,26,5,7872.55,5
240,83,16,1,3514.92,10
2271,765,66,1,10704.16,20
6513,2192,111,3,21795.35,20
5306,1798,111,1,22676.79,40
3465,1163,25,2,37388.54,0
2976,1006,144,6,37364.23,25
66,22,21,6,24530.39,15
4546,1542,38,4,5657.49,25
3398,1138,105,4,10834.1,30
1721,585,20,5,25239.47,15
1474,501,53,2,13806.24,0
4169,1401,38,5,5550.3,15
2532,855,89,6,16048.32,10
3948,1327,83,6,20525.17,25
6076,2048,66,4,8943.77,0
2339,792,145,-2,12161.56,25
3240,1091,21,6,27082.49,15
4427,1495,127,3,17406.13,0
217,76,32,1,25225.17,0
447,150,126,4,22254.31,5
5519,1864,68,6,30048.66,0
1369,462,14,5,1127.25,40
5360,1816,148,6,31316.46,30
4894,1660,32,6,28524.94,25
4240,1426,32,5,22421.47,10
2338,792,138,5,18992.22,5
423,142,90,3,7370.63,20
4017,1349,34,3,11605.12,0
4504,1526,138,2,16756.59,5
757,250,73,6,24839.25,20
4829,1637,48,3,12814.99,15
6540,2199,85,1,20504.81,10
6117,2061,144,3,35085.69,20
4178,1404,60,6,1679.11,5
1763,596,35,-2,26764.37,25
2260,762,112,3,33819.57,10
3034,1024,99,1,20439.34,10
4407,1486,35,5,25365.73,20
4099,1379,75,3,7597.84,40
5559,1877,136,5,32453.21,0
2157,727,98,4,7192.14,0
4184,1406,70,2,22531.99,0
1341,452,17,1,27199.0,15
5408,1831,11,1,27006.66,15
4584,1555,129,1,29296.06,10
1288,435,76,6,22891.07,0
5117,1737,84,4,12900.89,0
3010,1018,19,4,12584.74,25
3527,1180,104,4,324.15,0
18,7,96,1,17370.15,0
3751,1260,124,6,19700.74,10
6222,2098,105,4,12941.62,40
5007,1702,105,4,13367.78,5
3507,1176,38,-3,4345.57,20
2154,725,31,1,33754.5,20
2324,788,110,4,505.05,15
6528,2196,41,5,15592.5,0
3754,1261,91,3,27272.52,0
3239,1091,113,6,17960.66,5
2566,866,125,5,26006.59,40
6047,2037,63,5,18810.47,30
3714,1246,119,1,3608.24,40
362,123,51,6,368.0,25
4373,1473,141,6,31365.58,0
3457,1160,74,5,10797.05,0
5215,1767,23,6,15657.3,5
5813,1958,70,2,22480.13,5
2590,875,89,4,15908.54,0
2194,739,18,6,24243.77,40
788,260,92,6,22665.89,40
779,257,125,3,28279.75,5
5910,1990,5,-2,9266.59,0
5049,1716,9,4,24970.46,0
3148,1061,9,1,30564.63,0
4091,1376,93,3,25268.35,5
5959,2008,41,1,15637.47,30
3281,1103,25,3,31958.37,0
65,22,10,1,21595.79,25
3542,1187,32,3,27092.08,0
1713,582,122,3,7661.12,20
3778,1268,66,5,11318.77,15
1159,385,86,3,12921.24,0
5237,1774,62,6,26141.1,25
3682,1235,23,4,19958.02,15
573,189,102,5,1264.27,10
1639,555,104,4,424.48,0
3640,1220,65,5,16791.71,5
6143,2072,117,1,10575.43,0
5044,1714,128,1,22488.59,30
449,150,133,3,14011.83,30
6276,2116,10,6,20733.84,25
5547,1873,95,1,16456.84,40
2444,825,51,5,335.27,15
5222,1769,17,1,21620.73,10
4661,1579,94,1,1968.04,30
88,31,2,1,24564.87,10
4320,1455,50,1,11112.4,10
5840,1968,59,1,7924.16,0
1146,381,148,5,29011.54,5
109,39,118,1,12212.47,0
1209,402,122,2,6795.17,0
1413,479,53,-1,11567.94,0
5247,1776,9,1,31632.32,0
3223,1087,131,4,14360.07,10
767,254,112,6,30293.02,15
732,242,17,1,27717.53,20
1877,632,82,1,10978.39,15
2577,870,3,2,911.03,30
6430,2166,50,2,8182.1,20
3275,1102,81,6,7530.27,0
4605,1561,148,4,29937.04,0
2908,984,7,3,5075.0,20
1377,465,122,1,7862.18,0
2002,675,75,-1,5962.52,10
1200,400,96,6,18214.29,0
1009,332,100,3,8692.99,0
5882,1982,77,2,18802.53,0
3048,1027,79,1,6544.18,0
1165,388,108,1,28939.97,25
1458,495,63,5,21607.68,40
210,73,7,5,4786.95,10
2185,738,60,5,1758.91,40
5105,1734,107,3,4342.23,15
3713,1245,6,3,19510.42,0
1231,410,66,6,10548.23,0
2037,686,100,1,7996.88,0
3577,1199,131,3,14934.52,25
3622,1213,25,6,30995.46,10
2092,704,69,4,9062.36,0
4007,1346,67,4,21650.6,15
2074,699,98,6,6904.4,15
5564,1879,102,6,1129.47,20
3603,1207,80,4,23678.24,10
2408,816,33,3,1171.02,30
6175,2083,26,3,9729.26,10
4196,1409,121,5,24638.73,30
6237,2103,99,5,18649.21,40
126,45,142,1,28760.35,20
905,298,51,5,313.45,25
4261,1434,28,2,5782.5,0
1196,400,105,4,12856.91,0
3077,1037,14,6,1019.21,10
762,252,33,5,928.69,5
5221,1769,8,4,31434.56,0
446,149,102,1,1480.48,10
5411,1832,95,4,18852.42,20
322,109,18,3,25225.38,0
5284,1790,123,3,15994.74,25
2872,975,73,1,26878.33,0
937,308,105,2,10843.9,10
3900,1312,118,1,13593.9,40
3533,1184,9,4,28733.03,5
252,87,28,5,5899.75,0
3639,1220,99,6,25297.84,20
1010,333,100,5,9128.18,25
2467,834,102,6,1225.25,10
360,123,100,6,7211.61,40
4867,1649,20,6,26030.86,20
2994,1013,78,1,14184.36,5
2882,978,5,5,10358.2,20
1824,616,113,3,17235.09,25
1613,547,2,4,21720.24,0
676,224,75,1,7314.45,40
2262,763,21,3,26762.5,5
1568,533,31,4,31661.21,5
4835,1638,96,6,16923.45,15
2547,860,107,2,5197.7,0
773,256,123,3,17556.42,0
5277,1787,54,4,18254.86,15
1829,617,111,3,20073.64,25
2252,759,6,1,18573.68,25
1185,395,29,2,21808.47,20
1627,551,21,6,30784.77,25
5373,1820,91,2,26275.99,40
4684,1589,82,2,8716.62,0
4010,1347,7,2,4752.6,20
2344,793,148,1,34112.84,0
2900,983,61,2,31658.72,0
2000,675,2,1,23075.47,25
1882,633,123,4,13611.29,40
4134,1390,34,2,11760.92,10
146,51,88,3,37971.6,20
62,21,42,5,4591.16,20
2199,741,123,2,16489.06,30
4790,1622,66,1,8675.43,10
2273,766,19,3,10355.86,15
5432,1837,73,3,22123.99,5
255,87,29,6,24361.66,0
4871,1650,126,4,21805.29,0
158,54,57,6,2941.04,30
264,91,134,6,1742.85,15
4695,1592,140,2,12914.9,30
5327,1807,124,1,16540.79,20
4674,1583,29,3,21361.48,0
4043,1359,10,6,23716.83,25
1512,514,104,2,376.63,25
93,32,55,-2,2234.89,5
4095,1378,77,3,19630.24,25
1838,621,100,1,9143.99,25
5097,1731,113,2,17405.61,40
3581,1201,81,4,6785.55,40
263,90,66,6,11187.03,10
4717,1602,133,1,18132.29,0
3195,1078,37,3,16520.44,10
1659,563,11,4,27827.27,25
5529,1867,93,5,24905.15,0
6481,2182,10,1,25943.02,40
2197,740,115,4,37424.44,15
5673,1912,124,5,20960.57,25
658,218,23,5,16814.74,20
1120,370,102,4,1212.97,15
997,328,60,2,1700.36,0
1449,490,75,5,6351.75,30
5652,1907,120,6,21591.67,15
2257,762,68,4,31044.44,15
5386,1826,100,4,6878.76,30
1559,529,134,1,2106.87,0
443,148,42,5,4489.5,0
2165,731,103,2,5869.79,10
3158,1065,120,1,21944.26,5
324,110,103,-1,6836.83,0
3242,1092,34,6,11344.43,0
366,125,82,2,9866.07,10
4598,1559,49,1,7642.57,10
407,136,35,2,24234.11,5
33,11,107,5,4298.21,5
2709,916,121,4,24830.21,10
5068,1721,7,-2,5407.34,0
3433,1149,33,6,1159.12,15
5065,1721,129,3,31334.01,0
300,101,69,3,8898.52,0
5485,1854,117,2,10609.05,5
3984,1336,127,1,19517.09,30
954,315,37,6,15972.94,0
4569,1549,139,1,2560.83,0
2772,938,124,2,16102.47,30
3874,1302,26,3,8478.93,25
906,299,21,6,27392.25,15
4909,1665,74,6,11276.45,40
6547,4970,78,3,15580.97,0
3594,1204,8,6,30022.87,0
1510,513,75,4,7024.32,25
4953,1680,24,6,11485.74,25
1495,509,124,2,18768.3,0
5160,1750,30,4,16754.66,10
3453,1159,27,4,9755.77,40
5504,1859,125,3,26314.7,30
3196,1079,139,-1,2503.42,25
4575,1551,130,6,5489.28,10
4126,1387,56,1,9632.39,0
5703,1923,1,3,18737.26,20
3925,1319,107,3,5120.78,40
5686,1916,120,4,25727.59,0
1003,329,53,2,10822.51,0
1364,460,12,2,14713.96,20
1252,420,112,6,32667.93,25
1020,337,40,2,11153.07,30
3470,1164,132,3,19127.2,15
2253,759,48,6,14387.76,5
3729,1251,132,4,18094.69,40
825,272,99,3,18972.84,10
4696,1592,113,1,15441.13,0
3085,1040,119,6,4506.37,20
4032,1356,8,6,33885.85,15
4716,1601,69,1,9739.85,0
2600,878,88,1,36401.7,15
3377,1132,63,2,23083.97,30
1230,410,106,3,15790.86,5
2430,821,101,1,6444.79,20
5692,1918,30,6,18670.02,10
5203,1764,39,4,31479.01,15
124,44,47,5,11542.16,0
3642,1221,31,4,30534.63,0
241,83,88,2,29713.56,15
3046,1026,50,6,9097.98,15
4856,1646,140,1,14339.32,0
3324,1116,8,6,31320.86,30
4927,1671,8,3,27641.9,20
1187,395,50,1,10214.82,0
4539,1539,101,6,5908.37,20
3151,1061,102,5,1325.64,0
4234,1422,44,5,33259.85,0
1186,395,90,3,8107.09,0
2189,738,140,5,16015.35,0
3015,1019,54,5,17059.34,25
2335,791,76,2,28519.97,20
2841,965,81,6,6414.68,15
4128,1387,48,6,13656.71,40
5612,1893,73,3,22837.55,10
711,236,139,4,2688.77,10
3037,1024,79,-3,6101.64,10
881,290,55,1,2382.4,20
2864,973,111,3,21600.89,5
6360,2142,27,1,11275.45,5
6221,2098,80,1,24428.27,10
868,287,96,2,21015.14,25
2274,766,112,5,29823.91,0
1908,643,60,2,1887.07,20
2711,917,139,5,2279.83,25
1044,345,30,5,20314.09,30
4586,1556,114,3,3275.96,15
5464,1847,144,2,32076.38,30
456,152,24,4,10325.83,30
4544,1541,34,1,10469.21,15
5533,1868,7,5,4885.45,5
3914,1316,70,-1,22441.45,40
1892,637,145,2,10844.11,30
4409,1486,64,3,24505.36,5
5162,1750,11,-1,24735.9,0
6402,2157,112,3,29115.99,15
1248,416,52,5,32594.24,40
1085,358,109,2,13871.18,0
2057,693,73,1,27413.77,25
2621,886,101,3,5382.03,0
4187,1406,72,3,21099.15,30
6297,2122,131,3,14588.17,15
4913,1666,80,3,21812.91,0
1700,577,3,3,1071.21,15
4936,1674,51,2,377.06,0
4743,1609,121,6,18899.67,0
4324,1456,141,5,38771.51,10
2531,855,3,2,850.51,0
288,97,76,-3,28521.32,40
1278,431,84,2,13919.42,20
1779,601,102,4,1408.61,10
4333,1459,35,6,26473.46,0
3755,1261,92,4,29590.5,5
5797,1954,52,6,33807.27,5
3734,1254,11,-2,30192.32,15
2716,918,14,1,845.07,0
1840,621,32,3,22176.81,0
1604,545,126,3,20054.04,20
4465,1510,23,3,15679.54,0
4682,1588,129,3,29702.96,0
3558,1191,49,6,6594.8,0
944,311,120,1,22076.5,15
3256,1095,128,5,19202.34,25
1226,409,29,1,19176.26,20
3774,1267,77,2,16658.24,20
254,87,107,3,5166.65,40
800,264,58,1,10944.39,40
6434,2167,8,6,31123.49,25
5857,1974,42,2,4103.15,20
6005,2024,73,4,26688.51,20
3911,1314,132,5,16163.9,25
2091,704,66,2,9158.5,5
729,242,94,-2,1739.71,40
2886,980,84,2,10212.67,5
4703,1596,61,3,23780.18,0
1259,424,70,6,17153.06,0
4902,1662,122,3,6714.86,25
4715,1601,89,1,15050.0,0
1743,590,62,1,26678.21,15
4665,1581,112,6,26944.93,5
6013,2028,96,5,21756.13,40
5909,1990,32,3,25070.96,10
3208,1082,65,5,18060.74,0
4188,1407,22,4,4402.2,0
2507,847,51,1,385.77,20
5976,2015,57,6,3097.65,30
4334,1459,53,1,10874.34,5
6346,2137,14,6,883.27,15
4489,1517,112,5,29401.65,25
6115,2061,4,6,14182.62,0
634,208,132,3,16159.91,0
4439,1499,38,4,4306.51,10
6441,2170,32,4,23567.14,25
796,263,107,5,5137.81,15
4719,1602,7,2,5390.17,5
6335,2134,10,6,26184.42,0
3520,1179,57,6,3394.35,25
4779,1618,109,3,16009.19,15
5043,1714,109,5,17295.14,30
3551,1189,102,2,1246.64,15
4029,1353,72,2,19886.94,15
473,158,90,2,7932.85,40
931,306,101,5,6949.15,0
2996,1014,7,3,4442.5,15
1536,521,63,6,22332.07,0
1004,330,39,2,32331.58,15
882,290,83,6,20401.2,40
1716,583,96,6,21939.15,20
5275,1785,109,1,13885.54,0
4673,1583,97,4,32987.9,25
5073,1723,71,6,23642.99,0
2695,910,50,2,10466.77,10
5887,1984,115,2,33369.18,5
3981,1335,21,5,25590.77,0
3688,1237,111,1,22371.2,40
1415,480,16,3,2856.68,0
2828,960,69,6,7833.4,0
3673,1232,37,4,16502.96,20
2930,993,10,4,22737.51,30
2636,890,27,4,11144.51,0
1079,354,8,2,30168.2,0
3940,1325,111,6,20267.68,15
582,192,26,-1,8933.01,40
2403,815,62,4,26621.07,10
2887,980,104,3,328.33,20
5641,1903,39,6,33453.11,0
3364,1129,73,3,21247.17,0
644,213,134,4,1968.59,0
3548,1189,124,3,16093.71,0
2977,1006,104,2,402.89,20
1295,436,39,2,24921.9,20
4332,1459,18,5,26897.78,0
1235,411,126,3,27083.33,10
5377,1821,124,3,21980.82,0
3952,1328,104,5,341.99,0
3231,1088,80,2,25648.8,30
81,29,136,6,28914.19,10
5206,1765,30,3,17260.96,10
258,88,35,5,21965.74,5
4315,1453,97,2,29102.75,0
598,196,35,5,26000.09,10
4484,1516,82,5,11559.99,20
4638,1571,82,6,9278.15,30
4998,1698,100,2,7131.29,20
1582,536,142,5,27363.92,30
5067,1721,17,6,21830.65,30
5662,1909,14,2,1107.56,5
554,184,71,1,27897.98,0
5152,1747,26,2,7432.51,30
4903,1662,89,2,15025.42,10
2325,788,128,2,20962.76,20
3316,1114,147,2,6599.48,20
3460,1162,98,4,6243.83,0
622,205,38,-3,5468.25,0
2428,821,27,4,10225.26,15
2289,775,100,4,7091.94,40
736,244,45,6,32807.04,0
4563,1548,5,6,10432.36,5
1744,590,1,3,21260.96,30
3234,1089,5,3,7899.21,25
3620,1213,65,6,16546.74,15
5527,1866,85,1,17105.59,25
3720,1249,15,4,34898.17,5
3733,1253,131,6,14007.27,20
4469,1512,16,6,2773.09,25
266,92,112,2,28731.92,0
1954,658,140,2,12351.68,5
2123,713,141,6,29258.81,40
4808,1630,148,6,38673.32,0
3945,1326,22,-1,4078.15,30
1565,532,109,3,16742.17,5
3801,1276,66,3,11368.72,0
4961,1682,82,4,9299.83,0
3404,1140,134,5,1871.45,30
2922,989,69,5,9027.24,40
4210,1414,16,5,3014.25,0
1552,528,34,1,9545.13,0
3112,1048,64,3,23380.17,15
2997,1014,83,6,26487.33,0
4102,1380,112,5,26003.4,0
3061,1031,49,6,6484.28,20
147,51,53,6,11693.47,5
4526,1534,94,1,2021.63,40
1306,439,72,4,19979.87,40
172,60,95,1,18502.69,20
894,294,61,5,28888.93,0
2293,776,64,4,18537.45,0
1622,550,30,3,21898.78,0
2469,834,130,4,4980.24,15
479,160,109,5,14063.01,5
6216,2096,108,5,25869.36,0
576,190,13,6,29747.2,15
614,202,38,5,5431.47,25
3978,1334,57,4,3811.7,0
5981,2016,141,5,31126.11,5
85,30,86,3,15346.73,0
256,87,141,6,30480.49,15
5419,1835,41,2,15674.66,40
27,9,133,4,16946.1,20
3338,1120,111,4,18905.14,0
2939,996,28,3,6076.43,0
999,328,63,4,18172.78,10
4941,1676,86,1,12711.28,40
3164,1067,28,2,5562.84,10
14,5,7,1,4285.24,0
3368,1130,4,6,14581.5,15
3785,1270,3,5,1095.26,20
6521,2194,58,1,11747.8,25
2229,751,67,6,25528.9,25
4772,1616,123,4,15889.96,40
1562,531,97,-2,29434.86,15
1632,553,34,1,10443.18,30
2655,898,68,2,25808.53,0
5349,1813,32,4,22923.72,30
4524,1534,127,4,18778.39,15
5595,1888,131,3,15536.68,20
5786,1951,87,4,32087.97,40
3142,1058,46,3,5496.33,25
5244,1776,64,3,23556.59,0
2435,823,86,3,11580.46,10
3052,1028,47,5,8975.44,5
6241,2104,142,6,32208.19,0
4592,1558,123,2,17824.89,30
4870,1650,91,1,22409.15,30
1813,613,87,3,26225.48,0
4650,1576,129,1,32004.9,0
6092,2054,19,-3,12294.94,0
177,63,56,5,8808.77,40
346,117,16,2,2709.97,15
4107,1382,131,3,13508.88,5
1695,575,48,6,11964.93,0
4655,1578,116,3,8623.1,30
2009,678,89,5,15955.86,0
694,232,113,4,18289.99,0
4056,1363,121,1,23368.47,10
1833,619,42,4,5470.49,15
3647,1222,51,3,327.37,40
5280,1788,72,2,20979.45,0
3498,1172,81,3,7287.12,25
3294,1107,46,2,5523.54,10
4364,1470,130,2,4648.89,40
5725,1929,80,5,25088.04,30
4425,1494,65,3,15839.7,40
6375,2146,138,5,20879.48,25
5474,1851,3,3,869.97,15
2261,763,11,4,30862.06,10
4021,1351,35,4,25535.25,25
2421,819,71,4,22473.55,10
1880,633,26,4,8764.95,0
3132,1055,131,5,17165.82,0
5182,1757,108,3,26957.72,0
5480,1852,22,1,4804.87,30
416,138,57,2,3615.51,0
1884,634,82,6,11449.01,0
4712,1600,82,2,11689.65,20
3593,1204,120,6,23935.53,15
1018,336,73,6,26986.61,0
4162,1400,39,5,27042.92,40
777,256,85,2,16894.23,0
318,108,42,4,5262.66,25
4000,1342,29,6,23078.28,5
375,127,64,3,20558.18,10
5778,1946,89,6,15004.56,20
2674,903,12,2,20151.33,25
5734,1932,79,3,6344.57,0
2423,819,141,5,38726.41,20
5166,1751,2,5,23201.66,0
4984,1694,27,2,10151.34,10
4884,1655,46,5,5056.87,0
2328,789,127,3,20112.05,0
1588,540,18,3,23150.25,5
59,20,1,1,19514.32,10
2174,733,138,3,15600.77,0
1344,454,75,5,7901.51,5
3414,1143,50,3,9228.91,15
1751,592,75,3,6066.5,30
3504,1175,30,5,18844.16,25
235,81,48,6,11443.84,0
5454,1845,104,5,378.71,0
2686,908,101,4,5631.78,0
2312,784,123,6,15063.6,0
646,215,99,3,19967.32,20
2560,865,39,2,29846.18,0
2921,989,117,5,10862.1,40
1121,370,17,5,25270.37,0
3770,1266,48,5,12278.07,10
3839,1290,38,6,5698.88,15
1182,393,28,6,6328.03,30
267,92,12,2,19671.74,0
4109,1383,107,3,5196.75,30
5616,1894,77,3,15997.36,0
5931,1997,32,3,23108.49,15
1542,523,85,-2,21517.56,0
3346,1123,90,2,7118.28,10
4307,1450,51,2,367.49,10
171,59,141,2,30557.87,5
6269,2113,15,1,34564.64,25
3330,1118,141,5,37615.39,5
2949,998,29,4,19497.89,40
6209,2093,109,3,13598.28,0
1854,626,140,5,12807.05,20
5060,1719,109,3,16144.22,25
2890,981,12,5,19716.08,0
2292,776,141,4,30525.94,25
3670,1231,71,6,22841.38,0
5897,1987,4,3,14500.94,0
6059,2040,62,-1,27114.96,20
1580,536,56,4,10015.75,15
5312,1801,138,1,18492.67,0
3224,1087,85,1,17579.69,30
602,198,144,1,37820.01,10
4672,1583,23,4,19436.48,30
84,30,73,3,26741.79,5
433,146,78,2,18040.46,30
2572,868,110,1,613.16,0
6049,2037,65,5,18097.91,0
4079,1373,147,1,7794.03,15
1378,465,129,5,28601.8,0
1902,641,129,3,32155.05,20
4852,1645,115,5,29538.29,0
3160,1065,15,4,35997.29,10
2527,854,107,5,5099.45,0
6249,2107,1,2,18505.68,0
291,99,104,6,326.31,30
5649,1905,133,3,17629.99,15
3794,1274,85,3,20878.34,25
1161,387,35,2,23348.67,0
651,216,108,6,30457.09,0
2974,1006,147,2,8147.01,5
2468,834,92,5,29516.17,15
441,148,113,4,19016.64,5
444,148,15,-3,36587.42,0
2616,884,68,6,25271.74,30
5389,1826,130,-2,5934.45,40
3957,1329,81,5,6260.33,0
5678,1914,99,1,24422.26,0
3150,1061,100,5,8924.5,0
1656,561,37,1,17272.91,15
3842,1291,17,5,22414.88,10
24,8,18,-1,27587.33,15
2171,732,24,4,11840.36,20
1367,461,141,6,29651.26,40
3641,1220,118,2,14343.23,40
4271,1439,22,6,4034.85,0
4239,1425,49,6,7337.87,0
4875,1652,99,2,23460.09,40
1301,437,21,6,24449.5,30
4358,1469,89,4,15215.61,0
4222,1418,83,4,21111.01,0
5963,2011,133,2,16102.75,5
4111,1383,87,4,29570.59,10
6484,2182,14,6,903.1,0
3477,1167,78,5,16493.12,25
1343,453,97,3,34919.95,30
4951,1679,100,6,8655.78,20
2027,684,45,1,29726.88,25
5847,1970,87,4,26901.17,5
2717,919,148,3,31324.54,15
3313,1112,15,1,37499.8,25
1654,560,12,2,18019.11,40
1338,451,73,6,21044.6,30
3525,1180,28,3,5584.48,15
687,227,57,-1,3369.43,30
2172,732,65,2,19066.43,0
5661,1909,117,4,11003.19,0
4701,1595,59,1,7379.25,0
2875,976,88,1,32920.24,0
237,82,79,1,6545.06,0
3963,1331,64,4,20808.94,0
3288,1105,93,4,23861.25,10
664,220,139,5,2753.68,40
3342,1122,18,1,24784.13,0
1432,483,20,2,24941.76,40
5881,1982,111,-1,18670.8,15
1065,350,11,1,24658.41,30
3031,1023,49,2,8301.44,30
2929,992,10,1,21740.1,5
2353,797,25,4,29290.89,15
6423,2164,42,6,5282.02,25
2938,995,114,1,3812.96,0
3875,1302,27,6,9834.41,40
1837,621,66,6,10598.42,30
3310,1111,64,-2,18278.47,30
2596,878,63,5,18606.19,0
5109,1735,23,3,18397.28,25
1314,442,12,3,18575.94,40
3421,1146,92,2,24647.19,20
5205,1765,135,1,10004.46,0
4411,1487,1,2,18114.43,0
2059,694,108,1,30399.26,0
1443,488,2,4,22298.89,20
1513,515,72,5,22892.33,5
4323,1456,129,6,33544.87,30
1387,468,46,-1,5982.41,40
987,326,97,6,31601.18,10
4362,1469,56,1,8651.21,0
2176,734,140,1,12187.3,20
110,39,100,1,9317.78,15
2245,757,3,3,855.0,40
3871,1300,7,4,5268.07,0
6150,2073,70,4,22524.13,15
2985,1009,130,4,5098.03,0
5482,1854,73,6,23532.26,25
3358,1127,93,4,25337.78,10
2651,896,40,6,12425.4,25
5103,1733,72,1,21621.01,10
1070,351,79,6,6983.3,30
94,32,137,1,1409.79,10
1423,482,101,4,5878.73,0
4750,1610,85,4,18213.33,0
5671,1911,69,1,7978.43,15
1045,345,118,3,13056.14,0
3758,1262,14,5,944.22,0
1147,382,33,3,1053.2,5
6456,2175,7,4,5278.1,10
3739,1256,77,3,16599.34,0
6520,2194,66,4,11272.15,0
377,127,137,3,1740.58,25
2926,991,2,1,23836.48,30
6031,2032,98,2,6838.77,40
5372,1820,136,-2,31255.06,20
2319,787,136,6,26276.49,10
5086,1728,92,-3,29430.29,30
5476,1851,110,6,603.73,20
5370,1819,118,4,12140.7,40
1426,482,15,3,35350.65,40
4618,1565,13,4,23872.87,15
191,68,45,2,36580.14,0
1754,593,136,2,31170.35,25
5777,1946,94,6,1673.55,5
4944,1677,1,6,22934.6,40
4861,1648,78,3,18668.07,25
1990,672,2,2,22363.73,0
2550,862,71,-3,20885.44,15
3104,1046,81,4,7699.29,10
4587,1556,128,2,22339.76,20
3003,1016,102,1,1175.61,15
2650,896,144,5,29609.82,15
164,57,28,4,5377.29,10
5774,1944,43,6,13348.08,10
3782,1269,114,3,3066.96,15
4512,1530,117,5,9683.0,20
1976,664,1,4,20299.4,40
3092,1043,7,2,4551.73,0
1114,368,114,4,3151.58,5
1538,521,38,1,4811.62,20
5579,1883,26,6,8966.26,40
2181,737,52,1,31229.6,30
1843,623,77,4,19026.48,0
4709,1598,47,6,11086.87,20
3141,1058,88,4,27506.57,40
5451,1844,87,6,25339.41,0
604,198,51,6,384.96,0
5210,1766,20,1,24797.58,20
4982,1693,46,5,6176.21,30
4607,1562,58,4,9790.39,0
6453,2175,26,6,9691.16,25
178,63,106,4,19909.67,15
5023,1707,18,6,28528.57,25
3559,1192,32,2,30018.04,40
585,193,71,1,23404.12,20
681,226,27,5,9178.95,40
1374,463,52,4,29638.09,10
5508,1859,38,5,5675.85,10
1137,376,85,5,18719.91,20
49,16,122,4,8593.82,25
5886,1984,64,3,21596.81,30
1804,610,100,-2,7740.88,40
6032,2033,121,1,24203.79,0
1246,415,1,6,20584.08,5
5076,1725,34,4,9784.34,10
303,101,98,5,6489.94,15
4215,1415,44,4,32679.48,0
5562,1879,26,1,8846.01,20
5494,1856,101,4,6666.21,0
5422,1835,85,5,21155.64,25
4163,1400,110,5,622.87,5
2859,972,96,2,18401.42,0
4561,1547,80,6,19718.78,0
1738,589,95,3,15696.79,15
3599,1205,132,2,15264.64,0
1048,346,95,1,14348.95,25
5539,1871,21,2,29534.46,10
1807,610,35,4,23979.17,5
836,277,114,5,3264.49,15
5920,1994,68,6,30594.37,0
1156,384,90,5,6977.59,20
1455,493,41,3,17277.94,20
3443,1156,55,6,2524.02,15
1386,467,96,4,21773.2,0
5994,2021,141,1,28295.41,20
846,280,9,4,24918.8,0
6288,2119,55,4,2472.55,15
2438,824,85,6,22966.69,20
4994,1697,55,6,2632.11,20
1518,516,81,6,6277.79,0
3870,1300,136,6,29612.6,30
2814,955,37,3,19116.99,5
2466,833,16,3,3262.69,20
4929,1672,102,5,1430.47,0
315,108,114,4,3762.51,20
5449,1842,14,3,1074.85,0
2911,985,75,3,5930.11,15
2025,683,57,2,3189.53,0
1142,378,114,4,3805.34,40
4558,1546,120,2,24695.99,15
1612,546,54,2,21080.04,15
5483,1854,95,1,15920.79,25
4917,1667,114,1,3749.03,40
3851,1295,55,4,2680.51,15
2359,800,19,1,10557.8,0
3191,1076,11,2,30776.59,20
5879,1982,30,2,18885.8,25
3889,1307,98,4,6033.58,0
3725,1250,125,1,27622.31,0
3018,1020,135,3,10796.8,0
3147,1060,103,4,5560.84,30
1862,629,56,6,9289.75,40
3429,1148,140,2,14938.71,30
5964,2011,25,4,33301.07,0
1487,506,79,5,5529.14,40
2813,954,18,2,23208.53,40
5687,1917,132,6,18942.48,0
3241,1091,2,3,25210.94,0
627,206,110,5,620.39,0
1560,530,118,2,12611.95,10
632,208,109,3,15715.31,0
6132,2066,126,2,22233.28,25
355,121,65,5,16544.85,40
4413,1489,66,4,9376.83,0
5472,1850,131,2,17090.87,0
6426,2165,18,6,26536.15,10
2719,919,101,2,5411.4,40
4214,1415,107,4,5108.67,10
571,188,139,4,2537.49,10
5445,1840,124,2,21691.64,10
464,155,31,1,32038.77,15
3747,1258,40,5,11613.6,0
5752,1938,124,1,17242.81,5
1944,654,9,3,32180.82,5
794,262,146,5,11583.18,20
6027,2031,34,1,9697.78,5
3334,1119,62,4,29342.86,10
6126,2064,123,-2,14320.41,0
2196,740,52,6,28440.1,20
319,109,13,3,22986.54,30
5199,1763,14,2,928.01,25
3543,1187,121,6,21170.69,40
439,147,147,5,7554.01,0
2862,972,89,1,17083.05,15
5718,1927,102,6,1302.21,40
3990,1338,66,2,11058.16,15
1591,541,139,6,2787.26,0
306,103,131,2,12739.88,30
3277,1103,42,5,5108.92,0
1500,510,130,4,5794.84,15
1104,364,87,5,29771.37,10
4590,1557,145,3,12315.18,10
374,127,48,2,13764.35,40
5681,1915,15,3,30776.4,0
6202,2092,143,2,28352.74,0
1107,366,67,2,20337.72,5
2248,758,126,1,20064.19,0
4252,1431,14,4,819.42,10
2634,890,8,1,35349.7,25
5414,1833,56,5,9667.79,20
3161,1065,121,6,18770.09,0
3539,1185,114,4,3617.42,40
5191,1760,86,5,14342.18,40
1932,650,143,5,33913.18,25
3849,1294,48,6,15218.3,0
4710,1598,100,2,9091.26,10
1684,572,118,1,13507.76,5
6008,2027,24,6,12581.84,20
6457,2175,130,3,5567.63,10
3447,1157,104,2,448.75,25
138,48,70,5,18691.34,5
4302,1449,37,2,15651.93,5
378,128,88,5,29315.01,40
1507,513,144,3,32189.24,20
3697,1240,11,3,28714.02,10
2947,997,96,4,19733.84,15
3769,1266,11,4,29455.53,0
4811,1630,113,2,17814.17,0
399,134,93,4,22415.25,15
911,300,61,3,28660.8,15
518,175,143,1,27589.48,25
2726,921,56,4,8539.86,5
6502,2187,35,6,19910.37,25
6219,2097,139,2,2284.41,25
5265,1781,37,1,17643.73,10
1793,606,72,5,23612.28,30
6313,2126,79,1,6088.01,5
590,194,50,3,8951.41,20
3454,1160,59,-3,7039.63,15
1216,406,66,2,8973.82,20
1131,374,134,5,2122.73,0
1526,519,41,3,18521.57,5
5365,1818,138,4,16358.09,30
4478,1514,45,2,29045.23,40
2191,739,36,3,25779.11,0
437,147,64,3,21757.51,25
4826,1635,106,6,15719.78,30
5523,1865,1,3,21594.63,25
1662,563,111,6,19910.79,40
1746,591,85,3,17157.31,0
438,147,6,6,18416.6,25
1462,496,11,2,25124.78,10
2361,800,147,4,8947.36,15
2076,700,11,3,30878.7,0
4971,1687,84,2,13121.68,0
1899,639,148,4,38649.89,0
5787,1951,98,1,6967.92,15
369,125,103,4,6606.71,0
350,119,19,5,10579.17,25
3047,1027,15,2,38640.81,5
2214,746,36,3,26541.31,15
588,193,111,1,20002.74,10
5285,1790,4,2,13256.29,0
3440,1154,134,5,1857.23,40
2575,869,69,4,8609.43,0
2388,809,106,2,16777.74,5
3668,1230,48,1,13447.22,25
4085,1375,59,2,7911.27,15
5593,1887,134,4,1807.28,40
153,53,53,4,11994.12,5
723,240,16,6,3441.47,0
3486,1168,68,1,22964.2,30
2554,863,144,4,29111.26,5
2669,902,35,4,19799.67,0
3298,1108,79,1,6120.25,30
4144,1394,115,1,35272.92,0
3741,1256,116,2,8102.01,25
4321,1455,62,6,29566.41,30
5991,2020,1,2,21917.8,30
2700,912,26,3,8413.1,25
3793,1273,106,4,18716.19,0
3130,1055,33,3,992.39,0
3303,1109,83,6,26764.37,5
1243,415,62,5,33403.38,40
3145,1060,140,6,15108.25,20
205,71,21,2,30913.68,40
320,109,42,3,4207.37,5
2459,831,127,2,17867.7,25
4764,1614,94,3,1994.83,0
3613,1211,103,2,5603.06,5
2211,743,82,6,10417.77,15
2538,857,103,-1,5957.51,20
2031,685,81,-2,5932.93,25
1499,510,117,4,11204.57,0
685,227,17,4,28634.44,30
4254,1432,78,5,14721.03,15
555,184,139,4,2420.21,30
487,163,109,5,16728.71,15
1991,672,121,6,19544.33,5
6324,2131,133,3,17345.98,0
2347,795,14,6,1062.59,30
3318,1115,72,2,21261.84,25
2060,694,88,6,34432.76,25
6299,2123,51,5,337.16,0
1043,345,105,3,13341.12,20
4247,1429,14,5,1052.0,10
4928,1672,15,4,31838.73,15
5763,1940,125,2,23893.84,30
4999,1699,129,1,29467.98,0
6476,2181,123,2,14233.28,40
3389,1136,55,2,2371.85,25
2694,910,77,2,19449.96,15
5591,1887,4,4,12266.38,0
932,306,49,5,6763.0,0
6210,2094,96,3,17880.78,25
5151,1746,127,5,21123.78,0
548,183,73,3,27536.5,20
908,299,145,2,11481.08,0
4686,1589,136,5,23566.95,25
1541,522,88,6,28993.21,30
458,153,51,6,359.98,0
922,304,70,1,19948.74,10
1883,634,135,4,11821.27,20
3382,1133,147,1,7308.94,30
332,112,102,6,1207.86,0
4229,1420,53,6,12762.67,0
2511,849,14,1,905.58,20
101,35,116,1,7765.28,0
131,47,28,2,5250.77,40
4212,1414,147,4,6641.3,30
6035,2033,116,2,8308.13,30
4103,1380,16,1,3231.18,10
608,200,13,2,25545.51,0
5456,1845,71,3,24584.06,0
5939,2001,111,5,20722.93,0
5620,1896,28,4,6334.92,0
2765,934,14,2,875.71,40
2315,785,125,4,31313.24,25
5398,1829,6,3,20557.46,25
2967,1003,33,1,943.84,0
6274,2115,4,2,12821.54,0
6102,2058,63,1,19304.6,10
4135,1391,80,1,26251.82,0
6069,2044,7,2,4242.83,15
3478,1167,116,3,7761.28,40
3907,1313,77,1,19950.14,0
5218,1768,63,4,21702.52,15
1859,627,63,3,23527.95,15
2774,938,8,6,27353.59,40
2980,1007,18,5,28423.38,20
1163,388,41,2,14993.33,30
769,254,29,6,18637.94,30
801,264,146,4,12177.08,0
1265,425,132,4,15336.37,15
771,255,123,6,16210.32,5
4438,1499,27,6,10898.42,20
6494,2185,86,1,12857.52,25
2687,908,119,2,3540.09,5
5954,2006,143,4,26722.41,0
5583,1884,3,1,891.08,0
6080,2050,47,2,9649.3,20
778,257,72,6,26183.42,0
1046,345,129,1,36028.56,0
1687,572,2,6,19428.48,0
5078,1725,6,6,23295.8,0
2632,889,133,4,13197.48,40
5984,2017,127,6,20740.98,30
5811,1958,74,1,12036.95,0
4634,1570,64,4,23667.01,0
5163,1750,114,6,3521.43,0
2912,985,17,6,26309.67,0
2036,686,135,6,11049.16,0
6010,2027,22,3,4146.5,0
2300,778,80,2,23974.07,30
743,247,96,4,20554.03,0
5123,1739,135,1,11310.45,0
2541,858,68,1,28609.2,40
3955,1328,140,4,13228.98,10
4249,1430,73,3,20545.82,10
5258,1779,52,3,31362.09,30
5553,1875,127,1,19844.47,5
5013,1703,130,3,4665.9,25
4353,1467,73,-3,27022.84,5
3852,1295,145,5,10406.58,5
4393,1481,25,3,27849.46,25
5781,1948,108,6,29312.67,20
4422,1493,42,1,5669.67,20
2892,981,27,1,11654.7,5
5345,1812,145,4,12721.08,25
5607,1892,42,6,4686.18,20
1420,481,42,5,5703.55,5
4290,1445,31,5,31184.55,25
4751,1611,143,1,28043.74,30
250,86,22,5,5071.84,0
5729,1930,4,-1,14882.28,5
4274,1440,12,3,15860.76,0
1514,515,21,3,30155.04,0
5489,1855,93,3,25199.12,0
6551,5377,12,1,16566.5,0
2161,729,22,3,3814.42,0
3381,1133,126,4,26860.68,25
5511,1861,75,1,7656.39,10
4092,1376,67,4,21532.78,0
5834,1966,145,5,13521.79,0
4098,1379,91,-1,26771.44,10
2237,754,69,4,10175.71,5
3663,1229,86,3,12622.68,0
5017,1705,141,5,33291.32,15
1498,510,57,5,3121.74,5
1885,634,109,5,16622.51,5
5647,1905,47,5,10890.28,15
775,256,131,1,13620.2,5
5801,1954,10,4,26767.09,0
3258,1095,54,5,17834.51,15
2175,733,86,6,14384.13,0
3,2,35,2,21577.63,40
398,134,70,2,22948.09,30
653,216,36,4,26918.12,0
4785,1620,148,-3,31349.56,15
5430,1837,81,-1,7110.36,0
4231,1420,148,5,34900.07,40
1868,630,56,3,10548.95,10
4361,1469,136,6,28418.36,0
5301,1797,125,4,30020.77,0
4486,1517,19,1,10124.95,30
3832,1288,92,5,22077.11,20
2282,771,121,1,19176.46,15
2475,836,63,1,21429.66,15
2441,824,77,3,18289.42,20
6220,2098,91,1,20841.36,40
5021,1706,48,5,12957.32,0
4978,1692,143,3,29763.7,0
1760,595,132,-2,17598.94,40
6148,2073,89,3,15018.21,15
5026,1708,105,3,11988.63,25
4097,1379,144,1,37331.52,10
1956,658,19,2,12722.9,5
4080,1373,80,4,25258.35,15
5815,1958,125,5,23563.62,10
6028,2032,125,5,26329.91,40
2455,830,92,4,23359.05,20
282,95,60,1,1736.95,25
1219,407,37,4,18774.21,20
1821,615,84,4,13291.86,30
4986,1694,50,3,8237.94,0
599,196,81,5,6968.7,0
1865,629,92,3,28087.39,10
6179,2084,98,5,6626.18,20
3736,1254,86,3,13640.64,0
3798,1276,123,3,14214.25,20
1945,654,21,6,27757.13,25
5348,1813,64,4,21022.81,0
763,252,1,2,17164.74,40
3596,1205,130,5,5364.38,25
3299,1108,144,5,31841.56,20
863,285,123,2,17830.46,30
4491,1518,46,6,5548.93,10
4457,1506,112,-2,31558.56,0
834,275,130,4,4687.9,0
2936,994,104,2,406.15,15
4049,1361,18,4,26779.86,0
1300,437,141,5,37752.97,30
4843,1641,127,2,15878.79,10
474,159,89,4,13342.35,10
3376,1131,114,3,2892.6,10
4266,1436,74,2,11556.47,40
621,204,66,2,9760.46,30
4404,1485,129,3,33743.81,10
1483,505,26,5,7783.42,10
5181,1756,73,2,21024.77,15
5295,1795,83,3,22837.8,30
1808,611,71,4,26119.94,40
4199,1411,70,3,19560.74,25
1982,666,48,1,13362.76,20
4372,1473,42,2,5697.73,25
6101,2057,148,1,38655.18,30
4221,1418,137,2,1726.83,15
3998,1341,125,2,31044.19,0
897,296,73,3,23942.76,0
4910,1666,64,1,23860.59,40
1068,350,75,2,7930.25,0
1394,471,54,2,21575.98,25
2045,689,13,5,24795.99,40
5177,1754,93,1,19379.38,25
2496,842,80,1,23296.99,5
6186,2087,87,1,26416.88,40
3890,1308,108,1,25202.41,0
917,302,71,3,20889.5,30
5048,1716,95,2,18150.35,20
6051,2037,2,4,22053.18,25
974,322,11,4,27276.66,0
314,107,106,3,15749.12,25
636,208,16,4,3234.96,0
3321,1115,63,1,19542.53,0
2286,773,41,5,15986.51,0
5286,1791,58,1,11411.41,30
4182,1405,33,4,1222.43,0
976,322,89,5,15830.01,15
1025,339,140,2,13035.14,30
102,36,46,3,5943.35,40
940,310,139,6,2288.06,0
4278,1441,102,5,1120.4,30
2295,776,146,4,14189.48,15
71,24,89,4,16660.59,15
6181,2084,146,6,12440.47,25
3516,1178,95,1,14506.89,0
4657,1579,147,1,8513.01,15
1614,548,19,6,10009.51,0
6123,2063,119,2,4233.96,20
2188,738,17,1,22585.07,20
5248,1777,84,1,12971.31,15
6238,2104,7,-3,4334.5,0
3702,1241,75,5,7916.84,30
3302,1108,135,2,9143.79,5
4006,1346,86,5,11802.9,0
1299,437,140,2,13345.19,40
3481,1167,136,2,23897.83,40
1304,438,6,2,23232.28,15
5896,1987,120,1,19806.67,30
1198,400,47,1,9286.45,40
5995,2021,3,1,993.7,40
4828,1637,58,4,13069.64,30
1268,426,117,5,11964.48,30
1987,669,97,6,32271.93,0
1488,506,69,1,8173.37,10
2842,966,115,2,34202.76,20
5287,1792,36,5,19866.13,40
1250,418,141,3,32404.54,0
1060,349,88,4,30616.74,40
1234,411,9,2,26898.65,0
4354,1467,146,6,11672.79,5
4914,1666,115,6,33912.5,25
1334,448,6,3,22417.63,0
1574,535,135,2,8938.24,20
6306,2125,23,3,18108.61,0
5912,1991,54,6,22037.71,15
4498,1524,118,3,13480.35,25
5343,1812,31,1,30883.03,0
2331,790,78,1,15384.24,0
4864,1648,36,2,22890.27,0
1688,572,96,5,18080.33,25
1478,504,121,4,24816.96,0
6504,2188,2,2,20575.7,0
442,148,18,3,23323.99,30
2781,942,78,4,18242.04,40
6318,2128,50,5,9299.02,25
1256,421,95,3,17899.29,0
1027,340,42,4,4956.25,20
2005,676,20,1,26692.6,10
1184,394,55,6,2174.46,0
226,79,46,2,4909.96,0
3128,1054,29,2,18150.45,0
4346,1465,62,1,28825.52,25
601,198,127,2,18651.74,15
4011,1347,140,6,14326.8,30
1208,402,120,1,21206.68,0
1441,487,36,6,26163.2,15
4120,1386,42,2,5372.0,30
6062,2042,81,3,6160.82,5
2433,822,54,3,16295.47,10
3012,1019,75,5,6006.98,20
1139,377,126,3,23994.32,0
4131,1388,128,2,16661.23,25
4292,1446,99,-3,25293.55,5
5290,1793,115,2,32597.87,5
1113,367,130,6,4463.87,0
1459,495,71,-1,25666.32,20
5484,1854,93,1,23833.57,0
2431,821,123,3,14449.88,0
5878,1981,145,2,11061.14,0
2084,702,67,1,21718.79,0
5228,1772,67,5,25528.72,0
4305,1449,52,2,30908.44,0
339,114,44,2,33403.26,30
5077,1725,123,3,15354.61,15
3207,1081,1,1,22912.53,40
4410,1487,80,6,20652.65,0
4781,1619,29,6,19099.47,0
1337,450,19,6,11026.02,10
3885,1305,116,3,7391.66,5
6233,2102,145,2,11860.35,10
3497,1172,132,1,18306.8,0
1545,524,106,4,16565.88,0
2482,838,5,5,7725.53,0
5352,1814,98,6,7006.89,0
1110,367,10,2,26903.64,30
3723,1249,136,1,26927.23,0
4019,1350,61,3,31812.75,25
4501,1524,62,3,33783.32,10
4141,1393,63,3,23246.36,40
3278,1103,20,3,23335.08,10
4527,1534,85,2,19248.43,0
2965,1002,60,6,1667.13,0
5584,1884,55,3,2580.0,0
2852,969,23,4,17718.12,30
4614,1564,13,3,24676.99,0
477,159,5,1,8289.65,0
524,176,30,5,19155.06,30
5544,1872,110,3,586.78,40
625,205,85,3,22901.47,10
4383,1477,23,6,17217.35,30
4090,1376,55,3,2409.25,10
6160,2076,115,2,35544.89,5
1384,467,41,3,17845.02,20
2606,881,87,3,26578.42,15
6315,2128,10,4,20574.48,15
2946,997,88,1,30811.81,40
1166,389,53,6,14353.8,20
6042,2035,133,3,14020.02,0
1547,525,135,1,10493.39,30
3859,1296,64,3,23496.53,15
3175,1070,75,4,7732.55,20
1873,631,60,1,1418.16,40
41,13,84,5,11249.38,20
1098,362,138,3,16438.27,15
544,181,127,6,16689.01,25
4866,1649,83,5,21462.56,5
561,185,55,2,2204.45,10
6353,2139,89,-2,15025.24,15
179,63,85,5,21008.6,0
3284,1104,77,3,14995.98,0
1709,581,8,1,29231.09,15
5172,1753,126,3,23060.32,0
6300,2123,124,6,18544.99,15
4487,1517,80,1,22477.99,5
3856,1296,97,4,29910.81,25
1579,536,64,4,21607.3,25
379,128,100,6,7304.99,30
3363,1128,147,2,7945.35,15
720,239,46,3,5895.01,0
1655,560,34,2,8925.76,5
4344,1464,26,4,9712.11,5
5353,1815,18,6,28039.07,10
2266,764,52,6,28529.83,25
1714,583,108,4,30823.97,0
4753,1612,129,-1,31865.01,15
1993,673,38,4,4714.11,0
2822,957,13,2,25397.14,25
6040,2035,101,1,6563.4,40
639,209,143,6,32804.26,25
3535,1184,34,1,10388.46,0
3766,1265,7,4,4392.66,0
335,113,28,4,6609.38,40
4507,1528,6,-1,23129.61,20
665,220,111,5,22713.88,25
4916,1667,106,4,16964.0,20
669,221,95,6,17681.34,15
2052,692,1,3,21225.4,5
1674,568,59,3,6724.41,15
953,315,110,3,506.61,0
4325,1457,66,6,10949.23,40
2133,717,95,2,15678.05,0
4534,1538,90,6,8432.2,5
1008,331,112,3,27148.22,30
4765,1614,35,3,24489.19,40
6478,2181,124,6,21989.18,20
3393,1137,86,6,14614.63,30
6112,2060,8,5,29282.14,0
4042,1358,14,2,1025.65,10
4317,1454,78,6,17050.16,0
1361,458,16,6,2710.59,0
4502,1525,92,1,22480.82,40
4277,1440,65,4,18211.93,0
1938,651,104,1,346.37,20
2735,925,59,3,7526.43,40
3027,1022,66,-2,8695.61,25
1399,473,84,6,10687.86,25
243,83,75,1,6820.14,5
3728,1250,132,3,17344.22,5
144,50,148,-1,36028.54,0
1055,347,77,5,14962.31,40
4728,1604,13,2,31582.04,0
3687,1237,86,6,15144.72,30
5940,2001,3,6,841.72,10
2017,682,140,4,13318.42,25
4360,1469,43,4,15359.84,25
978,323,29,6,19765.68,5
392,132,135,-3,9825.14,0
3775,1267,132,4,15615.72,20
2568,866,127,1,20793.4,15
915,301,66,5,10655.3,40
4570,1549,1,1,19542.1,40
4597,1559,132,5,18252.77,20
2209,743,75,5,7840.12,20
3448,1158,121,5,21466.65,0
6317,2128,83,5,26255.29,10
180,63,26,6,8869.44,10
2043,688,2,1,20904.8,15
3692,1238,65,2,17462.7,30
6428,2165,28,1,6479.79,0
1127,373,74,5,10372.11,0
546,182,143,6,32911.37,20
3912,1315,134,3,1725.23,40
1207,402,87,1,30375.69,5
2094,704,19,2,10491.95,30
6507,2190,30,4,21817.89,10
3676,1233,10,5,21587.46,0
3203,1080,115,3,36211.22,10
4805,1628,41,1,13687.61,0
5538,1870,46,2,5374.81,0
70,24,50,3,9369.67,25
2422,819,35,6,25340.14,20
2549,862,124,1,20480.87,40
1396,472,143,5,26406.64,20
3372,1131,125,-3,31788.33,0
4025,1352,126,1,21246.31,25
5388,1826,84,6,13935.35,20
6267,2112,12,1,20275.14,25
141,49,66,6,9502.2,0
3109,1047,24,2,12619.26,30
3290,1105,91,4,20096.36,30
4926,1670,130,-3,5581.48,0
1949,655,12,3,19866.03,0
4345,1464,117,2,11925.55,10
4993,1696,104,3,355.5,20
6409,2159,29,3,24857.68,0
1702,578,114,5,3548.51,40
4186,1406,26,6,8632.61,10
4777,1618,117,4,9814.05,25
4802,1626,91,6,26355.01,25
3180,1071,97,3,29756.66,40
2110,710,35,1,26715.96,5
6029,2032,117,6,9409.5,0
2473,836,18,5,28096.09,40
460,154,38,6,5750.01,20
1303,438,138,1,20564.55,0
5230,1772,15,6,32935.88,15
3565,1196,136,5,32124.42,30
2699,912,117,1,11645.75,0
1204,401,103,2,6268.58,30
6289,2119,111,3,19604.28,30
4542,1540,12,6,17025.19,0
1251,419,6,5,21163.7,5
222,78,33,1,1262.96,20
742,246,147,5,8587.03,10
581,192,33,5,946.71,25
2079,701,48,2,13505.5,10
4787,1620,104,6,352.12,10
4800,1625,94,4,2120.24,0
4878,1652,48,5,12228.47,5
3958,1329,49,3,7212.18,30
2766,935,130,6,5304.07,20
6461,2176,50,3,9875.98,0
281,95,55,1,2848.56,10
2969,1004,84,4,10342.87,40
5690,1917,50,6,8439.0,10
168,58,25,5,27228.34,0
2646,894,70,6,21874.66,40
5217,1767,8,6,26731.2,0
3331,1118,87,5,28222.68,5
5444,1840,61,5,28704.75,0
3351,1124,106,4,19586.1,0
6287,2119,64,2,24209.89,25
5442,1840,55,6,2204.87,0
1007,331,40,1,11124.15,40
983,324,93,2,26639.96,10
1705,580,63,4,20751.39,25
2465,833,54,1,21170.56,0
3162,1066,9,5,31752.89,0
1988,670,1,4,19170.58,40
2062,695,40,1,13513.3,20
6089,2053,55,2,2830.66,30
593,195,75,1,5928.83,20
5255,1778,74,4,10875.73,40
3122,1050,39,-3,25405.69,15
3107,1047,145,1,13345.4,15
3675,1233,111,5,20310.59,10
2741,926,123,3,13967.37,15
5582,1884,143,2,30342.6,30
1812,613,49,6,8421.83,5
2579,871,10,3,25014.45,0
334,113,137,2,1396.9,0
3506,1175,103,1,6537.09,10
682,226,142,3,30616.42,0
5684,1915,31,4,37799.53,5
4515,1531,41,1,14287.58,30
385,130,31,5,32441.73,0
5677,1914,85,4,18963.76,0
4610,1563,104,2,333.01,10
655,217,85,6,19031.43,10
2739,926,74,3,9927.97,0
1335,449,83,1,26939.68,10
6380,2147,71,6,22080.56,0
1939,652,75,4,8195.26,0
3262,1096,71,2,26607.02,30
958,316,56,1,11077.38,40
945,312,40,3,14651.32,0
6055,2039,63,4,18899.94,20
5809,1957,18,1,24243.6,20
359,122,92,2,28782.21,20
2789,945,43,6,11266.2,0
3583,1201,19,1,11505.95,0
3772,1266,61,4,26782.73,10
6323,2130,79,6,5365.68,0
6408,2159,27,3,9961.56,20
3743,1257,5,3,9202.08,20
6066,2044,42,4,4615.14,10
4429,1495,146,2,15404.52,5
3840,1290,28,5,4943.12,0
463,154,39,4,25767.69,0
3602,1207,31,6,36642.79,30
4127,1387,108,2,31403.2,10
5059,1719,32,1,30129.85,25
2895,982,143,4,30063.44,15
6121,2062,130,3,5867.86,0
3570,1197,56,4,8757.77,10
5536,1869,144,5,29923.94,40
6377,2147,56,1,9323.66,5
4313,1452,92,3,26147.22,15
349,118,101,2,6536.77,30
5270,1782,131,2,16039.35,15
2426,820,117,5,10223.7,0
6450,2173,140,2,13254.02,5
2954,1000,123,2,17170.58,25
5294,1794,140,4,15859.16,0
2097,705,7,2,4639.57,0
5955,2007,63,6,20918.24,30
1469,499,125,6,29824.14,0
1953,657,39,4,33020.36,0
838,278,16,4,3454.8,0
821,270,6,4,21721.25,15
6142,2071,101,4,6987.86,5
2706,915,3,2,898.24,40
5490,1855,41,6,16472.65,0
1418,481,50,2,10014.03,0
5274,1784,76,4,22404.53,30
798,263,118,1,12164.02,20
1071,351,139,2,2049.45,25
3490,1170,77,1,17430.4,0
1069,351,124,5,19498.91,25
2884,979,132,3,14633.05,40
842,279,33,1,1145.52,5
1923,647,74,5,9579.57,40
3200,1079,99,3,21093.29,0
1370,462,105,2,9888.42,15
4980,1692,40,4,11504.69,0
3835,1289,62,3,33061.25,15
4580,1554,116,1,7150.69,20
3186,1074,25,3,31398.65,20
2902,983,20,6,24068.25,0
2402,815,10,2,24968.43,5
5537,1870,95,5,13869.95,0
1061,349,53,3,11755.23,0
3125,1052,9,6,23987.17,5
5500,1858,113,2,20548.73,20
4051,1362,142,5,29829.0,10
564,186,25,1,33578.64,20
2696,910,22,1,3981.26,30
316,108,73,4,25452.88,40
6169,2080,102,6,1274.39,0
1451,491,112,-3,27186.58,25
923,304,26,5,8234.26,10
4391,1480,16,2,2796.67,20
4153,1397,33,1,1030.9,0
45,15,26,1,7935.74,40
80,29,71,2,24281.55,0
510,170,30,5,19313.26,25
3787,1271,108,2,28512.89,0
2038,686,58,2,9887.97,0
4072,1370,19,1,11446.53,0
6093,2055,14,4,1037.93,0
2146,721,145,5,11184.52,15
5292,1794,113,3,18180.88,20
5063,1720,1,6,17370.78,0
118,42,98,4,8000.01,30
4557,1546,63,1,20501.6,15
5972,2014,73,5,22757.95,0
5070,1722,63,5,22282.51,20
2756,931,135,6,9175.77,0
5552,1874,133,2,14726.38,40
1592,541,112,1,27797.25,0
1535,520,5,3,8209.08,30
3362,1128,125,6,28271.87,0
5178,1754,94,1,1941.15,0
2689,909,88,1,33383.73,30
5099,1732,102,3,1116.16,0
3815,1281,126,-1,23202.51,0
1704,580,73,4,27988.76,0
559,185,77,2,19118.17,0
5783,1949,95,2,16999.08,25
3468,1164,51,4,383.01,40
5566,1880,100,5,6886.93,0
2389,810,81,1,6989.2,10
1677,568,128,3,19056.72,10
4949,1678,39,6,25243.75,0
3586,1202,57,3,3225.39,40
5868,1978,21,3,25967.69,25
4121,1386,10,2,23949.9,20
1985,668,76,6,28800.02,0
6463,2177,35,-2,23511.98,25
6515,2193,82,5,10565.99,5
6512,2192,34,4,8791.33,0
3399,1139,28,2,6204.37,25
2409,816,72,2,21561.97,25
1475,502,67,1,26712.77,10
4685,1589,138,4,18480.63,15
6250,2107,33,4,999.07,40
6372,2145,25,4,37613.6,0
5805,1956,46,5,5742.52,0
3473,1165,64,2,22528.72,5
4376,1474,83,6,21374.54,0
5980,2016,106,3,18196.05,0
2280,770,38,6,4568.23,5
3229,1088,100,4,9043.67,15
1076,353,25,3,31627.69,40
2220,748,12,5,15779.97,0
4386,1478,112,4,31735.7,40
704,235,57,5,3677.97,5
4687,1589,62,5,35243.61,15
4257,1433,57,4,3227.05,5
4803,1626,15,3,30419.57,20
3115,1049,125,2,27475.31,5
866,286,48,3,13137.96,20
462,154,13,6,28787.82,0
5488,1855,29,2,20949.46,25
2405,815,98,2,7157.5,0
3614,1211,102,3,1188.69,15
2747,928,47,6,12060.72,30
380,129,95,4,15578.63,0
4812,1631,105,2,12880.39,25
2793,946,76,1,26152.64,20
3513,1177,121,1,21179.6,0
122,43,36,1,27372.81,15
2693,910,129,4,29128.34,10
1553,528,4,6,14469.06,0
2373,804,108,4,30648.2,0
3212,1083,63,4,18587.85,0
4483,1516,121,5,20834.66,5
5571,1881,41,2,14090.36,30
5405,1830,123,5,16258.03,0
3665,1229,61,2,24923.53,30
4416,1490,94,6,1635.3,10
1909,643,92,3,26009.08,0
3110,1047,38,6,5341.08,0
1834,619,59,3,7183.98,10
3420,1145,111,5,20145.69,0
5393,1827,112,4,28041.79,25
1876,632,120,6,23106.67,0
6173,2082,95,-1,18597.45,30
2351,796,72,4,25648.94,20
198,69,102,1,1246.17,30
2484,838,35,2,23540.29,10
5592,1887,113,3,17410.51,10
6174,2082,33,6,1083.5,20
5473,1850,65,4,18384.71,0
1274,429,8,6,35018.6,5
6046,2036,70,4,18888.19,0
2893,981,133,4,15763.42,10
6347,2138,92,5,25943.14,30
1348,455,130,5,4931.65,0
1329,446,2,2,20255.31,20
4768,1615,52,1,31096.44,20
1815,613,115,6,27894.37,25
2242,756,63,1,20106.61,10
4576,1552,58,2,11108.05,5
5766,1941,71,3,28728.91,5
5848,1970,146,1,12321.34,20
2336,791,131,1,16929.52,20
1112,367,122,3,8463.97,20
1313,441,122,5,8452.52,30
1668,565,41,4,15439.9,5
3989,1338,19,3,11241.0,15
4473,1513,65,2,15588.81,15
4651,1577,121,4,18845.16,20
2105,708,33,4,934.79,30
6171,2082,110,2,629.98,25
3333,1119,38,1,4601.84,5
4519,1533,22,4,4726.09,10
2085,702,136,4,28800.42,40
2769,936,59,1,6373.71,30
5656,1908,6,3,22006.89,0
668,221,8,1,35381.57,0
6503,2187,128,1,16980.23,5
6349,2138,62,4,28669.46,20
6488,2184,113,5,16064.7,25
4906,1664,135,2,11375.61,5
5506,1859,37,-2,17004.52,25
1117,369,132,4,16819.67,25
3013,1019,42,1,5291.74,30
2460,831,68,1,31548.38,5
5030,1710,142,4,28115.01,40
1192,397,41,2,17861.01,0
5530,1868,69,3,7982.09,0
1073,352,13,4,23691.64,40
3905,1313,21,3,25770.94,5
6352,2139,12,4,14660.54,10
5072,1722,104,4,334.71,10
1504,511,34,5,8839.91,0
2011,679,38,6,5194.67,25
2528,854,129,2,32378.72,25
5014,1704,123,6,13921.67,0
2888,980,15,4,37697.41,0
3469,1164,121,5,19806.83,0
5738,1933,121,4,24190.06,0
4804,1627,28,2,6238.42,10
4647,1575,40,4,12025.99,25
5727,1930,48,1,15331.72,10
1853,625,49,6,8616.99,10
2681,906,22,5,3808.61,40
4288,1444,56,1,9140.43,20
418,139,17,5,21375.6,20
3480,1167,24,4,9890.45,15
2602,880,124,6,20074.42,10
1596,542,103,3,6253.84,0
3080,1038,29,2,20687.63,15
4450,1504,66,-2,9414.3,25
1320,444,31,4,33663.66,0
3078,1037,146,3,13387.02,10
4401,1484,49,3,7938.58,0
6161,2077,50,3,9743.16,0
3791,1272,126,4,24753.16,0
5824,1961,34,4,11410.83,0
1289,435,122,1,8411.59,10
221,77,106,1,20374.89,30
3566,1196,38,1,5247.95,0
395,133,117,1,11096.52,30
4820,1634,17,4,22455.87,0
2500,844,43,3,12569.97,40
6312,2126,53,4,12139.77,15
2313,785,131,1,12948.0,15
105,37,123,-2,17178.96,20
3485,1168,43,4,11219.3,5
5396,1828,126,4,21057.13,20
860,284,144,6,32437.04,10
979,324,117,2,9213.66,20
6239,2104,31,2,32140.94,0
3939,1324,50,5,10675.85,0
1177,392,130,4,4588.65,25
326,111,1,4,20056.03,15
5632,1899,138,2,21453.1,30
260,88,20,4,21062.67,0
3139,1058,40,2,12584.21,25
1022,337,72,6,24864.48,0
1874,632,135,2,11946.29,0
2356,798,44,6,33325.36,20
4434,1497,137,1,1881.48,0
1237,412,130,2,5335.94,30
2734,925,67,2,21978.26,30
2034,685,8,2,34421.45,15
368,125,1,4,18987.98,40
2246,757,14,5,826.17,25
4897,1661,66,1,9659.75,30
181,64,45,1,34544.32,5
2839,965,111,1,19279.8,0
2341,793,103,6,5757.75,0
5115,1736,84,1,10815.21,5
532,178,129,2,33662.95,25
5318,1804,31,6,35045.87,40
5517,1863,33,5,1135.64,0
2784,944,148,6,32913.21,25
2672,903,75,6,7303.24,0
1940,652,146,5,12329.77,15
4139,1392,39,1,29816.24,10
2254,760,126,6,25131.57,0
547,182,58,6,9959.68,40
587,193,112,3,29343.87,25
5653,1907,7,3,4320.93,25
5355,1815,62,4,33202.86,15
2458,831,126,5,25039.47,0
2654,897,134,2,2248.53,0
4551,1544,67,6,19986.94,10
6530,2197,115,4,30704.89,0
4454,1506,117,5,9504.69,15
6256,2109,112,5,24880.17,15
3898,1311,75,2,7226.68,0
2419,818,3,1,1052.58,30
1775,600,112,6,29658.46,0
3806,1278,26,6,7535.24,5
5347,1812,6,1,21927.33,5
3796,1274,99,4,22244.65,30
2516,851,105,5,10817.6,15
5982,2017,124,3,19299.96,40
5289,1793,20,3,21638.97,40
3425,1147,127,2,16320.7,40
2570,867,41,1,18527.84,0
5333,1808,138,3,17471.25,10
2337,792,97,5,36379.61,0
1202,401,39,1,30514.76,5
4838,1639,103,5,7248.11,25
3538,1185,117,2,11022.82,30
5061,1719,114,6,3793.76,15
4363,1470,49,2,7284.51,5
4154,1397,115,2,33766.53,10
3546,1188,49,5,6541.31,20
6501,2187,52,-1,27073.26,25
5575,1882,117,3,10142.35,15
3800,1276,67,3,26691.0,15
2238,755,101,1,6791.61,25
2991,1012,67,3,20794.48,40
985,325,5,3,7560.45,25
3878,1303,53,2,14091.21,40
2296,776,20,6,24310.18,0
3300,1108,9,3,24752.53,0
3088,1041,116,4,8218.61,5
4732,1606,59,6,7664.72,25
5705,1923,48,4,15256.38,0
4965,1684,15,6,36329.98,5
2447,826,126,4,25392.84,0
2757,931,125,2,29664.0,0
4652,1577,45,4,31856.68,10
400,134,34,5,10454.45,25
6378,2147,97,2,31990.01,5
5611,1893,20,4,22295.0,40
376,127,35,6,26776.9,0
5036,1712,103,6,7495.55,0
1931,650,5,1,10409.06,20
5708,1924,22,3,5070.92,20
2418,818,123,4,15189.21,0
5601,1890,60,5,1429.05,5
3816,1282,110,2,518.78,30
5621,1896,12,4,15189.48,10
5996,2021,132,1,18859.02,30
3569,1197,112,3,32102.07,15
3633,1218,25,2,33509.93,15
393,132,25,6,35548.82,10
4740,1608,82,-2,9020.03,0
5471,1850,106,4,20088.69,30
998,328,112,6,27480.76,0
1549,525,8,6,30564.6,10
2018,682,110,4,598.19,15
6063,2043,145,1,12599.32,20
551,183,140,2,12526.11,15
4347,1465,66,5,9049.81,25
3600,1206,48,3,12512.3,0
1566,532,66,6,9580.8,30
3360,1127,140,5,13043.71,25
2867,974,38,3,4880.57,5
1088,359,100,3,7699.7,5
4443,1500,66,2,11743.91,25
6007,2026,43,6,12703.49,40
2753,929,133,3,13654.91,0
3347,1123,67,2,23183.25,0
2380,806,87,6,23434.75,40
4997,1698,76,2,22816.01,25
4528,1535,12,1,19228.04,10
5436,1838,94,1,2103.4,15
919,303,58,4,12557.59,5
6246,2107,144,2,34442.83,0
3177,1071,98,1,7608.76,25
4096,1379,59,4,5815.69,0
756,250,2,5,24991.45,0
5090,1729,148,4,30452.96,25
716,238,8,1,35922.72,25
1371,462,8,2,28469.12,15
740,246,5,2,10459.33,30
647,215,32,3,22596.27,5
5561,1878,139,4,2436.53,25
5190,1759,30,3,18238.64,10
6382,2148,110,4,617.85,5
667,221,94,4,1577.9,40
2619,885,58,6,13487.63,25
2580,871,22,3,3972.49,30
6366,2143,70,5,17827.1,10
4073,1371,3,6,983.78,0
1,1,63,2,22940.16,30
1353,456,67,2,24962.7,0
1904,642,110,6,607.96,15
5580,1883,56,6,9043.98,0
583,192,132,2,15729.35,40
3836,1289,94,4,1766.02,0
419,140,24,4,10271.91,0
4589,1556,69,5,9677.95,0
6369,2144,34,5,9310.2,0
4778,1618,18,4,24267.5,0
1521,517,31,6,34992.83,0
2067,697,132,4,14544.94,10
752,248,57,4,3397.09,5
4201,1411,67,4,22354.34,10
5707,1924,78,6,14602.37,5
5234,1773,3,6,1077.37,25
4063,1364,15,5,29603.09,5
4680,1586,147,6,7009.41,30
903,297,115,4,29480.64,15
1597,542,33,1,1098.26,15
4553,1544,100,4,8262.59,0
4040,1358,3,5,1006.87,0
28,10,10,2,27869.19,20
3438,1153,83,2,25277.0,25
1669,566,27,1,10278.34,10
1628,551,139,1,2158.68,15
2821,957,54,2,18855.78,0
1227,410,104,4,423.52,30
6038,2035,110,5,538.17,40
3217,1085,116,4,8510.6,0
5407,1831,68,5,24314.62,25
2235,754,132,3,17177.88,5
2988,1011,137,6,1784.45,25
3474,1165,70,5,22599.73,15
4262,1434,87,1,26275.13,0
5688,1917,122,2,7742.99,0
4368,1472,88,-2,36016.66,0
2047,689,148,2,35934.93,15
2501,844,31,1,35905.93,30
5691,1918,69,3,8624.13,40
4583,1555,19,5,12375.62,0
1740,590,100,4,7125.89,20
679,225,123,3,16811.3,15
3575,1198,18,3,22525.58,5
5754,1938,73,1,23685.51,40
12,4,105,5,13434.88,10
1870,630,83,5,22097.96,0
4279,1441,129,4,35328.21,15
1691,574,145,1,10766.5,30
1358,458,137,4,1525.86,5
3455,1160,66,3,10064.6,20
6500,2186,144,3,30414.98,25
5532,1868,132,6,19469.56,0
2525,854,138,2,19774.53,25
1283,432,80,2,26605.55,0
5950,2005,21,1,25743.59,5
2627,887,129,3,26148.96,0
4503,1525,29,3,20588.19,5
4952,1679,147,3,8286.87,25
408,136,2,2,19654.28,0
5055,1717,40,-2,13569.0,40
1381,466,47,1,11824.84,15
3541,1186,25,3,32298.62,30
1148,382,147,1,7895.02,30
4319,1455,46,4,5383.36,0
1694,575,97,2,29240.77,30
2381,806,12,2,18684.18,25
3171,1069,86,3,14355.85,0
4365,1470,102,1,1308.26,15
2454,830,72,4,20915.82,20
1901,640,63,3,18519.74,10
1624,551,140,-1,14504.0,20
4074,1371,126,3,26252.07,0
3407,1141,126,4,25695.11,10
1497,509,45,6,31162.64,0
3529,1181,65,4,19416.13,30
1667,565,104,4,401.42,0
6293,2121,43,1,11841.7,15
5832,1965,102,5,1381.02,0
5087,1728,55,5,2844.96,20
19,7,53,1,11777.55,0
4084,1374,47,2,9589.69,30
4179,1404,37,3,14351.37,5
6343,2136,12,-2,16751.37,30
2773,938,34,6,11186.58,0
1325,445,99,3,24682.17,0
2720,919,79,5,5691.06,0
3681,1234,6,2,24477.51,0
5818,1960,67,1,19889.25,30
6228,2099,65,5,14639.34,40
1711,582,22,3,4830.71,0
4837,1639,39,3,25364.75,0
5570,1881,35,5,25775.59,40
6291,2120,110,3,639.67,30
3727,1250,49,5,7843.0,0
1755,594,17,2,23923.13,0
2226,751,51,4,366.58,20
4713,1600,121,2,24938.39,10
2081,701,114,3,3529.83,15
3153,1062,35,3,20353.38,20
4689,1590,110,4,492.79,30
3831,1288,2,1,24346.94,0
1710,581,114,5,3664.88,0
1429,483,47,2,12202.23,10
719,239,14,5,929.47,5
3371,1130,18,4,24538.08,30
2909,985,142,1,28449.53,5
3716,1247,6,2,18154.06,30
2276,767,26,2,8043.24,5
3117,1049,80,5,20804.15,5
1851,625,30,-2,20970.44,5
3094,1043,126,1,21388.48,5
803,265,112,6,27932.29,30
4138,1392,135,4,9197.03,0
1752,592,15,4,38580.35,0
1799,608,104,4,333.43,5
5627,1897,36,4,25025.49,10
853,281,44,2,26143.47,20
3763,1264,108,5,31964.25,30
3902,1312,111,6,20496.37,15
2042,688,122,1,8493.47,40
1223,408,58,6,10299.63,15
5050,1716,117,3,10045.6,5
308,104,100,2,8861.92,15
1217,406,79,-2,5382.71,40
3584,1201,56,3,10335.08,0
4631,1569,148,2,31584.16,25
2322,788,48,4,14599.42,0
3007,1017,126,6,25830.56,10
3671,1232,27,5,9535.03,30
5211,1766,121,3,24891.78,15
135,48,105,2,9895.37,5
2451,828,104,5,332.51,0
3462,1162,57,5,3068.45,0
5788,1951,140,2,14278.23,40
2972,1005,67,6,23609.74,0
3830,1288,29,4,22048.3,15
2450,828,67,5,22255.18,5
4731,1605,76,4,27914.47,5
5378,1822,93,3,21208.1,10
262,89,62,3,29077.56,0
654,217,72,1,22129.62,0
5416,1833,75,6,7706.13,0
5557,1876,120,4,21307.35,30
3837,1290,76,2,21436.16,10
1630,552,24,2,12475.64,5
5792,1952,58,4,10379.09,0
3879,1304,73,4,22972.48,20
4294,1446,145,4,12929.22,30
2618,884,19,5,10360.09,10
6082,2051,16,5,2809.02,20
6511,2192,114,-2,3647.79,0
4511,1529,108,5,32222.84,10
4532,1537,125,2,30307.34,0
3648,1222,41,4,16997.02,5
2364,801,50,3,8982.18,0
1493,509,87,6,25666.38,15
4033,1356,128,3,19486.82,40
877,289,99,4,25699.51,10
3931,1320,114,5,3727.3,0
3496,1171,105,6,11188.5,0
405,135,36,1,26114.96,20
657,218,77,2,20708.56,0
6519,2193,103,1,7062.77,10
5731,1930,146,3,13029.09,30
2004,676,78,2,18025.86,30
4988,1695,141,6,35660.18,30
5693,1918,145,5,11127.44,40
484,161,114,6,3741.75,0
714,237,21,1,29388.18,30
2504,845,97,3,34859.43,0
2552,863,83,1,24958.6,0
5988,2019,84,4,13263.8,0
3423,1147,50,6,9403.67,30
1790,605,121,3,24663.2,30
1759,595,55,2,2395.54,40
6251,2108,125,2,30030.73,5
1913,644,77,6,17107.94,10
5711,1925,57,3,3014.25,40
1430,483,102,2,1387.67,30
649,215,141,1,34618.27,0
741,246,102,6,1154.13,5
3264,1097,92,1,23988.5,30
95,32,142,3,32370.31,20
6255,2108,23,6,17934.22,40
4572,1551,78,2,14637.29,15
4435,1498,107,6,4810.8,0
3051,1028,112,1,26752.27,25
2684,907,87,1,29822.02,15
4405,1486,74,2,10189.15,20
3797,1275,14,3,832.97,0
4991,1696,123,-1,15995.53,30
1747,591,128,4,17990.44,0
4509,1528,97,1,34737.94,10
3124,1052,80,4,26254.28,0
2023,683,36,2,24779.19,20
5728,1930,60,3,1670.96,15
2637,891,81,3,6835.4,5
5736,1933,105,1,13008.3,40
1898,639,58,2,12244.31,15
5854,1973,24,3,12116.9,15
1767,597,147,6,8367.53,0
5154,1747,87,5,27639.68,0
469,156,10,5,25872.73,30
3624,1214,27,4,9408.27,20
1464,497,13,1,27909.51,5
6406,2157,101,6,6747.29,25
1836,620,120,3,21995.68,20
5849,1971,133,2,14199.13,0
3349,1123,102,3,1221.07,15
1400,473,28,1,5202.75,40
6422,2164,48,2,13587.2,5
706,235,18,3,30603.35,20
1860,627,90,3,6537.09,20
2448,826,118,4,11703.58,0
5760,1940,35,3,24164.1,0
4156,1398,67,3,23979.51,5
3724,1250,41,4,18342.85,0
6482,2182,87,1,26327.11,15
5027,1709,139,2,2439.55,0
277,94,135,4,11904.45,30
4922,1670,109,5,15186.6,15
2082,702,121,3,22618.48,0
538,179,139,6,2104.84,0
1994,674,50,1,10440.95,30
2622,886,137,3,1542.57,0
941,310,8,3,29700.02,40
6116,2061,19,3,10376.95,20
4679,1586,46,1,6027.73,0
434,146,61,5,31628.63,10
5443,1840,117,3,10651.52,20
2831,962,60,5,1397.4,0
26,8,85,5,18621.86,15
721,239,44,1,33580.83,0
856,282,90,1,8051.23,0
3937,1324,70,2,19658.3,15
107,38,43,4,14433.1,0
5670,1911,71,2,23996.0,0
2352,797,133,6,13589.21,0
988,326,130,2,5034.46,5
4767,1615,126,1,21688.51,40
3843,1291,83,3,26024.38,5
5596,1888,82,2,10680.71,40
4431,1496,67,1,19585.78,30
6009,2027,131,4,14370.22,15
3065,1033,98,4,5917.89,30
1029,340,44,2,33102.39,5
3185,1074,28,5,5608.69,0
4972,1687,75,2,6811.76,40
6086,2053,77,6,20575.39,20
4152,1397,101,4,6979.99,0
2508,848,67,2,21756.2,0
2521,853,88,-1,37331.74,20
1345,454,104,1,335.23,15
1869,630,141,4,33423.8,0
1852,625,143,1,27446.51,0
2670,903,124,1,21952.12,25
6371,2145,146,2,14015.15,20
5118,1737,91,3,27391.84,15
5889,1984,90,1,6261.09,30
552,184,63,5,24330.36,5
4035,1356,80,2,24485.74,0
5966,2011,109,5,15369.02,0
3988,1338,92,6,24309.84,0
58,20,11,5,25172.01,40
1910,643,104,4,444.95,15
4176,1404,30,1,19914.53,0
5238,1774,27,5,11606.14,15
4613,1564,62,4,31048.45,0
4399,1483,83,5,24692.77,5
6341,2135,44,2,27382.77,15
6525,2195,27,4,10584.9,15
3271,1100,76,3,21381.08,15
430,145,148,2,36290.08,0
1501,511,66,4,11217.54,20
234,81,11,6,26276.45,5
5605,1891,40,3,13372.14,0
1830,618,116,2,7093.78,20
17,6,59,3,6867.82,25
579,191,19,5,11849.96,30
2436,823,105,5,11315.43,25
4203,1412,141,6,32538.42,25
5469,1849,85,2,19343.65,30
3479,1167,114,5,3143.05,5
2256,761,71,2,24006.84,0
1263,425,36,4,20906.82,30
3170,1069,118,4,13065.74,40
1241,413,48,2,11349.38,0
4602,1560,84,-1,13714.4,5
2780,942,118,3,14087.21,10
1492,508,4,1,13762.45,5
2785,944,121,3,20520.72,10
4619,1565,9,4,30324.42,0
3788,1271,133,6,16289.8,0
2837,964,72,4,20511.59,20
5374,1820,108,4,27679.0,10
3895,1309,109,5,16720.79,30
2865,973,12,2,19965.91,0
2599,878,117,4,8729.71,30
4023,1351,121,5,24794.85,30
459,154,30,1,17545.23,0
4379,1475,141,4,34007.73,0
4100,1380,12,5,19554.78,5
7,3,35,4,24937.51,20
301,101,24,2,9369.88,25
5750,1936,27,3,10643.6,10
748,248,16,3,2859.12,0
5775,1944,142,2,31781.45,10
6261,2110,39,5,30714.14,0
2968,1003,15,1,35641.56,0
6155,2074,56,-3,10670.22,0
2244,756,87,5,25581.36,25
4588,1556,106,5,19659.46,10
4950,1679,51,2,393.14,15
4793,1622,70,1,19722.61,40
5459,1846,100,4,7608.04,10
702,234,52,3,25828.23,15
2885,979,128,2,17168.36,0
2355,798,25,3,35870.87,25
5614,1893,146,5,15191.11,20
2135,717,94,6,1765.66,10
4579,1554,107,4,4674.68,30
1595,541,77,1,18578.3,10
5216,1767,119,1,4346.88,30
1229,410,138,1,18635.26,10
2836,963,121,2,19633.1,30
4394,1481,116,4,8837.67,0
3519,1178,82,6,10798.58,5
215,75,93,3,23274.8,20
6270,2114,54,2,20340.21,40
5937,2000,50,6,11297.12,0
1211,403,98,4,6102.79,0
3118,1049,56,4,10363.55,0
6472,2179,42,6,5001.6,20
887,292,110,2,476.04,40
3359,1127,9,1,25507.55,30
1311,440,99,3,18825.86,0
4041,1358,36,3,22599.52,15
3974,1333,36,4,25650.02,5
5956,2007,129,1,27533.7,25
1822,616,20,2,21349.21,10
6120,2062,137,5,1819.3,0
2129,715,51,4,391.56,15
3767,1265,23,2,18928.88,5
873,288,126,4,20915.17,0
902,297,147,1,7095.21,15
5362,1817,5,3,10039.93,25
1970,663,74,1,9327.98,5
6053,2038,28,3,5650.35,25
6218,2097,74,4,12151.22,5
3138,1057,94,1,1959.3,10
6307,2125,21,5,26941.43,0
735,244,87,3,26278.41,5
4149,1396,90,5,8023.51,10
2786,944,116,3,9108.47,40
1979,665,73,1,24817.57,15
5033,1710,49,-2,7833.16,25
5437,1839,78,1,18165.92,25
3927,1320,73,3,21964.04,20
2992,1013,66,2,11374.81,20
1567,533,38,2,5026.54,10
4796,1623,135,3,12364.33,25
364,124,148,6,37440.65,0
83,30,12,4,19982.66,40
5134,1742,104,6,376.89,25
2141,720,82,3,11805.08,20
4623,1567,60,6,1872.27,30
2827,959,25,3,32710.99,25
3891,1308,148,5,33399.2,5
577,190,29,4,24229.54,0
1848,624,33,6,1052.59,0
472,158,94,1,2059.47,0
4424,1494,45,4,28672.3,25
2150,724,76,6,29158.98,15
6193,2089,102,2,1238.69,30
4275,1440,1,5,21751.8,20
6243,2105,139,4,2493.24,0
137,48,134,2,1985.44,40
2509,848,33,5,1244.16,40
5143,1744,104,3,444.26,0
3213,1084,16,-2,2863.34,10
5648,1905,73,5,26020.68,5
3201,1080,47,5,10496.71,30
5120,1738,3,4,907.36,15
5096,1731,95,2,18225.06,5
5845,1969,93,5,25574.46,0
2857,971,73,2,20549.35,20
1551,527,99,2,24407.99,20
570,188,11,1,32028.23,15
4976,1690,135,6,11077.61,15
5018,1706,138,1,19483.25,0
2537,857,133,-2,13292.18,30
3466,1163,32,3,30040.64,25
5911,1990,85,2,19806.14,20
1965,661,35,5,21355.49,20
2593,876,86,3,13197.5,0
3685,1235,56,6,10254.06,20
4236,1422,101,6,6747.44,0
4446,1502,68,5,27832.85,0
52,17,111,1,21442.03,0
3930,1320,22,1,4373.45,5
4948,1678,122,4,7646.39,5
4472,1512,60,3,1601.03,5
5622,1896,115,-1,30674.0,0
1264,425,57,1,3382.07,15
6292,2121,135,5,10546.78,5
5412,1833,65,5,18477.34,25
696,233,147,6,6802.37,40
5071,1722,30,1,16775.2,15
5100,1732,45,6,32161.22,25
3082,1039,146,6,12484.66,15
550,183,99,1,19702.52,15
1801,608,54,6,19992.24,15
1352,456,93,6,19620.79,40
1543,524,14,1,876.32,30
3554,1190,134,1,1941.81,0
6322,2130,90,6,6769.48,10
3137,1057,108,1,30953.57,20
6170,2081,145,1,13823.78,25
1308,440,37,1,15058.16,0
819,270,74,1,11088.0,40
1245,415,2,1,22935.38,0
4485,1516,57,3,3009.94,10
3719,1249,61,4,25093.59,30
6176,2083,75,5,6683.66,25
1915,644,69,3,9679.49,15
2333,790,101,2,6325.48,0
1671,566,36,4,19939.88,5
1593,541,84,2,10985.35,5
4468,1512,76,3,23162.03,0
3976,1334,82,4,10808.82,0
4306,1449,93,4,24382.39,40
2382,807,49,1,6392.76,5
4529,1535,33,4,1101.78,0
3000,1014,123,3,16073.09,0
1650,559,100,3,9161.21,0
6045,2036,77,2,18152.84,10
2155,725,122,2,6881.55,10
4514,1531,9,3,27940.53,5
3323,1116,56,5,10545.25,10
402,135,72,3,25207.11,20
3459,1162,53,2,12006.85,20
5297,1796,53,5,13250.24,5
338,114,108,6,28785.59,5
1708,581,123,-3,14966.78,5
731,242,60,5,1420.32,10
2414,817,112,1,30187.77,15
5402,1830,5,4,9216.88,0
5404,1830,54,1,20587.77,40
6226,2099,81,6,5803.3,15
5446,1841,1,2,19914.46,15
4552,1544,53,1,14445.7,0
345,117,123,1,15041.75,0
6127,2065,124,1,20503.3,20
2807,952,123,2,16917.75,25
3395,1138,124,4,20322.1,0
2520,853,69,1,10484.53,0
2013,680,104,3,398.37,10
1727,586,34,1,9850.49,10
4537,1539,14,5,833.97,15
5095,1730,27,3,11920.56,20
3131,1055,38,5,5095.05,25
1118,370,97,2,29094.18,20
2323,788,117,6,10430.88,20
6418,2163,17,4,24934.43,0
3087,1041,81,6,7725.13,30
2567,866,105,2,9970.97,15
2400,814,15,3,35080.64,0
6057,2039,123,4,17740.12,5
2826,959,84,4,12856.89,15
4291,1446,146,5,13146.76,20
2069,697,107,6,4282.45,15
229,80,77,6,15702.79,30
1539,522,57,5,3474.05,0
4129,1388,88,3,32588.35,0
3946,1326,30,6,20695.26,40
1972,663,64,6,20755.69,0
1037,342,40,2,12617.83,40
5296,1796,34,5,8819.0,30
3033,1023,37,2,14628.67,20
4611,1563,84,1,12390.72,15
450,150,129,1,34078.07,0
1446,489,44,5,34065.65,0
3652,1224,9,4,31176.7,40
2104,708,69,2,8946.39,25
3615,1211,9,6,25841.16,30
2490,840,79,3,5921.88,10
768,254,28,4,6218.55,25
525,176,115,1,27846.03,0
367,125,135,6,12015.48,15
2916,988,26,1,7309.76,0
6147,2073,16,6,2955.73,15
36,12,17,6,24338.0,15
233,81,75,2,7574.68,15
1726,586,33,5,1218.52,0
5594,1888,125,3,31219.67,10
5200,1763,102,3,1135.12,10
1176,392,45,6,29340.49,15
4442,1499,126,2,20201.79,0
1140,377,138,5,19589.61,40
1242,414,141,2,36859.75,20
1253,420,31,1,32859.47,0
4206,1413,103,-3,6962.33,15
409,137,82,-2,10243.44,30
5358,1816,6,4,19955.52,30
513,172,142,3,28132.46,0
970,321,73,1,26423.34,0
4408,1486,117,4,9287.65,0
343,117,31,4,29791.81,20
5039,1713,38,4,4568.32,15
841,279,46,4,5829.68,5
3344,1122,107,4,5052.69,0
2298,777,15,-3,32435.05,30
1872,631,62,4,28622.45,5
6213,2096,12,5,16364.55,5
6262,2111,85,1,20145.93,40
190,67,43,5,12014.41,25
2318,787,2,5,24207.02,40
807,266,26,4,7995.8,5
2897,982,50,-1,10673.06,10
4741,1608,6,4,20978.82,0
231,80,6,1,23279.56,10
4449,1503,102,3,1136.68,10
4863,1648,6,6,22604.46,15
2626,887,93,2,24871.13,10
4002,1343,114,3,3830.91,20
5243,1776,121,4,21994.67,15
3710,1245,98,2,7839.29,15
410,137,18,6,25812.45,0
1897,638,20,2,21532.28,10
5375,1821,115,1,29769.44,15
3531,1183,70,3,18644.19,15
3784,1270,72,6,22493.32,40
2061,694,15,4,35585.81,40
5925,1996,2,1,19187.95,0
1648,558,100,5,7512.57,0
5171,1753,76,5,25619.12,10
3812,1281,11,3,25932.93,40
5176,1754,90,3,7516.91,30
4304,1449,5,6,10439.1,10
5307,1799,87,4,25005.58,0
5555,1876,132,6,14925.43,0
2534,856,49,2,7717.87,0
4989,1696,13,3,29471.9,15
2144,721,2,2,22759.26,0
4052,1362,110,4,484.38,10
6090,2054,117,3,11364.54,25
1169,390,126,-1,23306.12,5
2551,862,115,6,34598.09,30
1205,402,8,1,26448.91,25
3190,1075,117,2,10942.12,30
3790,1272,144,6,33774.05,10
3289,1105,43,6,12105.8,0
4901,1662,121,2,22638.57,40
2540,858,123,1,16795.96,0
2068,697,95,5,15271.5,0
5794,1953,105,2,11896.12,20
4865,1648,20,3,24334.26,30
1302,438,108,4,25628.3,0
2158,727,94,1,1918.13,10
4642,1574,21,1,24569.92,25
2558,864,33,4,1221.83,30
4533,1538,69,4,8713.45,0
5586,1885,43,4,15338.03,10
2452,829,57,4,2929.89,0
1675,568,24,5,9540.86,0
3660,1227,34,3,9549.33,25
6419,2164,94,2,2014.91,20
2267,764,64,4,22740.35,0
2665,901,53,1,12775.78,10
2733,924,52,6,34211.3,20
4265,1435,13,6,30676.8,30
6331,2132,35,3,21823.44,5
5273,1784,102,2,1310.51,25
501,167,77,-3,17483.4,15
5339,1811,109,6,15659.79,15
3384,1134,135,3,9153.82,0
2160,728,118,1,11732.11,40
1053,347,3,5,1110.85,10
4117,1385,100,2,8173.23,5
2760,933,136,2,31519.07,15
4272,1439,23,6,17209.87,15
3482,1168,100,3,8757.29,5
4814,1631,102,4,1375.86,5
5342,1811,50,6,10223.3,0
6138,2070,69,3,8121.88,5
1600,542,9,2,30225.25,10
2844,966,20,1,20173.84,10
2727,921,133,5,14007.14,25
5084,1727,57,6,3282.45,5
4648,1576,9,2,25486.38,0
6039,2035,130,3,4565.49,5
3582,1201,54,3,21096.93,0
4375,1474,60,4,1697.96,25
3781,1269,122,5,6937.74,40
630,207,32,5,26488.09,10
795,263,95,6,15710.57,0
4075,1371,27,6,9804.83,0
4981,1693,141,2,36904.87,15
4760,1613,56,2,10012.27,30
5739,1933,138,-2,19208.15,10
3449,1158,24,3,11955.14,0
1607,545,44,5,30704.8,0
3335,1120,108,6,25683.63,20
5338,1810,119,4,4023.36,15
1857,626,54,3,17925.09,20
4958,1681,147,4,7289.0,10
6538,2199,36,3,24954.81,5
1162,388,8,6,29667.47,0
1213,405,127,2,18469.1,0
3210,1083,76,6,24065.58,0
4370,1473,129,5,28508.65,25
6392,2151,148,6,35223.56,0
4510,1528,65,5,17344.23,0
2026,683,6,6,18883.26,0
3353,1124,8,5,30611.63,10
6301,2123,11,3,27605.71,10
3795,1274,84,6,13293.08,15
886,291,104,5,383.46,0
2989,1011,39,2,28441.55,40
2941,996,109,3,14954.32,40
1661,563,137,5,1862.38,0
2529,855,23,6,19592.72,15
1771,599,36,3,21006.27,5
4193,1408,139,3,2741.46,0
5723,1929,139,5,2467.77,30
3503,1175,146,5,11756.22,40
1218,407,22,3,4851.28,25
1722,585,66,1,11596.21,40
950,314,3,4,947.85,0
1556,529,48,4,15334.42,0
4868,1649,45,6,30567.85,0
4284,1443,109,1,15705.96,30
4155,1398,12,4,19682.7,10
6234,2102,12,4,18324.84,30
2639,891,102,3,1529.92,20
6151,2074,72,4,23646.18,30
5282,1788,74,3,12200.25,25
1787,603,76,6,22366.83,25
461,154,102,6,1160.3,0
3348,1123,45,1,28933.64,10
1611,546,50,1,9542.65,30
3214,1084,120,3,27219.31,0
2889,980,2,1,23518.06,30
507,169,17,6,27519.47,0
2915,987,147,1,8482.07,20
1062,349,103,2,6804.79,30
2114,711,136,6,30240.41,10
4440,1499,17,3,25320.36,0
2411,817,66,2,9622.48,30
471,157,3,4,841.39,40
4720,1602,44,4,32324.57,10
6177,2083,122,2,7251.91,15
4730,1605,60,6,1758.74,25
2305,780,20,5,24664.62,25
2755,930,121,-2,18949.01,0
3906,1313,118,6,10684.45,15
3102,1046,63,1,23954.59,0
1030,340,145,5,12429.11,20
4482,1515,14,3,857.24,40
1858,626,113,3,14998.43,0
401,135,114,3,3352.22,10
2228,751,35,4,27002.08,10
1917,645,105,3,12501.03,0
2417,818,70,2,18921.78,0
920,304,137,1,1886.75,40
5379,1823,138,3,16390.96,20
843,279,17,6,27019.1,5
6465,2177,38,1,4198.64,0
4531,1536,64,1,19285.01,10
10,3,118,5,13290.01,20
2673,903,120,6,23472.34,0
2744,927,2,4,22723.26,25
3712,1245,57,1,3319.23,40
989,326,90,5,7994.46,20
4844,1642,23,2,20403.56,20
6417,2162,16,6,2795.2,0
2979,1007,108,2,23455.49,5
4754,1612,40,1,11261.14,40
6107,2059,38,4,5073.31,5
5682,1915,2,4,20108.96,40
6383,2148,48,6,12149.6,10
4862,1648,108,3,24576.99,0
2113,711,89,2,17498.46,30
6334,2133,47,6,9535.21,30
2569,867,85,4,18285.84,25
5716,1927,13,4,23298.08,40
4574,1551,45,6,32011.23,0
6083,2051,57,2,3314.16,10
867,286,46,5,6428.09,15
534,179,113,1,16349.32,0
1601,543,80,3,23184.88,0
1391,470,21,4,32122.33,0
3523,1179,47,5,11204.88,30
730,242,8,3,33658.34,0
2236,754,51,3,367.0,20
432,146,20,2,22061.3,15
1154,384,21,4,29148.23,5
3657,1226,101,5,6339.01,25
3492,1171,104,6,440.61,0
1151,382,35,3,21348.17,25
4889,1657,117,6,12042.09,20
3178,1071,137,6,1381.63,15
4,2,43,5,14475.13,25
2479,837,80,3,24933.81,40
5260,1779,32,4,26259.77,0
4645,1574,31,6,35621.93,30
885,291,111,5,20489.29,20
6508,2190,103,5,5504.69,5
640,210,101,2,6956.67,40
1961,659,53,3,14383.45,0
3071,1036,120,5,24969.87,0
6253,2108,83,4,26991.3,0
34,11,39,-1,26338.11,0
3964,1331,65,4,16814.44,10
2128,714,109,5,17032.87,30
5140,1744,5,1,7989.74,20
4707,1598,12,3,17056.84,0
641,211,45,1,34326.33,30
3848,1293,119,-3,3813.53,0
4798,1624,123,4,15204.64,15
6367,2143,1,2,18021.3,0
6284,2118,118,3,13984.25,0
163,56,136,3,23497.01,5
3709,1244,14,5,1112.62,40
1856,626,19,4,11354.08,15
1975,664,20,3,23297.8,0
2234,753,98,5,7986.15,20
6531,2197,129,2,31620.45,15
89,31,136,5,32120.7,0
3518,1178,110,1,582.13,0
824,271,102,5,1525.22,10
5771,1943,72,6,23288.21,40
670,221,110,6,555.89,30
3163,1067,14,1,1042.4,0
2383,807,85,5,19551.78,20
3818,1282,29,4,23121.14,15
3394,1137,25,5,37311.79,0
1828,617,17,4,24712.74,5
910,300,77,5,18568.83,30
3553,1190,1,1,19451.46,0
4238,1424,81,6,7048.7,0
5011,1703,116,3,7519.09,40
1641,556,81,3,6366.58,10
5780,1947,130,3,4957.39,0
2775,938,90,1,8213.35,40
3427,1148,14,2,891.37,0
2039,686,12,5,19974.42,0
2640,891,40,2,12228.54,15
2478,837,20,6,22698.94,25
5447,1842,110,6,518.16,0
1602,544,82,6,9277.3,40
5563,1879,135,4,10502.97,0
4792,1622,25,1,27593.42,20
4869,1650,101,2,5125.68,40
3500,1173,3,4,830.7,30
699,233,84,4,13082.54,20
4213,1415,11,5,28963.57,5
820,270,95,3,16318.01,15
5214,1767,104,2,405.69,0
5917,1992,122,2,8086.6,40
3776,1268,71,5,22326.24,0
2840,965,61,3,24517.42,15
2488,840,97,2,29129.04,40
4197,1410,32,1,22186.92,0
1424,482,81,3,6856.55,10
341,115,132,-1,17237.73,25
5278,1787,13,6,23179.26,10
2087,703,99,2,24050.71,20
1090,359,139,3,2042.7,0
4419,1492,123,1,16353.48,30
3261,1096,108,2,28507.27,0
5737,1933,61,1,27764.34,0
1206,402,3,3,1100.46,40
1153,383,18,4,28685.64,0
4461,1509,61,5,28850.84,20
3361,1127,30,1,16328.15,20
3972,1333,73,4,26033.0,30
4582,1555,139,6,2515.8,30
5866,1976,89,6,15240.21,0
4658,1579,13,4,30746.69,5
1363,459,45,4,28802.65,30
4145,1394,8,3,35337.99,25
6088,2053,86,6,11388.0,30
1730,587,65,5,18634.8,10
5251,1777,147,1,7785.71,25
2937,994,28,3,6037.02,5
698,233,144,4,31459.38,40
6333,2133,1,3,19098.82,0
5745,1935,127,1,19024.68,30
4845,1642,102,2,1165.26,0
5839,1967,100,-3,8936.0,5
1887,635,51,1,313.25,0
3119,1050,145,4,11506.68,15
529,177,22,2,5080.11,0
5385,1825,87,4,24327.98,0
3601,1206,59,4,5800.07,25
5263,1780,133,3,17113.13,25
1845,624,116,6,9107.14,30
2415,817,93,5,24056.01,30
5830,1963,89,1,17411.28,0
3494,1171,90,5,7657.62,5
2604,880,95,6,14146.25,10
1783,602,99,5,25306.47,0
718,238,60,3,1731.38,25
2643,893,55,3,2862.97,5
1698,576,17,3,21744.45,10
2573,868,114,5,3333.43,10
6364,2142,121,2,19939.69,30
200,70,12,2,15456.17,5
5638,1902,117,1,9727.58,25
5890,1985,109,1,13931.9,0
1379,465,119,4,4461.5,0
1927,648,107,4,5141.21,25
1686,572,141,1,34094.66,5
4723,1603,142,1,33863.56,0
121,43,24,5,11500.9,0
2679,906,77,6,20237.53,5
1937,651,89,3,15273.09,0
4428,1495,96,2,21160.97,25
2993,1013,67,6,23504.18,30
6294,2121,103,6,5963.59,5
4874,1651,83,-1,28165.82,30
827,273,30,1,19104.66,20
5927,1996,69,6,9122.67,0
5304,1797,119,4,3531.81,20
852,281,38,6,5313.94,5
5863,1975,9,4,29220.01,0
3636,1219,79,5,5051.65,0
2109,710,112,2,26025.05,40
5089,1729,3,4,816.98,40
232,80,63,6,20340.37,15
759,251,102,6,1161.08,15
4205,1413,99,1,22679.1,0
1572,534,96,4,21850.33,0
5478,1852,32,1,28940.38,20
5888,1984,10,5,26350.89,40
1075,353,75,2,7815.9,30
6342,2136,61,1,32114.71,40
1524,518,48,5,13920.43,30
810,266,62,2,27944.09,10
1189,395,108,6,26506.13,25
1484,505,131,1,17131.27,10
4964,1684,119,3,4482.52,5
2240,755,133,3,14313.77,20
5808,1957,135,2,12082.94,5
3846,1292,2,1,21662.31,10
3834,1289,47,2,8968.52,15
4076,1371,64,4,23191.96,25
5904,1989,48,5,12338.98,0
1619,549,83,4,22350.97,40
3522,1179,16,3,3339.47,15
5655,1908,84,1,12575.17,0
4940,1676,100,4,7569.02,5
6492,2185,112,-3,34226.81,0
2432,822,73,3,24974.13,20
5706,1924,123,-3,14776.53,0
2064,696,114,2,2959.63,25
1615,548,121,5,20880.73,10
5639,1902,135,2,9811.46,20
38,13,143,6,34598.27,40
4983,1694,128,5,20369.89,10
5769,1942,119,2,4550.9,0
2371,802,86,3,11848.83,10
854,282,23,1,20221.89,30
2847,967,125,2,23414.16,20
2510,849,62,3,27238.82,5
6000,2023,96,5,18192.86,0
4628,1568,28,1,5094.51,40
1617,548,143,1,31771.83,15
1130,374,90,2,6370.6,40
5392,1827,119,4,4263.85,20
6451,2174,105,1,13162.57,40
3326,1117,120,1,26237.64,25
3628,1215,127,3,21155.27,0
3379,1133,92,1,26816.68,0
3106,1046,89,1,16572.01,0
4726,1604,92,2,24794.11,20
5491,1855,116,1,7736.03,40
2955,1000,100,4,7878.4,0
3445,1156,96,1,18305.08,20
3753,1260,93,3,21814.12,5
3099,1045,116,1,7317.56,0
519,175,75,1,7028.89,40
5852,1973,93,2,24167.53,10
4167,1401,92,3,24988.79,10
3545,1187,97,6,32568.52,20
1781,601,71,2,21551.09,25
6336,2134,44,6,34200.21,5
445,149,94,6,2091.6,30
2990,1012,119,5,4215.95,0
2701,912,127,5,17018.5,0
3274,1101,22,5,4089.7,15
2156,726,5,3,7974.49,10
4880,1653,133,6,16335.42,30
715,237,94,3,1629.15,25
5967,2012,111,6,18835.83,30
6415,2161,64,4,22148.56,10
6448,2173,83,1,24638.52,20
3715,1246,54,1,19712.43,15
32,10,18,-1,23810.74,40
1103,364,15,3,36804.5,10
5331,1808,9,6,27680.61,40
5334,1809,13,-2,23117.37,10
4195,1409,129,6,27599.66,5
766,254,25,5,30986.52,30
5877,1980,81,1,7654.71,40
3924,1319,73,-1,27741.23,5
2498,842,123,4,17075.22,30
3237,1090,35,6,21587.46,0
5240,1775,14,6,1025.62,10
1221,408,81,4,6466.07,25
2652,896,100,3,8581.13,0
3804,1278,65,5,15143.66,30
6385,2149,43,2,11932.93,0
39,13,141,3,37001.84,5
3491,1170,16,3,2575.1,5
3484,1168,101,1,5451.65,0
1633,553,52,4,30217.2,30
1842,622,132,3,18994.66,0
871,288,70,5,23044.1,0
2663,901,37,6,17464.85,0
2427,820,5,2,9877.14,10
1422,481,64,5,18145.96,15
3269,1099,6,3,21805.4,40
4479,1515,128,2,20470.68,15
35,12,124,2,21540.16,25
3458,1161,39,1,24907.45,0
562,186,143,6,26298.68,0
2771,937,25,6,28185.64,20
3233,1089,41,4,18410.43,30
700,233,76,1,29117.76,30
5958,2008,121,1,20818.8,0
2962,1001,35,-2,24822.55,15
2078,701,75,2,7922.32,15
3626,1215,110,5,499.47,30
4643,1574,142,1,29053.5,25
1523,518,53,6,14259.89,0
1537,521,14,5,847.12,25
4807,1629,105,1,11327.48,0
790,260,25,4,36213.72,0
412,138,99,6,24328.11,10
2623,887,89,4,14758.32,0
5645,1904,131,3,15256.14,40
1951,655,140,5,14846.99,0
2854,970,1,6,22626.52,10
2584,873,130,3,4370.96,5
835,276,136,3,31527.03,0
1210,403,139,6,2443.97,0
1519,517,147,1,7108.91,30
5016,1704,72,1,25610.02,40
3968,1332,110,2,604.94,0
1097,362,70,2,20642.47,10
1906,642,69,2,8507.45,40
4003,1343,82,4,11628.82,5
5083,1727,135,6,11114.69,40
1115,369,58,5,11948.6,0
2122,713,116,5,6914.41,25
2945,997,105,3,10593.29,0
5486,1854,112,1,27117.39,0
5907,1990,37,-2,18762.46,40
1041,344,99,6,24505.53,5
6535,2198,65,4,18059.95,0
2476,836,79,6,6918.03,10
2202,741,127,-3,19109.49,0
1201,401,4,6,11902.88,0
3585,1202,68,1,23054.93,20
1450,491,83,4,21354.14,0
3228,1088,70,2,23331.76,30
1894,637,5,3,8209.4,40
4969,1686,122,2,8129.15,40
160,55,6,2,22836.38,30
5457,1845,127,2,16280.37,20
6328,2132,132,6,19058.23,0
5003,1701,107,6,4770.02,0
4377,1475,7,-1,4091.04,0
5929,1997,37,2,14089.31,5
4147,1395,57,1,3323.15,30
209,73,15,1,34298.45,0
4106,1382,64,3,24258.99,25
617,203,113,6,15827.87,0
3412,1143,1,2,19093.14,5
4939,1675,84,4,11815.41,10
4116,1384,55,6,2402.04,0
2832,962,131,6,17587.3,15
701,234,122,5,6601.0,0
5613,1893,10,2,20725.52,0
1425,482,35,1,22672.95,40
3862,1297,120,6,22217.41,0
244,84,27,5,10302.63,25
6019,2030,15,6,31483.25,5
1158,385,23,4,16321.17,25
5717,1927,111,1,17113.83,40
6444,2171,108,1,29016.0,25
4704,1596,97,3,31659.25,20
3238,1090,110,4,542.68,5
2020,682,97,4,27866.78,5
2019,682,4,1,11523.61,15
6050,2037,98,1,7046.67,15
6486,2183,55,5,2706.43,40
4086,1375,90,2,7429.19,0
1293,436,40,4,14217.27,40
2131,716,96,6,19191.88,40
2685,907,30,1,17421.92,30
4675,1583,135,2,11102.65,0
2281,771,34,4,10017.97,0
4124,1386,87,4,24896.58,0
3340,1121,132,1,16121.49,0
1179,393,142,3,33411.91,0
1438,486,27,6,11625.66,30
4742,1608,86,1,13529.33,10
1866,630,12,-1,18915.47,15
4660,1579,134,6,1996.13,0
4087,1375,131,4,14310.48,25
1447,490,120,3,20185.57,30
3683,1235,68,4,27654.46,5
2365,801,108,1,26090.77,40
3869,1299,13,2,27237.94,20
1769,598,1,1,21706.97,0
914,301,79,3,6230.25,20
4846,1642,71,6,27171.53,25
2170,732,146,1,15223.53,0
713,237,91,2,21647.1,0
3708,1244,109,3,14047.49,0
1820,614,68,2,26510.96,25
1924,648,61,2,29222.63,30
293,99,144,1,34684.57,0
4591,1557,79,6,6628.38,15
5637,1902,89,4,16209.08,10
47,15,130,1,5099.87,20
3854,1295,24,6,10580.91,15
2302,779,3,6,944.97,15
130,47,139,5,2751.54,5
3352,1124,109,2,18174.56,30
1653,560,95,1,16934.81,40
111,39,83,4,26233.33,0
2987,1010,58,6,10474.82,15
4831,1637,97,6,30544.76,15
1173,391,30,4,19374.51,10
6290,2119,143,4,35021.12,15
406,136,7,1,4193.03,10
207,73,138,3,17492.69,0
417,139,49,5,6579.68,0
5088,1728,141,2,37397.87,0
5413,1833,40,6,13808.93,10
3417,1145,59,2,7230.18,10
3025,1021,42,1,4923.02,40
3944,1326,44,1,27711.16,10
182,64,41,2,14139.36,25
5634,1900,103,3,6943.6,0
6166,2079,28,3,5858.08,10
4241,1426,94,6,2050.94,0
3134,1055,119,6,4340.9,0
5111,1736,50,3,10990.27,25
4280,1441,62,1,26250.29,5
3397,1138,16,2,3352.3,15
6529,2196,29,-2,24120.87,30
1496,509,69,4,7826.15,25
4722,1603,145,3,12995.9,40
2881,978,58,6,10851.25,25
921,304,134,1,2177.77,0
6172,2082,60,6,1597.23,0
1788,604,116,5,6887.14,0
4189,1407,98,4,7381.53,10
3866,1298,32,2,25827.74,0
1594,541,99,4,25815.69,20
1647,558,125,1,24313.27,20
4209,1414,94,5,1866.53,0
5949,2005,29,4,19365.18,20
5359,1816,2,4,20411.43,40
5880,1982,68,4,23449.73,20
1772,599,86,6,13336.63,25
4585,1556,120,2,22832.51,0
4795,1623,106,3,16588.2,5
4094,1378,100,2,9245.78,25
116,41,80,3,19746.21,0
3547,1189,106,2,20784.0,25
5531,1868,23,1,17799.76,0
1930,650,142,3,31387.68,0
5695,1919,115,2,33918.81,20
5922,1995,111,3,21532.58,0
5742,1935,58,1,13614.98,0
5149,1745,125,2,26773.37,0
1310,440,130,5,5419.16,0
5535,1869,98,5,6380.31,5
3970,1332,121,1,23332.39,40
3067,1034,130,5,5409.84,5
3320,1115,102,1,1436.56,40
4014,1348,147,3,6920.58,10
710,236,77,2,18097.8,15
3198,1079,115,2,27757.38,20
5409,1831,64,1,24532.96,0
2707,916,60,2,1451.41,40
3630,1216,141,3,30100.26,25
5335,1810,66,2,9661.15,30
580,191,122,2,7448.22,5
2108,710,74,4,10050.34,0
4476,1513,40,4,14058.15,0
5492,1856,74,5,12563.49,30
2853,969,136,4,32206.43,25
1164,388,140,3,12971.82,20
1072,352,4,6,12667.52,20
1195,399,143,6,30051.88,10
6006,2025,88,1,32202.52,20
2386,808,79,6,5362.36,10
3322,1115,36,2,21751.29,5
633,208,136,1,26003.65,25
4766,1614,102,6,1231.31,15
1463,496,35,1,25243.35,40
3721,1249,89,5,17446.14,0
1404,475,111,2,20110.87,10
2848,968,99,5,22394.41,20
1473,500,73,6,21313.63,5
935,307,77,1,20113.65,10
2759,933,71,6,21303.39,10
4168,1401,134,6,2109.3,20
4026,1352,109,1,13891.41,5
5590,1886,58,4,10303.17,30
946,313,144,3,29686.48,15
5170,1752,54,6,21580.28,5
3975,1334,142,5,27329.75,30
3312,1112,89,1,16869.07,5
1525,518,16,1,3197.74,40
1442,487,67,5,25394.18,40
6026,2031,125,4,29367.64,15
3219,1086,49,2,7555.86,0
2624,887,125,5,30050.26,10
3315,1113,81,6,7220.9,0
257,88,89,1,17095.24,40
4860,1647,61,1,26843.83,20
4794,1623,41,5,16089.04,15
6248,2107,115,4,29189.98,30
708,236,57,3,3903.7,15
5498,1857,4,2,15098.48,15
4402,1484,56,3,8178.32,40
2410,816,39,6,29858.51,20
79,29,130,5,6051.25,40
5233,1773,81,3,6982.13,10
2667,902,67,2,21846.39,0
2200,741,26,2,8408.46,5
3253,1094,76,1,23631.06,10
5916,1992,43,3,15188.82,25
1531,520,61,3,30139.08,40
6074,2047,62,3,30064.44,40
1947,655,26,3,7499.31,0
5006,1702,61,5,28162.43,25
3388,1135,107,3,4171.77,10
2633,889,56,1,8144.42,25
1685,572,102,6,1306.08,25
87,31,68,4,25061.57,0
2705,914,143,4,30742.94,20
270,93,40,2,11107.27,0
3756,1261,87,6,27524.08,20
3396,1138,147,3,8744.17,5
1368,461,103,5,6315.02,30
4974,1688,64,5,23609.53,10
3809,1279,13,4,30799.19,20
4009,1346,61,5,24510.39,0
1626,551,46,5,5634.25,10
2173,733,101,5,6873.05,25
365,124,112,5,26512.41,0
5732,1931,71,-1,28108.76,0
5713,1925,4,4,11811.59,5
2407,816,79,2,5557.91,5
2159,728,4,-3,12403.73,5
5147,1745,25,-2,36010.91,5
3501,1174,96,4,20485.26,0
1220,407,5,2,9511.92,20
414,138,37,5,19328.27,0
5757,1939,39,2,26510.14,15
3114,1048,66,3,10111.85,25
3880,1304,136,3,31563.5,30
2555,863,44,1,34207.39,20
286,97,23,3,18305.85,40
3159,1065,27,5,10727.83,25
635,208,40,6,14815.48,30
3121,1050,48,6,15505.54,25
6103,2058,4,6,12074.67,0
990,326,19,2,10774.1,25
6011,2027,76,2,23393.32,0
5549,1873,140,6,15293.24,0
3841,1291,18,5,26494.21,15
5112,1736,114,1,3565.25,25
4817,1632,33,5,983.6,0
1609,546,133,3,14474.11,25
2029,684,78,4,17021.11,15
4797,1623,42,6,5060.89,15
3827,1286,45,4,31649.48,0
1064,349,137,1,1444.07,0
2548,861,26,2,8824.94,0
2662,900,74,4,9723.0,0
3002,1016,46,3,5550.98,0
6036,2034,97,3,36943.16,5
5952,2006,42,2,4685.24,30
6404,2157,129,3,35657.37,20
1388,468,48,1,11765.08,10
899,296,117,3,10580.11,20
2284,772,22,2,4711.5,5
6536,2198,97,3,29981.2,30
3357,1126,50,6,10053.68,0
2051,691,116,5,8980.38,0
4497,1523,9,4,27742.34,20
3270,1100,119,3,4216.86,40
4508,1528,37,-2,15488.39,0
5495,1857,56,2,9214.74,0
2163,731,9,2,29419.99,25
1533,520,84,1,12495.43,30
6487,2184,11,5,25534.9,10
4990,1696,139,6,2047.39,30
246,85,62,2,30634.19,0
4295,1447,36,2,27342.75,0
5236,1774,109,1,18122.9,30
5129,1741,99,4,24064.31,40
363,123,139,5,2430.54,30
2748,928,11,4,33323.86,40
4046,1360,28,4,6389.75,0
3814,1281,20,4,22342.72,40
1724,586,76,5,23301.68,20
1212,404,65,6,19036.65,20
4992,1696,81,4,6635.13,25
2983,1008,99,6,23156.68,40
1823,616,10,6,22549.1,20
4339,1463,125,1,28026.9,20
1703,579,52,2,26611.86,0
1233,411,147,1,7465.38,30
5998,2022,78,4,18067.37,40
1411,477,96,3,17455.0,40
2868,974,5,4,9597.62,25
5053,1717,146,6,13879.15,10
1693,575,118,4,14102.25,40
523,176,146,6,11954.39,5
5822,1960,32,4,24732.7,0
968,321,101,6,6550.7,5
5680,1914,109,3,17819.27,30
4227,1419,117,4,11980.93,40
5970,2013,144,4,28862.29,0
1749,592,136,4,26999.52,10
3689,1237,121,6,21254.9,0
4341,1464,90,3,7164.55,40
6421,2164,20,4,22928.35,20
3211,1083,123,1,18146.23,20
3983,1335,95,3,13648.37,25
5853,1973,12,1,20189.33,0
6081,2050,105,3,10735.73,0
3257,1095,59,-3,7685.55,0
4430,1495,31,4,35947.78,30
6330,2132,52,-3,33849.47,20
2401,815,45,4,32975.18,20
5554,1875,5,5,10226.07,20
6097,2056,56,4,9061.96,40
1577,535,43,5,15019.35,40
5475,1851,12,2,18506.84,5
4151,1396,125,2,26596.7,40
2724,921,105,4,13012.71,25
4895,1660,136,6,23942.47,20
2080,701,111,3,17759.84,5
3824,1286,90,4,6406.95,20
4599,1559,37,6,16461.44,20
1175,392,146,3,15199.46,15
1360,458,124,3,18931.07,15
1380,466,53,6,11165.36,0
3748,1259,116,5,8773.28,0
3731,1252,68,-3,29753.91,30
371,126,88,2,37509.22,20
5941,2001,133,6,14011.46,30
1778,601,134,4,1734.99,15
2350,795,115,2,28029.59,0
383,129,130,4,5675.09,10
6231,2102,41,1,16624.07,20
5455,1845,49,3,8455.88,15
1471,500,34,-3,9836.9,25
1460,496,44,1,27439.31,15
2216,748,110,-3,494.78,10
1736,588,135,6,9167.93,5
2217,748,11,6,26218.89,25
661,219,134,5,1808.57,30
6381,2148,51,5,368.55,40
2898,982,107,2,4291.97,30
3526,1180,147,1,6802.7,0
4285,1443,122,4,8031.14,5
5174,1753,75,3,7649.58,5
225,79,67,2,23399.41,0
3341,1121,78,6,15463.78,5
4724,1604,141,6,32027.09,0
6390,2150,25,2,29718.38,15
4836,1639,102,1,1265.01,0
3873,1302,34,6,11364.25,40
5279,1788,148,1,30010.13,0
6445,2172,82,6,8743.76,5
1021,337,105,-1,12982.55,20
2581,872,139,5,2171.32,20
3820,1284,28,4,5446.9,5
982,324,6,6,22686.15,30
2971,1005,144,1,37000.27,0
792,261,56,1,10044.76,20
1528,519,31,1,32971.55,10
2007,677,143,2,26942.22,30
1178,392,138,3,21001.85,0
3375,1131,14,3,1089.23,40
6058,2039,124,4,17101.44,30
2437,824,43,2,12512.35,5
280,95,12,1,17564.69,40
3309,1111,6,3,21697.05,20
4028,1352,113,4,18577.91,0
3075,1037,102,-1,1302.63,25
4668,1582,14,3,1041.12,30
5281,1788,135,5,10585.51,5
272,93,19,4,10977.29,0
1398,473,141,2,36253.07,5
273,93,83,1,24135.27,25
5859,1974,26,1,8399.38,0
848,280,32,3,23167.02,15
592,195,87,3,28610.8,15
2166,731,90,6,6699.34,25
4755,1612,92,3,25345.41,25
2049,689,63,6,22323.24,25
5074,1724,80,3,19707.99,30
1782,602,1,5,17906.17,0
1038,343,136,6,32102.12,0
2878,977,146,-2,12438.59,5
6327,2132,33,1,982.25,0
2077,700,25,3,28787.06,20
5856,1974,74,6,12300.82,0
4432,1496,84,3,11658.74,10
2751,929,124,5,18058.65,20
930,306,136,3,29254.46,25
5567,1880,3,1,898.68,0
4656,1578,92,3,22479.03,20
3252,1094,10,4,27137.9,15
342,116,127,5,18453.86,20
2846,967,39,5,29606.9,0
3461,1162,97,6,29037.42,30
9,3,74,6,12401.58,15
3068,1034,148,-2,31223.62,0
486,162,32,5,29956.31,25
1470,500,112,5,31494.36,15
1599,542,140,5,13775.36,15
5239,1775,97,5,29278.51,0
2806,952,124,1,20703.54,0
4694,1592,93,6,20886.92,5
961,318,96,5,18717.16,0
1318,443,20,4,22180.95,15
1955,658,9,6,31838.47,10
4699,1593,104,6,386.63,40
451,150,130,3,6024.59,5
5672,1911,28,5,6282.21,15
3064,1032,90,2,6637.54,5
1395,471,48,3,14813.13,20
6259,2110,54,4,19140.11,15
1900,640,41,3,15206.62,20
6268,2113,6,6,17768.9,25
3369,1130,29,2,20177.28,0
386,130,132,6,15921.69,5
6025,2031,143,3,30633.16,30
3780,1269,141,6,29100.36,10
4207,1413,65,2,17965.27,10
2283,771,93,1,24922.6,10
876,289,94,1,2052.63,0
506,168,8,4,34167.32,0
1282,432,53,4,10900.35,20
2790,945,97,5,27379.06,5
3081,1038,12,2,16362.26,25
6479,2181,56,-3,9159.99,0
3749,1259,111,1,21352.75,0
344,117,117,2,11656.26,0
3325,1116,104,5,434.17,0
6064,2043,87,5,29050.02,0
2397,813,73,3,22610.61,0
3428,1148,2,4,18776.52,5
29,10,141,6,32969.77,10
597,196,103,6,7482.67,0
6495,2185,96,6,21179.84,0
421,141,119,6,3567.23,25
5150,1746,80,5,20453.17,15
5423,1836,62,1,33737.23,30
194,68,81,2,7538.88,5
1261,424,111,6,21274.4,0
6332,2133,107,6,4482.05,5
6279,2116,89,2,16929.58,30
1266,425,115,2,31242.45,0
2522,853,40,4,13575.41,0
3587,1202,1,5,18994.53,10
1770,599,136,5,31216.61,0
2210,743,62,5,34111.78,30
1276,430,110,6,529.21,25
2524,853,107,3,4112.95,0
6075,2047,58,2,9863.0,30
1279,431,58,6,10934.99,0
2628,888,103,4,6818.66,25
3532,1183,109,-2,13284.7,15
2910,985,55,5,2255.21,30
4357,1468,42,1,4258.02,25
2366,801,31,2,32356.06,0
3844,1292,52,3,32327.58,5
4081,1373,70,2,19439.55,0
5201,1763,107,3,4628.02,25
2675,904,11,5,28267.39,0
1332,448,102,4,1393.89,15
5133,1742,41,1,18227.28,15
6483,2182,13,3,25562.15,0
2999,1014,128,5,19289.2,40
3005,1016,56,2,10365.48,40
429,144,113,1,16734.5,0
2117,712,88,6,28575.21,30
1042,344,25,5,28403.49,40
6365,2143,31,3,30453.45,0
3129,1054,1,4,16797.13,0
2928,992,23,5,18441.8,15
4541,1540,78,1,15625.74,15
5132,1742,127,3,19434.36,40
4708,1598,16,4,2790.6,15
1503,511,120,1,23755.76,30
889,293,118,6,12715.29,30
1437,485,82,2,11050.7,0
4815,1631,35,3,23647.47,20
5391,1827,48,3,12212.8,15
1410,477,20,3,26327.15,5
3857,1296,141,-3,35980.41,10
6152,2074,126,4,21987.52,5
855,282,130,1,5229.15,20
2148,722,130,4,5904.23,0
851,281,61,2,23138.18,15
1605,545,127,5,19746.74,0
3973,1333,119,2,4250.85,25
584,192,67,1,21616.28,20
162,56,128,-1,18325.95,30
220,77,62,5,31294.3,40
1725,586,56,1,8579.82,30
6078,2048,115,3,27596.55,5
3058,1030,111,4,18403.2,25
5169,1752,40,3,11759.68,0
2530,855,1,2,20089.37,25
453,151,147,6,7886.31,0
3621,1213,136,6,32533.76,30
3901,1312,131,6,16329.04,25
500,167,126,2,20453.14,5
4925,1670,51,6,309.7,0
6163,2078,100,6,9134.65,30
245,84,24,1,11299.8,40
3742,1257,10,3,25208.08,10
4893,1659,55,1,2797.42,0
6273,2115,109,6,16605.77,0
2815,955,16,3,3478.1,40
2883,978,126,3,22744.61,20
5185,1757,30,2,21369.55,20
6277,2116,2,3,23774.95,20
2272,765,135,2,12113.79,40
2746,928,8,4,26188.52,0
1750,592,34,2,9323.26,10
991,326,81,2,5923.06,15
2334,791,48,5,13101.37,30
2680,906,28,1,5637.34,10
4060,1364,66,4,10774.71,30
6217,2096,80,2,26453.07,15
2603,880,96,3,19594.35,0
857,282,9,2,26790.04,0
4260,1434,110,5,596.17,0
4232,1421,111,4,22325.34,10
5906,1989,53,6,12518.41,20
5194,1761,19,2,12028.56,5
1986,669,2,4,24994.68,10
1926,648,20,6,23108.99,0
3792,1273,132,3,17978.49,30
1028,340,107,4,5064.57,5
3072,1036,27,6,10945.94,30
2390,810,79,2,5609.78,30
6130,2065,1,4,17058.57,20
3590,1203,70,2,22632.47,40
3422,1147,54,3,16997.32,30
4818,1632,86,4,14139.5,20
2362,800,55,6,2757.24,0
3799,1276,109,2,15641.06,15
6254,2108,90,6,6733.41,20
2424,820,138,1,18375.32,0
1805,610,26,1,7381.5,40
3609,1209,33,5,986.3,30
4013,1348,146,1,12265.13,0
1383,466,46,1,5395.58,0
4310,1451,103,3,6857.55,5
556,184,140,5,12103.29,0
3336,1120,71,1,21807.77,20
6376,2147,93,-1,19278.73,25
4293,1446,92,4,27520.74,0
4412,1488,68,2,23742.25,20
980,324,47,6,10027.78,10
957,316,8,2,26314.76,30
3757,1262,131,3,17661.03,40
5528,1866,41,4,16978.92,15
4414,1489,88,5,33450.39,0
2536,856,119,5,4643.74,0
2348,795,123,5,15559.69,10
428,144,47,6,10941.46,0
6542,2200,133,2,17822.59,10
3193,1077,89,2,16854.73,30
5326,1806,93,3,26240.78,15
5776,1945,122,5,6792.64,20
4977,1691,91,1,23739.51,15
3618,1212,40,6,11058.76,0
1893,637,37,2,18608.12,10
5257,1779,129,6,34311.62,25
5699,1920,16,4,2882.99,0
1393,471,51,4,313.12,10
2093,704,36,3,27355.96,40
4935,1674,133,3,13655.48,0
5782,1948,37,3,18587.97,0
6232,2102,43,6,12360.51,0
3993,1339,76,2,29266.8,20
1280,431,67,1,21916.59,0
5978,2016,75,2,8122.37,20
6359,2141,52,-2,27751.47,0
2287,774,83,-1,25706.23,0
2514,850,10,3,22787.35,25
5179,1754,5,1,8832.81,0
2115,711,16,1,2591.91,0
4331,1459,108,4,28748.94,5
4078,1372,52,4,26456.46,15
553,184,105,4,11686.54,30
6133,2067,108,6,23491.43,5
5137,1743,9,3,23689.27,5
3765,1265,90,3,8237.3,0
2925,991,19,-1,10681.96,25
6001,2023,115,1,34126.48,25
4253,1432,2,5,18782.99,25
212,74,20,4,19880.8,20
2838,964,105,1,12211.21,30
4071,1370,32,3,23006.44,0
4518,1533,92,6,26186.38,15
3783,1269,78,4,15958.73,0
2304,779,70,4,20361.41,0
567,187,75,2,7526.3,40
3654,1224,88,4,30410.79,25
1692,574,104,3,353.78,0
4758,1613,144,2,30559.17,30
3083,1039,28,5,5297.08,40
2340,793,59,6,7918.23,40
4406,1486,69,3,8069.33,5
4174,1403,7,3,4659.87,30
2777,939,88,6,37233.24,15
5425,1836,135,4,11645.42,20
1457,494,115,6,27042.52,0
3304,1109,101,2,5544.77,20
5336,1810,92,3,22736.76,20
1067,350,103,2,5404.4,30
2470,835,52,4,35147.29,0
3296,1107,110,-1,573.46,5
1490,507,108,3,29529.53,0
86,30,5,6,10189.18,10
3283,1104,37,1,18241.76,10
4226,1419,129,1,32635.79,15
3023,1021,18,3,25187.32,0
2638,891,26,5,8451.15,20
963,319,67,5,26490.58,0
4053,1362,105,4,9895.07,10
1616,548,9,2,32176.6,0
492,164,29,1,21135.86,10
5512,1861,132,2,17949.38,15
1966,661,125,5,26395.18,20
1052,347,112,6,29200.79,40
3717,1248,10,2,26868.99,0
4466,1510,15,4,31699.81,10
6182,2085,26,6,7296.12,40
3032,1023,70,5,17535.6,20
965,319,28,4,5191.3,25
901,297,77,2,17194.38,15
6516,2193,99,6,22845.33,10
5796,1953,69,4,7809.49,20
4752,1612,54,6,22153.97,10
4318,1454,106,1,20101.16,10
4945,1677,121,3,25551.81,20
918,303,38,3,4998.3,0
6416,2162,77,2,17736.88,15
3996,1340,126,2,20655.86,10
325,111,42,2,5423.37,15
3986,1337,73,5,23439.61,20
4770,1616,87,4,23996.08,0
3386,1135,31,6,34206.79,0
5323,1805,83,4,28210.9,30
5424,1836,131,4,13560.94,25
3864,1297,128,2,18855.42,0
5091,1729,97,5,32157.61,0
3327,1117,86,5,15166.0,15
5618,1895,147,2,6845.24,20
610,200,142,3,29263.22,10
3329,1118,96,4,20696.42,5
916,302,67,3,21108.65,10
1739,589,103,6,6341.63,10
1903,641,103,2,5960.82,30
2495,842,106,2,16198.23,5
5522,1865,131,1,14642.65,30
4522,1533,18,3,23597.59,0
5789,1952,20,3,23040.04,15
1133,375,136,4,23615.81,15
5317,1803,86,2,13089.85,25
1929,649,16,3,3062.45,20
1831,618,42,6,4433.91,0
4669,1582,87,6,24352.75,5
3026,1022,138,2,16853.25,0
6137,2069,16,4,2823.64,20
1167,389,86,1,15719.82,0
2310,783,20,6,25543.07,20
68,23,124,3,21618.23,5
3962,1330,102,2,1104.5,0
1180,393,144,2,34128.22,30
542,180,109,6,13835.11,0
780,257,55,6,2274.62,0
373,127,76,3,27711.11,5
1050,346,137,2,1539.33,5
1508,513,99,1,20247.69,5
5202,1764,50,6,10115.67,40
2918,988,129,4,27235.03,0
391,132,122,4,8524.89,0
2574,869,58,3,10062.21,15
4089,1376,116,6,8685.26,25
2316,785,110,2,510.2,15
5046,1715,127,6,17544.81,40
869,287,13,2,23378.23,0
6125,2064,65,6,19156.47,10
3629,1215,122,2,8331.91,30
329,111,57,6,3896.57,40
5604,1891,36,1,21573.01,20
4146,1394,51,2,401.27,10
3366,1129,110,2,547.35,0
4627,1568,37,6,18280.94,0
1784,603,139,4,2694.37,15
1557,529,65,6,18881.71,0
5884,1983,48,-3,12877.92,0
6541,2200,128,5,20763.17,5
1376,465,15,3,32069.86,0
6414,2161,10,-2,22578.22,5
3116,1049,138,5,15961.21,20
5101,1732,42,2,5145.62,0
5064,1720,82,2,9729.53,30
2376,804,47,5,9787.85,5
6506,2189,148,4,35886.06,30
3669,1231,15,1,36244.16,20
127,45,77,3,16512.68,0
2849,969,122,3,8727.65,40
1735,588,129,3,26648.31,30
522,176,75,3,6289.42,20
638,209,53,5,13830.4,0
5403,1830,37,3,17355.93,0
5309,1799,7,5,4071.22,25
3573,1197,130,2,5447.29,5
4847,1642,97,6,32252.01,0
3301,1108,42,1,5184.24,40
2880,977,103,2,6064.76,40
1506,512,122,-3,7165.02,0
3686,1236,48,1,14563.2,30
4245,1428,74,4,9512.62,5
4782,1619,38,2,5555.22,40
5019,1706,57,3,3484.35,15
3876,1302,145,6,13170.32,0
5329,1807,3,1,1090.88,0
5104,1734,23,3,19396.56,15
3273,1101,145,3,12054.2,10
3821,1284,103,1,6000.58,25
4616,1564,133,4,13721.0,10
2505,846,138,1,19168.24,10
435,146,142,4,32901.65,25
6111,2060,19,5,12521.69,0
1040,344,127,2,15249.45,30
193,68,72,1,26294.34,0
3886,1305,73,5,24721.67,25
3920,1317,135,6,9169.77,0
1091,359,74,3,10238.5,15
1132,375,77,6,18496.75,25
5056,1717,29,5,20591.82,5
2752,929,41,1,15934.34,40
3042,1026,105,2,12351.22,15
228,79,122,5,7823.96,10
4114,1384,7,2,4561.37,0
3917,1317,30,5,20302.98,5
5261,1780,1,4,17321.95,0
3810,1280,48,6,14520.89,10
2035,686,36,2,24507.44,20
2311,783,100,1,7345.19,40
686,227,103,5,6695.16,10
1515,515,5,2,9212.24,5
5565,1880,147,4,8600.26,30
2477,837,110,4,628.39,30
6214,2096,125,2,24142.44,25
2308,782,39,5,31124.81,0
540,180,70,6,22915.49,25
1728,587,87,2,29348.04,20
927,305,10,1,26990.52,0
947,313,72,2,21114.44,0
125,44,148,5,38428.1,30
129,46,28,1,5795.06,15
1800,608,141,6,29325.58,0
536,179,96,2,21070.97,20
2299,777,66,4,10539.63,0
1135,376,77,4,20680.86,0
496,165,4,6,11426.69,0
1792,606,142,4,29851.88,15
497,165,133,1,15156.88,0
1861,628,29,2,21419.26,0
3055,1030,121,2,21030.81,15
1124,372,5,6,7776.14,40
3111,1047,123,3,14565.44,30
2973,1005,65,2,17649.27,10
2384,807,24,4,11839.41,0
875,289,122,4,6506.89,15
2001,675,112,1,25852.15,30
912,300,21,4,29979.68,5
4225,1418,128,4,22332.38,30
4020,1351,78,2,17445.37,40
2750,929,135,6,9165.33,0
5121,1738,148,5,33673.62,0
2559,864,101,4,6739.99,15
269,92,25,1,35715.98,0
1193,397,70,4,21497.95,10
2153,725,110,4,534.34,25
1999,675,34,6,9952.37,25
5308,1799,57,3,3590.7,5
5356,1815,114,1,3578.97,10
872,288,102,3,1164.11,0
2576,869,105,4,11674.0,20
3146,1060,79,4,5079.34,15
6196,2090,125,2,23920.33,30
3760,1262,92,6,25248.64,15
5875,1980,121,3,19356.53,25
624,205,59,3,6929.7,0
5057,1718,105,6,13157.17,5
1270,427,141,1,31285.78,20
185,66,111,1,19758.49,20
1328,446,28,2,6143.95,10
5636,1901,127,6,21017.44,40
5974,2015,18,4,30515.45,0
4381,1475,34,1,10095.24,0
4641,1573,3,4,839.39,10
1406,476,1,1,19232.13,25
5550,1873,82,3,9147.34,5
6198,2091,62,5,28058.1,10
4297,1447,3,5,999.71,5
6489,2184,103,5,5433.59,0
1160,386,98,4,7943.94,40
2503,845,142,5,34052.26,0
4520,1533,99,4,20418.84,15
1051,347,70,5,22464.76,0
1625,551,39,6,31840.2,5
3965,1331,41,5,18274.04,5
787,260,118,2,10909.86,0
1129,374,147,5,8318.66,40
6200,2091,105,3,10065.19,0
2601,879,145,1,12420.22,0
5136,1743,48,4,13338.35,0
6374,2145,86,4,14938.62,10
2098,706,146,3,12739.88,20
3475,1166,129,-2,29915.64,15
5102,1732,91,4,20769.61,20
1372,462,68,6,27625.06,40
3016,1019,8,2,33926.42,0
2927,991,99,4,25322.01,20
4858,1646,69,6,9232.81,20
6021,2030,41,3,18668.1,15
5709,1924,16,2,2647.41,25
747,247,101,4,6148.6,0
2754,929,128,2,19689.62,30
2782,942,29,4,18891.79,40
3057,1030,140,2,11997.4,15
689,228,68,5,31206.63,15
4170,1402,46,2,5839.94,0
4691,1590,112,2,27494.23,20
3773,1266,140,2,15198.64,30
2866,973,90,6,7787.71,5
652,216,141,-3,36637.58,0
6305,2125,119,4,3847.22,5
3054,1030,2,3,24743.56,0
413,138,126,2,25300.24,0
1002,329,50,5,9830.58,5
2349,795,86,4,14156.99,0
3825,1286,102,3,1319.82,20
1516,515,132,2,17920.8,40
4018,1349,27,6,9746.66,5
4112,1383,79,6,6602.07,25
216,76,145,3,12045.31,15
6236,2103,141,2,39032.62,0
1468,499,119,3,3989.58,20
4030,1354,65,6,17480.21,30
3651,1224,17,4,22246.25,15
2715,918,124,6,21323.23,25
1249,417,100,-3,7606.27,30
3255,1095,111,2,18161.7,40
1896,637,103,6,5461.46,40
4452,1505,91,2,24099.29,15
3572,1197,93,2,21649.51,10
563,186,131,3,16474.83,25
5252,1777,115,4,31101.72,0
4299,1448,59,3,6252.06,0
1326,446,108,3,28244.26,30
6295,2121,80,4,24181.53,15
5037,1712,41,1,18328.56,40
6286,2118,21,5,28293.37,15
3009,1018,22,-3,4536.15,0
5028,1709,6,1,21234.67,30
2808,953,104,-3,349.07,40
5855,1973,80,3,23338.0,10
5249,1777,102,1,1241.19,15
4681,1587,101,2,6442.76,10
5521,1864,30,3,18126.53,5
4198,1410,81,2,7017.56,0
1637,554,44,5,28181.59,0
2571,867,129,3,35825.95,20
457,153,15,5,32858.63,25
5269,1782,95,1,18818.71,15
4938,1675,61,4,27317.67,25
5427,1836,69,6,10295.45,0
2162,730,18,2,25755.1,0
3987,1337,148,1,30749.34,0
186,66,40,2,11575.07,0
5957,2008,4,6,14155.91,30
1436,484,7,2,5281.87,15
1392,470,103,6,5426.04,0
3221,1086,27,1,11847.62,20
2307,781,13,1,23680.29,10
6260,2110,5,2,9446.19,0
1974,663,31,3,29146.67,25
2404,815,123,1,16319.29,30
815,268,145,6,11353.44,5
2519,852,111,1,17252.87,40
4137,1392,7,2,4219.13,30
6085,2053,30,6,17893.89,0
1575,535,100,4,9215.13,40
5302,1797,91,2,21728.42,0
4493,1520,60,3,1512.4,0
1814,613,91,3,23481.28,0
1530,519,40,2,13692.28,40
2014,680,148,1,34129.52,10
3807,1279,141,6,31024.33,5
5330,1807,145,3,13429.27,0
3197,1079,72,4,25116.43,10
5126,1739,113,2,16258.38,20
3021,1021,121,6,21476.14,5
2763,934,71,6,23983.6,25
3126,1052,118,6,13694.09,40
4749,1610,102,6,1125.17,10
3726,1250,38,3,5237.12,20
3439,1154,110,5,498.49,0
6245,2106,120,1,22434.17,0
188,67,112,5,33284.01,40
1797,608,100,5,8066.19,20
5971,2013,1,5,17827.99,20
1350,455,32,1,23220.25,40
527,177,25,6,34484.18,40
631,207,38,6,4811.02,40
6056,2039,24,6,12104.86,30
495,165,140,1,15795.04,0
5220,1769,4,2,14572.72,0
722,239,7,3,5165.7,40
4230,1420,139,6,2346.49,0
2446,825,132,6,19156.79,15
4617,1565,131,1,14259.16,0
3383,1134,17,4,28375.38,30
3179,1071,30,5,20824.27,30
1012,334,123,4,16954.59,0
1080,355,60,3,1518.31,10
5992,2020,60,6,1865.63,10
3370,1130,107,6,4233.54,5
6442,2170,31,3,29491.45,15
1111,367,132,2,16727.94,25
2809,953,84,5,10214.95,0
3328,1118,37,1,15106.95,0
4907,1664,80,5,25744.8,30
310,104,15,1,35031.59,10
2053,692,74,2,9351.76,20
1291,435,21,3,31907.73,5
1919,646,100,2,8406.02,20
4220,1417,21,1,27581.92,10
2523,853,15,-3,36299.45,0
789,260,102,6,1480.52,0
907,299,29,6,20584.66,25
898,296,145,-2,13837.98,25
5642,1903,131,-3,15586.96,30
4066,1367,131,2,15045.83,40
884,290,141,1,38483.48,40
2096,705,118,4,12628.92,0
6068,2044,3,1,813.04,0
1194,398,37,3,16921.74,25
2731,924,43,2,12014.79,40
993,327,5,6,8612.2,0
1059,348,144,2,30855.85,25
5418,1834,46,5,4999.61,0
1563,531,115,6,30155.31,15
5015,1704,124,3,19005.08,25
480,161,127,1,17778.98,40
514,173,45,5,27247.33,40
502,167,52,5,32093.86,25
3650,1223,2,5,23727.02,30
5865,1976,111,6,21916.7,30
4621,1566,116,5,9317.17,10
5433,1838,15,1,31481.99,20
1273,428,15,2,34039.62,25
829,273,82,-3,10937.55,0
2204,742,45,-3,34075.18,25
2225,750,44,-1,33517.21,0
642,211,133,2,13812.66,0
3534,1184,106,6,18991.33,15
2959,1001,31,2,37246.55,15
2648,894,13,1,24531.42,0
1197,400,53,1,11651.95,5
6280,2117,125,1,31589.47,30
4688,1590,26,1,7800.19,15
2040,687,92,5,22784.28,20
2678,905,58,4,10769.77,20
2608,881,122,6,7927.39,5
1356,457,119,-1,3532.21,30
2666,902,21,1,26280.77,30
5558,1876,11,-1,33788.26,25
2330,790,18,2,26406.03,5
4774,1617,29,6,19930.18,5
69,23,112,6,24948.5,0
6257,2110,125,1,25522.93,40
4148,1396,127,6,18433.69,0
2055,693,137,4,1363.8,0
5452,1844,14,5,1111.39,40
6154,2074,6,2,19437.26,5
5588,1885,123,1,15660.85,30
1108,366,75,1,7498.99,5
895,295,32,1,27123.53,15
6264,2111,139,5,2277.74,25
2494,841,5,3,10447.54,30
2932,993,74,6,11312.95,30
4217,1416,111,1,17589.51,30
2263,763,60,6,1373.97,20
305,103,80,1,25954.34,0
20,7,119,4,4647.06,20
275,94,37,3,18845.5,0
4050,1361,32,3,22881.75,0
615,203,22,3,4708.81,0
3165,1067,128,2,20606.1,5
1989,671,70,1,19994.3,30
828,273,78,4,15002.1,0
6474,2180,142,6,28032.94,0
589,194,57,1,3302.59,5
470,157,87,3,32037.11,0
2617,884,62,2,29225.33,15
117,41,138,3,19639.2,0
2243,756,111,1,18659.11,0
964,319,106,1,18011.34,30
5357,1815,33,3,1278.64,40
5664,1910,135,5,11064.05,5
2860,972,27,4,9647.89,0
4854,1645,142,5,34384.45,15
184,66,77,2,17709.26,0
2100,707,114,5,3260.51,0
1548,525,84,5,13870.08,40
637,209,34,5,10260.15,30
4516,1532,138,5,19259.65,0
3759,1262,144,1,32859.09,15
4264,1435,146,4,14079.75,30
2065,696,7,3,4857.72,0
3744,1257,127,3,20700.51,0
505,168,128,4,22105.6,20
5669,1911,93,3,22689.0,40
1682,571,21,1,29011.8,5
2907,984,22,4,5166.87,40
4255,1432,52,2,34698.93,0
2506,846,53,5,10935.98,0
5635,1901,35,3,21986.33,10
5264,1781,49,2,7936.02,10
5773,1944,112,-2,31458.03,15
3355,1125,100,3,8451.17,0
4547,1543,143,5,30990.17,30
6048,2037,32,1,24035.27,20
3017,1020,134,4,1868.06,20
424,143,147,5,6674.68,25
1257,422,93,2,21371.68,20
677,224,24,2,10903.81,0
1689,573,56,2,10266.54,40
3863,1297,6,6,18870.18,0
3705,1243,69,5,10382.6,40
1756,595,77,1,15953.28,15
195,69,29,2,21766.79,5
3918,1317,1,6,20315.4,15
1571,533,116,4,7571.79,0
370,125,48,2,12581.35,30
4460,1509,15,5,32194.86,30
4987,1694,90,2,6446.39,0
1638,554,31,4,29845.37,0
4211,1414,74,3,11682.46,0
3966,1332,138,5,19858.6,25
2658,899,126,3,24398.36,10
5864,1975,117,5,10861.79,10
4423,1494,126,3,20942.13,40
2676,904,73,1,24108.92,40
1171,391,70,5,18311.72,15
4809,1630,120,3,21121.25,25
4351,1466,61,6,29631.48,0
5410,1831,18,-1,29281.97,40
5546,1873,31,3,31344.89,5
4218,1416,52,5,33527.74,5
268,92,133,2,14915.2,20
115,40,127,1,19891.69,15
4833,1638,94,2,2036.21,15
1183,394,60,4,1596.12,10
6466,2177,70,2,18453.24,0
4966,1684,77,3,20382.52,25
6146,2072,43,6,11533.79,0
5694,1919,127,1,20234.86,25
2140,719,99,1,23230.73,0
351,119,147,1,7853.54,30
4348,1465,56,1,10923.53,30
3103,1046,92,4,22262.59,10
6348,2138,103,5,5954.32,5
5542,1871,32,3,29571.49,20
2722,920,130,1,5794.18,20
4157,1398,103,3,5628.68,20
594,195,14,2,849.27,0
1272,428,57,4,2857.6,0
2952,999,70,3,23175.39,5
5556,1876,78,4,15479.27,30
5116,1737,40,1,13018.96,0
218,76,61,4,29727.46,30
5630,1899,50,3,9923.94,0
3610,1210,113,2,18319.31,5
4077,1372,94,6,1646.86,20
3280,1103,81,6,5869.6,20
3248,1093,119,3,3841.61,20
5683,1915,90,3,8380.67,25
603,198,33,6,1074.59,10
4745,1609,60,-3,1493.45,20
5276,1786,62,1,32313.81,0
4204,1412,60,4,1852.51,25
1921,647,70,3,20088.64,20
13,4,43,4,12738.38,10
5135,1743,54,6,20679.8,5
805,265,23,5,18638.42,0
4644,1574,84,4,12008.46,40
1631,553,107,2,4833.07,25
3028,1022,33,2,1043.3,0
1679,570,82,4,10590.93,15
6124,2064,137,2,1682.94,0
5245,1776,111,6,19442.84,15
660,219,11,2,28604.11,30
818,269,95,3,14285.6,0
2370,802,133,2,13811.61,15
5507,1859,16,6,3385.13,25
3691,1238,119,6,3587.97,5
5232,1772,133,2,13571.54,20
6539,2199,104,-1,382.41,40
259,88,15,4,32055.35,0
2317,786,137,3,1412.31,5
1336,450,100,-1,7292.67,15
5844,1969,10,1,25142.87,25
6397,2153,115,5,27136.44,5
3314,1112,127,5,19546.11,0
5597,1888,110,4,490.88,20
6105,2058,49,-2,7891.7,15
6509,2190,22,3,4855.62,20
2644,894,2,3,19901.84,10
2708,916,21,6,31577.64,25
5743,1935,66,6,9203.19,30
4517,1532,68,6,28204.78,10
2264,763,83,2,24599.02,0
3374,1131,12,1,18885.17,5
2169,732,121,4,24520.35,5
354,120,139,6,2619.66,30
6473,2179,5,4,9810.77,0
4882,1654,45,-3,30873.81,20
2462,832,7,-2,4603.3,15
143,49,1,2,22766.06,10
4420,1492,74,2,12093.24,10
5640,1903,124,3,16452.48,0
5300,1796,26,5,9414.16,15
4601,1560,144,4,29194.42,0
4480,1515,66,4,8662.36,30
4593,1558,105,3,12037.07,0
5548,1873,9,4,31317.33,5
2526,854,37,6,16147.16,20
1416,480,30,4,19918.1,30
3540,1185,111,5,21507.46,5
2818,956,45,2,30362.16,5
1467,498,46,4,6377.7,30
1806,610,131,4,16618.64,40
2940,996,147,3,7170.09,0
238,82,106,5,19915.96,30
5983,2017,116,3,8162.21,20
1651,559,133,1,15093.68,5
2743,927,136,3,26543.8,0
6099,2056,40,6,12029.45,0
3045,1026,26,5,7795.67,25
955,315,123,2,17782.19,40
274,94,144,3,35853.13,0
3392,1136,87,6,24475.51,5
4780,1618,148,5,38229.83,20
25,8,91,-2,22650.86,40
482,161,16,1,2870.37,10
1034,341,87,1,23151.38,0
1701,577,124,6,17933.66,20
4038,1357,47,4,9704.92,15
4979,1692,41,3,16368.18,0
2186,738,86,5,14670.38,0
5368,1819,114,3,2973.31,10
1603,544,58,4,10157.92,0
5175,1753,61,5,30688.8,5
2982,1008,124,2,16989.75,10
2453,829,95,2,18076.55,25
4985,1694,96,4,17498.63,10
1723,585,130,6,4710.99,20
2392,810,25,3,29644.39,15
3154,1063,22,1,5197.31,30
5113,1736,64,6,18587.15,20
148,51,115,2,29085.97,15
5874,1979,76,4,27125.95,15
1776,600,118,5,12492.86,0
6014,2028,50,6,8289.96,0
2788,945,127,3,16538.34,30
673,223,119,5,3874.0,0
880,290,97,2,27519.23,0
112,39,95,4,14065.9,0
4259,1433,112,1,26354.11,20
3446,1156,6,6,22089.34,20
611,201,9,4,25634.51,15
224,79,2,2,22467.33,20
4670,1582,20,1,25881.21,5
206,72,22,4,5161.98,0
3260,1096,41,1,13889.6,0
1672,566,80,1,22235.21,15
5198,1763,26,4,7309.54,10
4441,1499,133,2,14695.83,0
2480,837,79,6,6306.79,20
4702,1596,106,2,18855.28,15
3020,1020,22,1,4569.55,0
149,52,63,3,20668.87,10
1056,348,79,5,6699.6,10
4662,1580,140,6,12755.44,0
6490,2184,24,1,10955.48,10
2597,878,6,4,19404.57,40
5913,1991,142,3,29775.98,20
5272,1783,148,5,36947.64,40
5943,2002,17,5,24321.09,20
539,180,128,2,19190.35,20
2399,814,24,1,9414.46,5
3108,1047,64,-3,20560.4,0
1925,648,140,4,15926.53,30
545,182,142,4,29183.11,25
4934,1673,47,6,11208.8,40
387,130,148,1,29079.68,15
6052,2038,8,6,32153.85,40
5092,1730,105,1,10540.39,30
3105,1046,95,3,16613.92,25
4886,1655,107,5,5038.95,15
5905,1989,136,5,26143.95,0
4877,1652,25,1,32389.84,0
3883,1305,68,5,25059.58,40
5599,1889,81,3,5801.34,30
672,222,4,5,12770.72,0
4735,1606,76,6,25515.9,5
1066,350,102,5,1459.04,15
5107,1734,10,4,26316.1,10
5298,1796,68,3,23438.16,0
5371,1820,4,4,12552.42,0
5173,1753,95,6,18039.03,40
5075,1725,36,5,24646.0,0
2723,921,47,4,11636.12,25
4705,1596,111,5,18600.37,0
2180,736,127,3,20561.08,5
2819,956,132,5,14626.61,5
981,324,42,6,4713.24,5
883,290,116,4,7071.46,0
839,278,12,-2,16521.48,30
6129,2065,139,5,2680.13,10
1606,545,51,2,371.58,40
6357,2140,89,4,17078.65,25
4044,1359,116,5,9147.4,30
2931,993,100,5,7510.22,30
8,3,1,6,19136.44,30
3411,1143,90,2,8027.72,0
1969,662,21,6,33044.01,0
1731,587,5,3,8034.23,0
2247,758,59,3,7274.56,0
971,321,66,1,11977.58,0
1644,557,137,5,1536.96,5
5741,1934,89,5,13074.23,0
650,216,71,3,24068.25,40
139,49,32,4,27163.63,10
4267,1436,115,2,33258.16,40
3441,1155,57,5,3840.0,25
2213,745,100,5,8252.86,40
5710,1924,87,4,30731.85,20
5589,1886,116,1,7753.54,40
2677,905,12,6,15583.03,10
51,17,104,3,398.5,0
253,87,86,4,12863.96,25
2543,859,112,2,26747.54,30
313,107,114,1,3592.52,5
1946,654,50,2,11174.93,10
283,96,43,6,12903.85,40
4202,1412,107,1,4522.58,10
3181,1072,132,3,16856.88,0
5146,1745,140,1,14896.96,20
5924,1996,121,6,23142.92,25
499,166,13,3,26003.39,30
4578,1554,85,3,16818.48,5
3561,1193,71,6,27235.82,10
645,214,131,5,16081.14,30
3489,1170,1,6,22434.91,0
4015,1348,123,3,14205.06,5
2442,825,14,1,1040.36,0
2863,972,73,1,20819.77,10
5093,1730,137,5,1414.63,0
3011,1018,17,1,21462.83,15
5551,1874,57,2,2946.37,40
5460,1846,68,6,27565.84,25
22,8,123,5,13963.41,0
3024,1021,112,1,24799.0,15
859,284,143,2,33279.28,25
336,113,37,2,14510.59,5
6072,2046,119,1,4329.31,0
4813,1631,119,6,3919.07,5
1573,534,80,1,26690.15,0
4140,1393,47,1,9368.47,5
5040,1714,78,4,16167.47,5
4851,1645,64,4,21325.0,25
5926,1996,41,3,14455.74,0
1238,413,82,1,9189.58,0
4192,1408,75,3,6062.71,0
6224,2099,130,6,4371.11,0
152,53,75,1,7001.64,30
1134,376,136,2,27393.18,0
774,256,45,2,28615.48,25
973,322,132,1,16587.39,0
1101,364,115,5,27885.23,25
3934,1322,20,-1,20838.67,0
4118,1385,87,1,31881.71,15
1697,576,1,2,21446.48,0
4744,1609,147,3,8601.75,0
4718,1602,96,4,18605.14,10
490,164,112,1,32303.99,30
6362,2142,110,1,614.27,0
4436,1498,4,4,14694.38,40
3960,1329,30,6,22407.19,0
5438,1839,95,1,17467.74,0
4933,1673,124,6,20100.86,20
3530,1182,128,3,16487.36,30
411,137,54,3,18097.17,30
2796,947,123,5,13901.04,0
5167,1751,46,4,5043.2,0
5262,1780,55,6,2265.8,10
1741,590,50,1,10800.84,0
2152,725,25,3,34568.45,20
3661,1228,2,6,24779.64,30
2182,737,4,5,12186.59,30
6084,2052,20,5,24301.77,30
5032,1710,122,4,8509.84,20
734,243,19,6,11351.08,0
626,205,79,6,6905.94,10
1149,382,122,5,8389.88,30
4996,1698,99,4,21810.16,40
6195,2090,73,6,22212.62,20
6401,2156,47,5,10379.47,0
2413,817,130,1,5123.98,5
4756,1612,34,6,11859.74,20
1152,383,103,6,7084.29,30
2251,759,88,1,30817.57,15
189,67,59,4,6124.28,40
5814,1958,54,1,20704.25,0
3089,1042,10,4,25625.97,0
223,78,17,5,21631.16,30
5192,1761,8,6,25960.3,15
1144,379,96,1,20527.86,25
4625,1567,128,5,18647.51,0
6037,2034,115,4,32035.51,30
3674,1233,101,2,6876.6,5
3380,1133,104,4,435.43,20
1084,357,10,4,27384.23,0
1590,540,59,5,6830.13,0
3308,1110,18,1,23096.61,5
5421,1835,12,6,17585.49,25
249,86,20,5,26145.35,30
960,318,14,6,943.02,10
4160,1399,114,4,3090.37,0
4748,1610,136,1,27549.67,5
2535,856,143,2,35267.69,0
5893,1986,97,5,29636.86,15
2556,863,146,6,11585.03,40
5481,1853,2,4,22744.83,0
2461,831,96,4,18452.49,25
5184,1757,5,1,10026.7,20
3436,1152,25,6,32764.53,5
1928,649,98,2,7533.4,0
3552,1190,9,5,30954.96,10
4101,1380,24,6,12024.44,25
3580,1200,140,6,14857.18,0
1888,635,4,5,13046.71,15
5624,1896,137,3,1487.18,40
6282,2117,118,5,10757.51,0
4181,1405,49,6,7698.38,25
5047,1715,85,2,19337.98,5
3858,1296,49,1,7170.89,10
3245,1093,56,3,10663.86,25
1581,536,83,4,20380.95,0
3182,1073,12,3,14808.72,40
3039,1025,25,5,37062.56,0
6455,2175,16,6,3368.51,0
2702,913,98,4,6353.49,5
1773,600,74,3,12445.47,0
2178,736,54,4,22218.8,5
549,183,97,-2,32269.29,0
337,114,133,3,16823.66,25
1529,519,144,2,32116.86,10
1608,546,51,2,326.23,0
4521,1533,86,5,11403.91,10
3029,1023,60,6,1503.25,25
6184,2086,113,6,19125.01,0
5944,2003,21,6,24719.31,0
5390,1827,8,2,32329.2,40
4366,1471,6,1,20102.03,5
3512,1177,19,3,10534.14,25
2953,1000,40,3,13622.56,5
6211,2094,37,-3,18505.1,0
3933,1322,35,6,20370.37,0
5759,1939,78,4,15036.62,10
781,258,10,3,27902.4,0
1905,642,50,4,10155.8,25
347,118,41,6,15367.07,15
3861,1297,95,4,14570.32,0
3679,1234,14,4,906.63,30
4677,1584,89,6,13675.49,30
2935,994,64,1,22978.9,25
4959,1682,58,5,12991.45,20
5477,1851,137,1,1719.73,15
4824,1635,41,3,14605.52,5
4746,1610,130,4,5643.22,25
2394,812,132,1,19483.11,20
566,187,50,6,9670.89,0
4881,1653,57,5,3436.19,30
6447,2173,38,3,4704.52,0
3696,1240,69,5,8291.95,30
3306,1110,14,5,840.95,0
5719,1928,52,1,31014.92,40
2457,831,142,6,28509.22,5
2764,934,44,3,27732.21,30
1315,442,27,1,11216.48,10
822,271,148,4,30133.35,5
271,93,117,3,11783.87,15
726,241,113,1,20393.65,25
6003,2023,82,3,11964.81,25
1433,484,31,-3,28963.52,30
6206,2093,65,2,19473.01,0
6044,2036,93,5,21796.44,25
5689,1917,82,1,10121.79,25
1992,673,142,5,27186.96,0
2006,677,121,3,23654.96,0
2956,1000,142,3,29281.36,0
1827,617,6,2,21839.88,25
67,23,62,6,32399.89,30
2642,892,117,5,10558.19,10
2858,971,5,5,9764.68,40
1322,444,121,1,22358.39,30
2425,820,67,4,23823.72,0
3279,1103,101,1,6678.6,0
1583,536,123,3,17705.11,5
1610,546,124,5,15816.94,10
4535,1538,124,5,20485.68,25
1998,674,1,4,22523.1,0
2562,865,95,2,14919.42,5
2440,824,32,1,27495.56,5
3205,1080,129,2,33299.35,40
797,263,101,3,6236.03,10
1717,583,146,3,15530.77,0
959,317,24,2,12806.11,0
6230,2101,135,-1,8999.94,30
4963,1684,131,5,13273.67,5
5468,1848,70,1,21401.91,0
3502,1175,76,6,24266.1,15
5351,1814,72,2,21515.53,10
3868,1298,112,-3,25270.37,25
3738,1256,85,4,18266.27,40
3562,1194,138,4,18707.18,10
214,74,45,2,30819.41,15
3695,1239,104,3,338.48,0
16,5,125,3,26646.66,0
4946,1678,128,6,16817.67,0
755,250,35,5,24003.89,30
3643,1221,12,5,19233.67,40
691,230,30,1,20105.59,25
2730,924,139,2,2583.59,5
4635,1571,43,1,14956.75,10
928,305,63,3,18384.36,0
4566,1549,39,4,33056.51,40
543,180,144,4,28941.47,20
6514,2192,27,3,10747.49,0
1522,518,101,4,6597.44,40
4243,1427,107,6,5119.17,40
2578,870,13,1,30228.85,20
2834,963,66,6,10343.99,15
537,179,3,3,987.73,0
786,259,63,5,19241.86,25
3919,1317,28,3,5298.68,10
2343,793,89,3,12999.23,0
1054,347,114,4,3422.07,20
2207,743,1,1,17401.43,15
2795,947,59,6,7650.05,0
2058,694,110,6,546.67,20
1960,659,26,2,9467.83,0
3617,1212,26,1,9723.73,5
6396,2153,134,5,1959.07,40
575,190,81,2,7149.66,0
2395,813,3,4,911.21,40
1550,526,20,1,22810.91,40
6370,2144,115,2,30414.04,40
213,74,39,1,30559.85,0
452,151,21,3,31637.98,0
4119,1385,94,-1,1996.38,0
4896,1661,125,2,29849.36,0
1240,413,111,3,22123.13,0
2585,874,77,-2,20028.59,25
1576,535,48,2,12179.95,15
1414,479,45,3,36366.39,15
5668,1911,77,5,18127.93,5
3036,1024,121,4,20282.15,25
4398,1483,35,6,25031.57,30
6252,2108,69,3,8767.31,30
2736,925,1,2,19795.67,5
1155,384,56,5,8274.29,0
4995,1698,50,2,11108.2,5
3771,1266,1,4,19885.45,20
2944,997,145,6,10140.01,5
4676,1584,143,3,30866.19,25
5453,1844,22,6,4357.74,0
4251,1431,132,6,19264.8,40
2193,739,134,3,2170.8,5
5226,1771,102,1,1377.52,10
754,250,57,3,3892.64,25
3631,1217,50,1,10292.34,25
3215,1085,9,1,25257.89,25
840,278,92,1,21618.84,0
3735,1254,61,3,28566.78,5
5628,1898,21,1,25309.69,15
348,118,23,4,20395.1,10
3605,1208,128,3,18801.68,0
3471,1164,92,5,22211.68,10
4523,1534,97,1,35170.47,30
6523,2195,101,6,5587.36,40
3317,1114,98,1,5811.3,40
4048,1361,127,3,17608.21,25
2111,710,7,6,5450.52,0
1032,341,22,5,5103.07,20
1486,506,114,3,3664.86,30
5161,1750,75,5,5949.02,40
5155,1747,12,6,18182.47,30
4666,1581,83,5,21479.18,10
3805,1278,117,6,8795.14,15
2557,864,57,5,3115.01,30
1476,503,52,3,34313.89,10
1136,376,68,6,24870.17,0
4115,1384,42,1,4840.25,10
623,205,69,6,10297.25,25
6034,2033,85,5,21066.26,10
1412,478,58,2,11121.3,5
3222,1086,34,6,11736.73,15
3929,1320,126,3,23196.4,0
6400,2156,58,6,10518.5,0
5999,2022,9,3,31539.66,0
5268,1782,29,5,22961.73,10
4729,1605,17,2,27233.61,0
5923,1996,27,2,10210.28,5
4283,1443,132,3,15646.54,15
4470,1512,129,5,29324.97,25
5935,1999,140,5,15885.36,10
5058,1719,133,5,15085.7,15
3254,1095,68,2,28510.87,0
5415,1833,147,6,7656.3,10
5525,1865,73,2,27745.51,15
6118,2061,111,1,22080.24,0
6296,2122,68,4,22972.67,0
1390,469,69,-1,9029.64,0
6283,2117,99,6,24624.14,5
986,325,79,-1,5046.84,15
5885,1983,140,3,14921.03,0
3403,1140,125,1,27570.56,0
3483,1168,72,5,22699.1,15
6350,2139,144,2,36677.01,5
962,318,15,4,35364.76,25
5660,1909,119,6,4423.64,20
4663,1581,58,4,11012.32,20
618,203,102,3,1407.66,30
1766,597,4,6,11243.42,15
5242,1775,143,3,33238.95,15
5724,1929,133,2,15395.59,40
165,57,79,6,5817.14,40
2391,810,4,3,11839.4,0
517,174,51,4,370.46,20
1618,548,92,3,24204.09,0
4058,1363,30,4,20416.69,30
5919,1994,28,3,5262.39,25
6480,2182,7,1,4595.32,40
6079,2049,137,6,1702.44,25
1922,647,55,5,2189.48,0
703,235,104,2,446.26,15
3881,1304,45,4,28836.27,30
3098,1044,86,6,12851.33,0
1734,588,132,6,16745.36,15
4005,1345,137,2,1874.16,0
6067,2044,137,4,1635.55,40
533,178,75,3,7114.25,5
1285,433,47,4,12170.13,20
3307,1110,77,4,16638.45,15
1005,330,25,5,34070.56,0
3332,1118,71,4,22337.03,40
2797,948,106,1,20041.02,10
697,233,80,4,23963.82,40
4400,1483,49,5,7446.74,25
3936,1323,87,6,30660.71,30
1586,539,75,6,8170.56,25
3737,1255,130,2,5489.32,25
4505,1527,22,6,5206.57,10
3649,1223,106,5,18242.12,15
2876,977,141,2,33856.55,25
913,300,81,3,7218.01,10
849,281,91,6,26074.96,25
3813,1281,130,3,4953.15,10
3598,1205,122,4,8653.66,40
2518,852,105,5,12478.49,0
1357,457,120,3,22711.34,10
3995,1339,106,3,20139.84,10
1427,482,31,4,30922.51,0
5384,1825,62,6,30199.39,25
6460,2176,68,4,28526.58,20
1634,554,143,5,27020.31,10
3282,1104,141,3,35648.16,5
3698,1240,127,2,20007.08,5
5835,1967,80,1,26035.54,5
4418,1491,75,5,6520.21,40
384,129,28,2,4910.66,10
5094,1730,144,3,28314.01,20
5213,1766,24,1,12569.79,0
4571,1550,54,4,18614.2,5
5827,1962,36,1,23029.58,0
5080,1726,144,4,29240.99,0
5144,1744,72,3,25529.1,5
5932,1998,107,2,4006.23,0
5756,1939,46,5,6378.02,15
3156,1064,6,6,22336.12,25
4303,1449,32,2,27307.1,15
4224,1418,134,6,2353.79,5
3476,1166,147,1,7842.44,25
5726,1929,121,2,21599.22,10
2471,835,34,1,9613.83,0
61,20,44,6,27647.9,20
6265,2112,66,2,10085.37,30
4388,1480,134,3,2264.75,15
2127,714,100,5,7956.52,20
5041,1714,21,6,32668.27,25
1277,431,112,6,25065.73,10
498,165,25,4,34598.56,15
2297,777,51,1,293.32,0
1448,490,139,5,2664.29,15
2215,747,137,1,1701.21,10
2546,859,53,2,10863.14,20
2605,880,18,2,26629.19,5
4499,1524,119,3,3920.22,15
6326,2131,47,2,10071.15,10
5873,1979,17,1,21799.72,40
3819,1283,57,1,2843.54,0
5426,1836,146,1,11566.02,0
5646,1905,13,1,25836.37,15
5079,1725,104,2,423.19,20
4776,1617,81,5,7014.11,30
1077,353,143,4,35400.47,0
202,71,19,3,10804.72,10
1841,622,20,4,23895.05,0
2184,737,15,5,38958.84,0
5314,1801,14,4,989.16,25
5337,1810,65,-3,17935.8,0
2224,750,71,2,27414.91,30
1912,644,107,3,4243.2,20
4242,1427,70,1,19368.62,20
5650,1906,38,2,4648.82,10
6493,2185,113,4,16810.98,5
2894,981,43,4,13832.29,0
515,173,11,5,32358.16,20
3693,1238,94,3,2124.45,30
4256,1433,122,3,7497.23,0
1203,401,140,4,15116.96,0
5921,1994,17,5,24211.68,30
2713,917,137,3,1562.48,15
4426,1495,136,1,24045.56,15
4190,1407,62,6,28950.33,15
1967,661,20,4,21007.65,0
6413,2161,124,3,20518.4,0
512,172,140,6,14385.7,10
3656,1226,90,6,7995.28,20
1347,454,60,4,1495.24,0
4970,1687,25,4,27154.6,0
5663,1909,125,3,27157.97,0
6329,2132,106,6,16100.85,20
3155,1064,143,6,27284.0,0
3838,1290,49,6,6876.77,30
5367,1819,79,1,6183.72,40
5969,2012,60,1,1504.47,0
4606,1562,114,3,3344.65,20
558,185,23,5,18660.99,0
92,32,128,3,17371.55,5
5800,1954,20,-3,20992.48,30
6285,2118,79,2,5335.12,0
5420,1835,92,3,28504.62,10
5000,1699,30,3,17541.99,25
1646,558,108,5,26686.63,0
5721,1928,148,1,37633.15,0
5806,1956,81,5,7514.35,30
4132,1388,18,6,29139.11,15
2934,994,4,-1,15185.06,25
3259,1096,72,1,24465.81,40
4055,1363,107,2,4278.39,15
2130,715,41,3,18541.93,30
2106,709,139,6,2546.69,5
2718,919,122,4,6769.18,40
276,94,54,4,21116.6,15
3589,1203,80,1,25620.51,15
2147,722,124,2,15823.2,40
4739,1608,132,6,14666.29,40
403,135,77,3,19544.19,40
5619,1895,130,3,5756.85,20
1485,506,57,2,3074.21,15
1389,469,102,1,1126.25,30
5148,1745,93,3,19726.32,20
2445,825,83,5,25430.05,0
5380,1824,126,3,26732.03,30
3272,1100,91,6,21913.62,20
1941,652,118,1,10507.34,20
2698,911,23,5,18299.48,5
2933,993,6,5,19352.91,0
5081,1726,56,3,10522.79,0
2960,1001,32,4,24673.04,5
3678,1234,18,1,28032.25,40
4957,1680,134,4,2163.62,5
2022,683,15,2,33558.97,20
4690,1590,129,5,29151.0,10
6194,2089,14,5,970.07,40
4180,1405,87,6,31622.58,10
5193,1761,142,4,33635.23,5
4786,1620,17,5,26911.15,15
2499,843,90,5,8466.34,30
1920,646,127,6,18934.22,5
114,40,122,5,8210.49,15
2118,712,20,4,21947.89,15
5524,1865,139,3,2216.21,0
2794,947,124,3,21256.45,20
2063,696,141,4,35091.32,5
6240,2104,135,4,11912.92,25
3030,1023,1,2,20238.4,20
3722,1249,77,6,16866.13,15
1465,498,52,3,33682.58,0
3183,1073,92,4,23059.58,10
2966,1003,83,5,27615.79,20
3922,1318,10,4,22703.15,0
3084,1039,101,6,6346.6,40
5470,1850,46,4,4707.32,0
1825,616,116,3,6881.18,5
4671,1582,82,3,11980.46,0
1482,505,88,1,38194.69,25
2801,949,62,3,29915.84,0
3536,1184,117,3,8987.86,0
6321,2129,133,2,13625.97,30
5283,1789,148,5,37280.54,0
2917,988,76,3,27490.69,20
3426,1147,112,1,26868.17,5
1339,451,55,5,2283.46,30
6405,2157,77,1,18190.2,20
5305,1797,18,2,22911.29,40
4356,1467,46,4,4919.59,0
1047,346,97,2,33320.66,15
6387,2149,48,5,15753.34,20
54,18,14,1,854.05,15
5397,1829,86,3,11538.23,20
2233,753,13,6,23368.55,20
3701,1241,2,5,18767.38,0
1584,537,84,5,13003.94,40
938,309,68,1,23086.24,5
2823,958,6,6,23258.16,0
2320,787,96,4,19603.6,0
995,327,21,4,25882.63,0
6242,2104,131,2,12785.24,0
3860,1297,52,4,33967.09,0
2439,824,115,4,36117.16,10
1839,621,46,5,4837.58,0
1099,363,104,5,364.87,15
2,1,3,5,959.16,0
2136,717,62,4,31191.69,40
2691,909,103,5,5893.57,15
3133,1055,60,2,1390.37,5
3921,1318,128,3,18759.76,0
3913,1316,59,1,7542.96,0
3882,1304,91,2,25761.14,25
4562,1548,53,5,11276.44,25
5128,1740,110,5,616.94,40
2044,688,102,-1,1119.59,0
4263,1434,64,3,23513.7,5
3655,1225,44,2,29656.85,25
1036,342,58,5,13038.59,5
3495,1171,142,2,34108.32,20
5364,1817,63,2,20069.18,40
4920,1668,144,4,29596.91,15
2704,913,85,4,19000.75,10
5545,1872,90,3,7101.45,20
1657,562,52,5,30019.67,40
4185,1406,97,3,34600.18,0
5543,1872,54,2,16709.42,10
3378,1132,81,2,6628.39,30
2683,907,34,5,10263.9,0
1271,427,30,1,16615.43,40
4819,1633,82,6,9806.15,0
5968,2012,41,-3,16471.44,20
504,168,65,2,18084.48,0
494,165,11,6,27994.25,0
5945,2003,68,2,29762.04,40
211,74,134,3,2050.43,0
2512,849,27,2,9033.26,15
3096,1044,34,2,11899.57,20
4879,1653,10,6,26931.55,10
705,235,47,2,10377.05,0
6275,2115,1,2,18421.92,10
2089,703,86,6,11474.61,25
5487,1855,39,6,28276.96,25
4036,1356,11,3,32411.11,40
656,217,98,1,7827.38,20
242,83,10,5,22474.86,15
3204,1080,110,2,511.76,0
2134,717,64,6,21093.42,30
560,185,19,4,11731.78,0
3169,1069,69,3,10173.59,0
6247,2107,16,6,3119.94,0
493,164,12,1,17459.09,20
1663,564,74,1,11033.95,30
3884,1305,131,6,16114.13,15
4059,1364,124,2,18994.02,0
6100,2056,85,2,21549.32,5
2963,1002,125,2,25330.32,0
5581,1884,128,6,21177.34,5
3684,1235,65,1,20022.29,15
5697,1920,2,1,24476.47,5
1327,446,144,3,32770.93,30
4322,1455,65,4,19589.14,20
3635,1219,1,2,21427.05,10
616,203,116,1,7326.24,30
2802,950,17,2,28041.37,5
4471,1512,90,4,8431.13,15
2472,836,21,6,27219.79,20
3413,1143,11,2,32582.79,20
1984,667,67,1,23005.54,0
5346,1812,85,4,22047.67,20
2167,731,144,5,29748.5,10
5730,1930,10,2,26222.49,0
1281,432,128,2,17894.3,15
5657,1908,121,5,18950.07,10
6303,2124,148,6,29803.49,0
6543,2200,109,1,14153.03,30
2255,760,85,2,20755.84,40
5254,1778,45,3,27219.34,20
528,177,140,5,14116.0,40
5807,1957,8,1,30498.5,10
3406,1141,112,2,30554.6,15
3578,1199,121,4,23481.07,30
2589,875,27,4,10404.66,10
5045,1715,2,2,23747.67,0
1228,410,74,2,9816.27,20
1835,619,45,5,31396.88,20
6018,2029,6,5,23677.93,25
3560,1192,2,3,25199.22,5
764,252,114,2,2868.17,30
6263,2111,68,4,28535.39,30
2919,988,118,6,14338.8,40
693,232,59,2,6219.57,0
2301,778,89,4,12986.02,0
3865,1298,17,1,26597.29,0
2075,699,54,3,21846.32,30
1481,504,93,4,25377.93,25
2205,742,41,1,18436.5,15
557,185,17,1,25362.25,5
3188,1074,24,2,9593.85,15
1780,601,132,4,18704.81,10
1712,582,10,3,20563.81,20
3706,1243,11,2,34026.59,0
3216,1085,34,2,11485.52,25
1802,609,141,5,29226.46,40
5344,1812,95,1,17744.63,10
489,163,17,1,21732.82,10
5841,1968,62,3,35473.87,0
3144,1060,40,5,11259.46,0
5180,1755,20,3,27163.91,30
5219,1769,67,6,25268.05,15
6517,2193,139,5,2806.05,30
3967,1332,127,2,15658.78,25
2611,882,145,3,13050.64,0
6144,2072,136,2,30893.04,0
1558,529,86,6,15281.7,5
2629,888,114,6,3062.84,10
6368,2143,34,1,8776.81,0
284,96,104,4,433.45,10
5,2,13,2,29115.66,5
2737,925,103,1,5473.04,20
2728,922,22,4,4876.85,15
3658,1226,68,3,26089.34,5
3664,1229,7,4,4763.7,15
3505,1175,49,4,8168.65,25
4165,1400,24,2,12518.88,0
3632,1217,52,1,28985.22,0
455,151,29,6,24600.04,15
5825,1962,46,3,5582.07,30
5328,1807,72,3,24199.35,40
488,163,79,4,6685.63,5
5516,1862,10,2,20876.83,25
2913,985,12,1,17206.48,40
4873,1651,145,2,13055.28,5
