transaction_id,customer_id,transaction_amount,transaction_date,store_channel,customer_name_token,card_number_token,email_masked,phone_masked,age_band,spend_category
TXN000001,CUST0139,4801.91,2026-08-02,E-Commerce,TKN_b014fe4c5b8176d6,TKN_e2d8d6a8b948fbeb,k*****@example.net,******2188,40-50,Medium (1000-5000)
TXN000002,CUST0147,3394.04,2026-05-02,POS-Store,TKN_2a399f1cf39ed793,TKN_235c7b286f2bf173,d*****@example.net,******4746,25-30,Medium (1000-5000)
TXN000003,CUST0063,198.04,2026-03-16,POS-Store,TKN_10b3648b57cc6d02,TKN_5157d1d8dfa86e2a,n*************@example.com,********7051,18-25,Low (<1000)
TXN000004,CUST0105,872.0,2026-07-10,E-Commerce,TKN_1049cfa9de088ced,TKN_da57355f76cbf389,k*********@example.org,******2637,25-30,Low (<1000)
TXN000005,CUST0025,3831.58,2026-06-09,E-Commerce,TKN_424e8511ed9109eb,TKN_b10146516c5c2d7a,t**********@example.com,********9958,30-40,Medium (1000-5000)
TXN000006,CUST0169,970.44,2026-06-08,POS-Store,TKN_ae2daf7dbc4d267c,TKN_ec1182dd3aae3771,i*******@example.net,******5750,60+,Low (<1000)
TXN000007,CUST0091,8610.55,2026-06-29,POS-Store,TKN_0d4cf00f6d4ea984,TKN_374c5f24051bdf70,k******@example.com,******1388,30-40,High (>5000)
TXN000008,CUST0106,224.05,2026-08-01,POS-Store,TKN_5bd354b37d231ae1,TKN_6036a9380809fbf7,c***********@example.net,*****5846,18-25,Low (<1000)
TXN000009,CUST0014,547.99,2026-04-04,E-Commerce,TKN_38807ce4f881a34e,TKN_35b2b9255ad77f98,a*********@example.org,********5349,40-50,Low (<1000)
TXN000010,CUST0016,2164.63,2026-03-13,POS-Store,TKN_c409067cc6af772a,TKN_a19468e5dca29c81,u********@example.net,******6971,60+,Medium (1000-5000)
TXN000011,CUST0087,1557.84,2026-06-09,E-Commerce,TKN_fec91b5161340ec2,TKN_1d2b933721a57566,d********@example.org,******6418,40-50,Medium (1000-5000)
TXN000012,CUST0064,397.68,2026-05-05,E-Commerce,TKN_0f45a74fd36c2be4,TKN_e4655ed7136a320a,s***********@example.net,********1388,40-50,Low (<1000)
TXN000013,CUST0049,4139.92,2026-07-13,POS-Store,TKN_e2abb68ad7e82af5,TKN_3f75801a8caa7b7c,p*********@example.com,********1554,60+,Medium (1000-5000)
TXN000014,CUST0036,538.01,2026-02-26,POS-Store,TKN_98e523159fc2da14,TKN_810eae1b52ecf127,s**********@example.org,******4160,40-50,Low (<1000)
TXN000015,CUST0047,1185.76,2026-03-25,POS-Store,TKN_40b214c4d7542cdc,TKN_2bdef6608dd0f9ca,u************@example.net,********3063,40-50,Medium (1000-5000)
TXN000016,CUST0119,1681.93,2026-06-27,E-Commerce,TKN_386ab2df4172a913,TKN_8f8014d281b8ebcb,w******@example.net,******2226,18-25,Medium (1000-5000)
TXN000017,CUST0020,950.49,2026-07-03,POS-Store,TKN_5d9100377e1e5ff0,TKN_0e4ee271d9a0b5aa,b**************@example.org,******6478,25-30,Low (<1000)
TXN000018,CUST0141,18742.95,2026-05-23,E-Commerce,TKN_2010b0ff23b6a774,TKN_db9eda81db4fc3b5,s*******@example.com,******3231,60+,High (>5000)
TXN000019,CUST0013,142.69,2026-06-22,E-Commerce,TKN_d9713c91a13eb55b,TKN_e9c7d22d3dcf1579,b********@example.com,********7451,40-50,Low (<1000)
TXN000020,CUST0024,2760.17,2026-04-17,E-Commerce,TKN_501b33fd816e4d39,TKN_154dccec899769c2,i******@example.net,******6770,30-40,Medium (1000-5000)
TXN000021,CUST0043,519.92,2026-03-27,POS-Store,TKN_4d6bf43c78bea2f8,TKN_ec482775aab8ee12,u********@example.org,******7284,30-40,Low (<1000)
TXN000022,CUST0125,912.95,2026-07-31,POS-Store,TKN_c222900bcb320c6d,TKN_2c194baa5357162b,g*******@example.com,******2569,50-60,Low (<1000)
TXN000023,CUST0055,678.73,2026-05-04,POS-Store,TKN_be498cd0059bbd26,TKN_ae9961109cfc756a,b***********@example.org,******8317,30-40,Low (<1000)
TXN000024,CUST0016,543.54,2026-07-05,E-Commerce,TKN_c409067cc6af772a,TKN_10fca5b7ef301c04,u********@example.net,******6971,60+,Low (<1000)
TXN000025,CUST0098,1739.23,2026-03-12,E-Commerce,TKN_fd8819ba886d4612,TKN_1ae05e7aed1fcf9f,m*******@example.com,********7799,50-60,Medium (1000-5000)
TXN000026,CUST0100,18177.48,2026-07-19,POS-Store,TKN_3d5424c118aa8f57,TKN_ee3eb46a4ecec799,b**********@example.com,******8750,50-60,High (>5000)
TXN000027,CUST0117,20212.17,2026-08-05,POS-Store,TKN_24a6c27d01cbe6e3,TKN_3d21b880617e098b,b*************@example.com,********4634,60+,High (>5000)
TXN000028,CUST0109,4686.58,2026-05-15,POS-Store,TKN_0dcfba8fe07078cc,TKN_fe5801fa1c102ff1,k**********@example.net,********2224,50-60,Medium (1000-5000)
TXN000029,CUST0040,235.99,2026-02-25,E-Commerce,TKN_a5cab5710766b1fa,TKN_c1daf68d0aaf2d58,p**********@example.net,******5009,30-40,Low (<1000)
TXN000030,CUST0076,358.74,2026-03-07,E-Commerce,TKN_9751a3af27e523ce,TKN_45805a6376c9083c,j*****@example.org,********5853,40-50,Low (<1000)
TXN000031,CUST0015,2085.12,2026-05-14,E-Commerce,TKN_7b7fd8219b45a40d,TKN_2a225c31cf5b8a5b,k********@example.net,******3084,18-25,Medium (1000-5000)
TXN000032,CUST0081,11065.45,2026-05-07,E-Commerce,TKN_bd768ff988433936,TKN_4f26402f632f2007,a*************@example.net,******2060,18-25,High (>5000)
TXN000033,CUST0013,565.02,2026-07-02,POS-Store,TKN_d9713c91a13eb55b,TKN_c04aee2aa92ec484,b********@example.com,********7451,40-50,Low (<1000)
TXN000034,CUST0129,811.28,2026-08-09,E-Commerce,TKN_38d103afa21398ca,TKN_8d266d21b7af0831,b*********@example.com,********7024,18-25,Low (<1000)
TXN000035,CUST0015,986.56,2026-02-24,E-Commerce,TKN_7b7fd8219b45a40d,TKN_08563c5a82209c2d,k********@example.net,******3084,18-25,Low (<1000)
TXN000036,CUST0048,1794.66,2026-03-14,E-Commerce,TKN_c58ee63d989dacff,TKN_5c14203e31ca1fd2,a*******@example.org,******5839,40-50,Medium (1000-5000)
TXN000037,CUST0153,823.87,2026-05-05,E-Commerce,TKN_9c6bcd6e5e6606a1,TKN_66e676177db64540,h*********@example.org,******7991,50-60,Low (<1000)
TXN000038,CUST0173,3915.3,2026-07-30,E-Commerce,TKN_edb53679e9491831,TKN_c0c9572cefddfb02,m*********@example.com,******1975,60+,Medium (1000-5000)
TXN000039,CUST0104,1296.1,2026-05-22,E-Commerce,TKN_2134287d9a896f15,TKN_fcee52e05fdb9ed1,a*******@example.com,******9505,30-40,Medium (1000-5000)
TXN000040,CUST0146,1463.36,2026-05-06,E-Commerce,TKN_6d4b81a3d5bdaaf6,TKN_08457799bd655636,k*************@example.org,********7459,50-60,Medium (1000-5000)
TXN000041,CUST0149,15596.44,2026-08-08,E-Commerce,TKN_247b358f08af8c57,TKN_ca4ad087c8c49ea5,z********@example.net,******4315,40-50,High (>5000)
TXN000042,CUST0159,1254.17,2026-05-24,E-Commerce,TKN_15da5e0d38d0e03a,TKN_6ea788d012d6ef51,b*********@example.com,********7531,25-30,Medium (1000-5000)
TXN000043,CUST0108,358.6,2026-05-12,POS-Store,TKN_a75104c2fba245d1,TKN_7986a99020b461da,e*************@example.net,********7051,60+,Low (<1000)
TXN000044,CUST0067,3549.59,2026-06-15,E-Commerce,TKN_448c9246aab828bb,TKN_51c9452cddcd0b58,y********@example.com,********6157,30-40,Medium (1000-5000)
TXN000045,CUST0172,13028.18,2026-07-16,POS-Store,TKN_90c4dda0c1503147,TKN_6f8777c069a26ff0,h********@example.com,******7430,60+,High (>5000)
TXN000046,CUST0062,726.87,2026-07-05,POS-Store,TKN_5b6714eeca1617d9,TKN_e49b087c5a403863,p******@example.net,******5304,50-60,Low (<1000)
TXN000047,CUST0102,3244.55,2026-07-09,E-Commerce,TKN_9c93b62d0fc4868c,TKN_21bdb1d115f139ce,i*******@example.net,********6400,60+,Medium (1000-5000)
TXN000048,CUST0172,2974.69,2026-05-14,POS-Store,TKN_90c4dda0c1503147,TKN_541ae393fc37e71a,h********@example.com,******7430,60+,Medium (1000-5000)
TXN000049,CUST0118,2709.74,2026-04-29,POS-Store,TKN_40411bc7d87e7c95,TKN_d4ae30c69d10d388,s************@example.org,******7540,40-50,Medium (1000-5000)
TXN000050,CUST0019,152.39,2026-03-26,E-Commerce,TKN_c4da7b3e09b3239c,TKN_dec716959c5086c7,a*****@example.org,********7091,40-50,Low (<1000)
TXN000051,CUST0118,653.95,2026-06-26,E-Commerce,TKN_40411bc7d87e7c95,TKN_6ea284ca0ea709a8,s************@example.org,******7540,40-50,Low (<1000)
TXN000052,CUST0019,532.63,2026-03-16,E-Commerce,TKN_c4da7b3e09b3239c,TKN_2636b6426d2eb9e6,a*****@example.org,********7091,40-50,Low (<1000)
TXN000053,CUST0130,9238.72,2026-05-29,POS-Store,TKN_259c992d7d1e5791,TKN_f5e7c8edf18b9a05,d*************@example.org,******2762,60+,High (>5000)
TXN000054,CUST0034,4021.45,2026-06-25,POS-Store,TKN_cd63bd23b7abd508,TKN_59ca431a1960fdb4,a******@example.com,********9210,30-40,Medium (1000-5000)
TXN000055,CUST0018,123.05,2026-02-27,E-Commerce,TKN_65411a6ae30d0c68,TKN_18b20866a021704f,v*****************@example.com,********4919,30-40,Low (<1000)
TXN000056,CUST0095,203.0,2026-07-06,POS-Store,TKN_82a99779fb2f0945,TKN_08cf1dc00723be01,c***********@example.net,******5208,18-25,Low (<1000)
TXN000057,CUST0041,18738.24,2026-07-24,POS-Store,TKN_dc68f9d480a60fd2,TKN_ddcda124eae1a02f,b*********@example.org,*****8999,60+,High (>5000)
TXN000058,CUST0140,4484.97,2026-05-26,POS-Store,TKN_897f5c3970c94481,TKN_89304375270553e6,p*********@example.net,********7115,60+,Medium (1000-5000)
TXN000059,CUST0157,1746.09,2026-06-19,E-Commerce,TKN_334c0e0e831d9a32,TKN_50df72a4554efea8,c******@example.net,******6436,25-30,Medium (1000-5000)
TXN000060,CUST0171,14169.28,2026-05-15,POS-Store,TKN_641a41794957c8a7,TKN_8d6dc4421f5a45a2,o****@example.net,******5455,40-50,High (>5000)
TXN000061,CUST0170,4583.47,2026-07-17,E-Commerce,TKN_8f1266eaa0589056,TKN_283c0488e8caabe0,r******@example.com,*****3606,60+,Medium (1000-5000)
TXN000062,CUST0035,154.44,2026-08-04,POS-Store,TKN_47df22b0111bbae1,TKN_df61353b2cb32b6c,b*********@example.org,******9608,30-40,Low (<1000)
TXN000063,CUST0030,455.33,2026-08-06,E-Commerce,TKN_45ebc648209ea2fe,TKN_31ae950325f9ee53,d**********@example.com,******7479,50-60,Low (<1000)
TXN000064,CUST0142,19632.56,2026-04-02,E-Commerce,TKN_9939897c4dd3ac28,TKN_9f099fdbd2d88e0c,s****************@example.net,********2491,25-30,High (>5000)
TXN000065,CUST0070,534.7,2026-02-18,POS-Store,TKN_d71552f4daab6b6a,TKN_06526f5009342c4d,w*********@example.net,******5811,30-40,Low (<1000)
TXN000066,CUST0155,1888.21,2026-04-04,E-Commerce,TKN_ad553317eddf432a,TKN_6e6af324fb4a892e,f*********@example.net,******6049,30-40,Medium (1000-5000)
TXN000067,CUST0088,370.4,2026-06-29,E-Commerce,TKN_1c7d32197ab3de98,TKN_81416cd2c00e58c7,c*****@example.com,******1574,40-50,Low (<1000)
TXN000068,CUST0176,10495.13,2026-07-16,POS-Store,TKN_7b769d3956b2b5a1,TKN_48d21bd7264ae7e6,t******@example.org,******2598,18-25,High (>5000)
TXN000069,CUST0130,3811.37,2026-06-24,POS-Store,TKN_259c992d7d1e5791,TKN_b10dcf590e4e5f84,d*************@example.org,******2762,60+,Medium (1000-5000)
TXN000070,CUST0065,4886.16,2026-05-31,E-Commerce,TKN_fc015c153538c737,TKN_7186d365c2b90dd7,t***@example.org,******3403,50-60,Medium (1000-5000)
TXN000071,CUST0024,9281.05,2026-05-15,POS-Store,TKN_501b33fd816e4d39,TKN_ba453343fbe6af0d,i******@example.net,******6770,30-40,High (>5000)
TXN000072,CUST0071,2203.21,2026-03-27,E-Commerce,TKN_7496a150e6b0b83f,TKN_fdc9fce5e223a0b3,y********@example.com,******9705,60+,Medium (1000-5000)
TXN000073,CUST0001,85.01,2026-05-28,POS-Store,TKN_aa9c50607ca2cade,TKN_b75c626ee71fc559,y********@example.org,*****6897,50-60,Low (<1000)
TXN000074,CUST0034,3010.21,2026-06-22,POS-Store,TKN_cd63bd23b7abd508,TKN_a7fbcf5a91a6ac78,a******@example.com,********9210,30-40,Medium (1000-5000)
TXN000075,CUST0042,314.44,2026-04-03,POS-Store,TKN_3070ced519749549,TKN_5876eac2a6284d69,a**********@example.org,******8665,40-50,Low (<1000)
TXN000076,CUST0142,9073.31,2026-05-03,POS-Store,TKN_9939897c4dd3ac28,TKN_ff14e3cfd67d3db4,s****************@example.net,********2491,25-30,High (>5000)
TXN000077,CUST0144,514.49,2026-06-25,E-Commerce,TKN_d24e5267327efc81,TKN_3d0b00472987e290,s***************@example.com,********7507,18-25,Low (<1000)
TXN000078,CUST0029,9115.7,2026-06-08,E-Commerce,TKN_31c8d748d4b0573e,TKN_03bc3b722eece039,l**********@example.org,********7820,30-40,High (>5000)
TXN000079,CUST0177,4045.72,2026-05-08,E-Commerce,TKN_60b7b5180022ed46,TKN_db574201f7aa0f44,u********@example.net,********0174,40-50,Medium (1000-5000)
TXN000080,CUST0140,741.08,2026-03-29,E-Commerce,TKN_897f5c3970c94481,TKN_b2973e99522e2fc7,p*********@example.net,********7115,60+,Low (<1000)
TXN000081,CUST0095,3528.59,2026-07-01,E-Commerce,TKN_82a99779fb2f0945,TKN_036539cda4700ee3,c***********@example.net,******5208,18-25,Medium (1000-5000)
TXN000082,CUST0111,3142.56,2026-05-07,E-Commerce,TKN_c6e8ec27f49fb2fb,TKN_e8eb46a692891f1a,b***********@example.com,******8098,30-40,Medium (1000-5000)
TXN000083,CUST0011,842.7,2026-06-26,POS-Store,TKN_b98c169efb30ef0d,TKN_0b803424b316ffd9,k*******@example.com,********0686,60+,Low (<1000)
TXN000084,CUST0094,227.01,2026-05-07,E-Commerce,TKN_d73cecef69c7eff2,TKN_f065495c14e2ca5b,e*******@example.org,********6015,18-25,Low (<1000)
TXN000085,CUST0092,610.76,2026-07-23,E-Commerce,TKN_3301b73c8d8e7341,TKN_10ac7a3f2e0e116c,u**********@example.org,***5235,40-50,Low (<1000)
TXN000086,CUST0175,1066.33,2026-03-01,E-Commerce,TKN_8c01332da8c5e3d9,TKN_84ebea72c55b10b0,t**********@example.com,******8247,60+,Medium (1000-5000)
TXN000087,CUST0171,1905.76,2026-03-07,E-Commerce,TKN_641a41794957c8a7,TKN_823e45f691502f4c,o****@example.net,******5455,40-50,Medium (1000-5000)
TXN000088,CUST0091,1697.29,2026-07-16,POS-Store,TKN_0d4cf00f6d4ea984,TKN_f4b364b4225d3b58,k******@example.com,******1388,30-40,Medium (1000-5000)
TXN000089,CUST0159,2546.55,2026-02-24,E-Commerce,TKN_15da5e0d38d0e03a,TKN_9fd103ef7730859a,b*********@example.com,********7531,25-30,Medium (1000-5000)
TXN000090,CUST0061,7338.72,2026-07-17,E-Commerce,TKN_c442a4d82a49e586,TKN_f938458b9f0efc11,s***********@example.net,********8364,60+,High (>5000)
TXN000091,CUST0046,1453.78,2026-02-23,POS-Store,TKN_d05de67bc1ee510a,TKN_c568090f3f06c749,e******@example.org,********1606,60+,Medium (1000-5000)
TXN000092,CUST0007,19914.89,2026-05-30,E-Commerce,TKN_1451ce60162f6f3c,TKN_4d7bd44ee24e724d,e*******@example.org,********8538,50-60,High (>5000)
TXN000093,CUST0086,676.32,2026-07-26,POS-Store,TKN_585e4d85fd3084e7,TKN_38d00dc04a48191e,m*****@example.com,******6001,50-60,Low (<1000)
TXN000094,CUST0172,14438.86,2026-07-04,E-Commerce,TKN_90c4dda0c1503147,TKN_e91a55e6471679bb,h********@example.com,******7430,60+,High (>5000)
TXN000095,CUST0069,1967.17,2026-06-02,E-Commerce,TKN_165da5533feb80b5,TKN_2adc12d151d6c9c5,t******@example.com,********4974,40-50,Medium (1000-5000)
TXN000096,CUST0180,901.46,2026-03-03,E-Commerce,TKN_3679263b862f5345,TKN_8111e701a6efeecd,t***@example.com,******2214,40-50,Low (<1000)
TXN000097,CUST0098,15763.09,2026-07-06,E-Commerce,TKN_fd8819ba886d4612,TKN_701e69d810581d94,m*******@example.com,********7799,50-60,High (>5000)
TXN000098,CUST0121,2396.49,2026-02-24,E-Commerce,TKN_33704defc6d45e3c,TKN_4393eb787fab2b58,s*********@example.com,********8081,18-25,Medium (1000-5000)
TXN000099,CUST0052,4587.54,2026-03-29,POS-Store,TKN_6aa51b48cc6a210d,TKN_f02652c9ae14ad60,n*****@example.net,********7741,30-40,Medium (1000-5000)
TXN000100,CUST0090,18258.1,2026-05-14,POS-Store,TKN_a026b0c89975d179,TKN_890ff7ecce6ffd5f,n*******@example.net,********7348,30-40,High (>5000)
TXN000101,CUST0059,1336.48,2026-03-21,E-Commerce,TKN_eab10eb52f164646,TKN_3986e65a75426c60,x******@example.com,******0344,40-50,Medium (1000-5000)
TXN000102,CUST0007,902.73,2026-05-31,E-Commerce,TKN_1451ce60162f6f3c,TKN_247ad1ad19e4aa82,e*******@example.org,********8538,50-60,Low (<1000)
TXN000103,CUST0103,1036.78,2026-04-15,POS-Store,TKN_fb2f34fc242efea5,TKN_6fca890b218465b4,o***@example.com,******0028,30-40,Medium (1000-5000)
TXN000104,CUST0072,679.66,2026-07-23,E-Commerce,TKN_aa0d64b0043aa9c1,TKN_96c149e826296ee2,z*********@example.org,******5060,40-50,Low (<1000)
TXN000105,CUST0072,202.61,2026-08-04,POS-Store,TKN_aa0d64b0043aa9c1,TKN_30de6c9932204fc0,z*********@example.org,******5060,40-50,Low (<1000)
TXN000106,CUST0165,3766.89,2026-07-28,POS-Store,TKN_fe8d878d6db2bcbd,TKN_ce4a95ab2adb8561,s***********@example.com,******2465,60+,Medium (1000-5000)
TXN000107,CUST0174,1896.85,2026-07-23,POS-Store,TKN_020a4014a4b520c2,TKN_50fafdc960e6c64e,t************@example.org,********8258,30-40,Medium (1000-5000)
TXN000108,CUST0008,1948.76,2026-06-08,E-Commerce,TKN_69334367de02d718,TKN_c33a6f6a7a49f816,m****@example.com,********6486,60+,Medium (1000-5000)
TXN000109,CUST0067,758.42,2026-05-15,E-Commerce,TKN_448c9246aab828bb,TKN_c3f969ce8b818b79,y********@example.com,********6157,30-40,Low (<1000)
TXN000110,CUST0149,4396.04,2026-04-18,POS-Store,TKN_247b358f08af8c57,TKN_c80f7bd39a7401a2,z********@example.net,******4315,40-50,Medium (1000-5000)
TXN000111,CUST0010,3272.67,2026-05-06,E-Commerce,TKN_6d706890c91d9898,TKN_03fa1b61b77c889c,p**********@example.org,******5521,60+,Medium (1000-5000)
TXN000112,CUST0153,398.96,2026-04-11,POS-Store,TKN_9c6bcd6e5e6606a1,TKN_3508df9a7e7c7a29,h*********@example.org,******7991,50-60,Low (<1000)
TXN000113,CUST0089,281.55,2026-08-08,POS-Store,TKN_68263c5cd1116993,TKN_775aecc7386ed518,k*****@example.com,********0235,30-40,Low (<1000)
TXN000114,CUST0112,11683.27,2026-03-20,E-Commerce,TKN_a35ac6fe46a11953,TKN_1d64bebc80c639c5,e******@example.com,********3351,50-60,High (>5000)
TXN000115,CUST0099,15729.73,2026-05-14,E-Commerce,TKN_07959ce6ebbc2ed6,TKN_9f46c398f80b0f13,f*********@example.com,******5744,50-60,High (>5000)
TXN000116,CUST0066,3010.05,2026-07-18,E-Commerce,TKN_8965bc9f0a1dbf41,TKN_30bb3d0c18cc8c20,j******@example.org,******0837,25-30,Medium (1000-5000)
TXN000117,CUST0112,2969.58,2026-07-20,E-Commerce,TKN_a35ac6fe46a11953,TKN_9fe12398307915a6,e******@example.com,********3351,50-60,Medium (1000-5000)
TXN000118,CUST0134,735.61,2026-07-27,E-Commerce,TKN_dedfc36132bf828e,TKN_3889f649e3ae5189,v*******@example.net,********6827,50-60,Low (<1000)
TXN000119,CUST0094,73.08,2026-06-17,POS-Store,TKN_d73cecef69c7eff2,TKN_909297a877a7f938,e*******@example.org,********6015,18-25,Low (<1000)
TXN000120,CUST0018,1708.27,2026-04-03,POS-Store,TKN_65411a6ae30d0c68,TKN_34bf784eae5b9999,v*****************@example.com,********4919,30-40,Medium (1000-5000)
TXN000121,CUST0160,21216.83,2026-07-29,POS-Store,TKN_dad9864e2c0f0fba,TKN_12dfba275397c758,r*********@example.org,********2151,50-60,High (>5000)
TXN000122,CUST0170,11293.33,2026-06-30,E-Commerce,TKN_8f1266eaa0589056,TKN_f7c1d333984e841d,r******@example.com,*****3606,60+,High (>5000)
TXN000123,CUST0077,930.97,2026-03-17,POS-Store,TKN_860432528c83016b,TKN_1acaea01784b0a91,b*******@example.net,******3704,60+,Low (<1000)
TXN000124,CUST0171,4865.65,2026-04-17,POS-Store,TKN_641a41794957c8a7,TKN_8f929d1ceff01a87,o****@example.net,******5455,40-50,Medium (1000-5000)
TXN000125,CUST0084,19501.31,2026-05-30,POS-Store,TKN_82315dd82932fbdb,TKN_ab109d565fad9569,l*******@example.org,********1522,50-60,High (>5000)
TXN000126,CUST0179,415.46,2026-03-03,POS-Store,TKN_45c6731875b8ce3b,TKN_70561941599db425,e*******@example.org,********0629,25-30,Low (<1000)
TXN000127,CUST0142,10388.36,2026-06-05,E-Commerce,TKN_9939897c4dd3ac28,TKN_bbf0dab520f9e30a,s****************@example.net,********2491,25-30,High (>5000)
TXN000128,CUST0050,578.4,2026-05-22,POS-Store,TKN_2da03ddb996d3888,TKN_023ddc754ec305a9,p**************@example.net,********6220,40-50,Low (<1000)
TXN000129,CUST0171,16832.81,2026-05-05,POS-Store,TKN_641a41794957c8a7,TKN_8f03231a320490d6,o****@example.net,******5455,40-50,High (>5000)
TXN000130,CUST0174,1388.61,2026-05-22,E-Commerce,TKN_020a4014a4b520c2,TKN_0d1d8f2607c872d3,t************@example.org,********8258,30-40,Medium (1000-5000)
TXN000131,CUST0158,4959.23,2026-05-06,POS-Store,TKN_0365e1a512f3cb35,TKN_0530880a39ef0496,k*******@example.org,******0151,18-25,Medium (1000-5000)
TXN000132,CUST0104,541.89,2026-04-23,E-Commerce,TKN_2134287d9a896f15,TKN_fac9e68d7e5985f9,a*******@example.com,******9505,30-40,Low (<1000)
TXN000133,CUST0078,17593.33,2026-04-12,POS-Store,TKN_21cd9c7cfe587667,TKN_d0e7904e4e1f6897,j*******@example.com,******9397,40-50,High (>5000)
TXN000134,CUST0054,3809.23,2026-04-11,POS-Store,TKN_91029e96b9c85ee6,TKN_8cfe08e2d0b87c82,a***************@example.org,******8649,25-30,Medium (1000-5000)
TXN000135,CUST0149,2174.07,2026-04-05,POS-Store,TKN_247b358f08af8c57,TKN_4b5f06fc666f786e,z********@example.net,******4315,40-50,Medium (1000-5000)
TXN000136,CUST0120,4239.64,2026-08-02,POS-Store,TKN_9b83aeea1ac334eb,TKN_96ee02cc122714b5,z*****@example.org,******3880,50-60,Medium (1000-5000)
TXN000137,CUST0114,20525.18,2026-07-06,E-Commerce,TKN_bf533f57e79ad8ff,TKN_7470f89a9d3a6425,s***********@example.org,******4926,25-30,High (>5000)
TXN000138,CUST0131,3005.56,2026-06-18,POS-Store,TKN_d90487d7a2196678,TKN_fbfa09b9f92f0df0,m**********@example.org,*****8475,30-40,Medium (1000-5000)
TXN000139,CUST0044,3599.21,2026-06-21,E-Commerce,TKN_e4555141b26b9b02,TKN_c73b67bb426b445c,j********@example.com,******0753,50-60,Medium (1000-5000)
TXN000140,CUST0073,4182.37,2026-05-17,POS-Store,TKN_8031cc1e99b326d3,TKN_afd603e0595643c3,a**********@example.com,******0896,60+,Medium (1000-5000)
TXN000141,CUST0024,10746.58,2026-06-01,E-Commerce,TKN_501b33fd816e4d39,TKN_cf27e19380430a61,i******@example.net,******6770,30-40,High (>5000)
TXN000142,CUST0173,1375.83,2026-05-22,POS-Store,TKN_edb53679e9491831,TKN_5da47ed9d54ab4bc,m*********@example.com,******1975,60+,Medium (1000-5000)
TXN000143,CUST0058,1143.73,2026-04-27,E-Commerce,TKN_7f3b08965c78cc43,TKN_2e22f27a41e41ec8,c**********@example.org,******7377,30-40,Medium (1000-5000)
TXN000144,CUST0038,3170.04,2026-06-26,E-Commerce,TKN_96c7a87ae58e9eb2,TKN_dd7ffbd34703bf24,s**********@example.net,******1862,25-30,Medium (1000-5000)
TXN000145,CUST0012,610.7,2026-02-17,E-Commerce,TKN_2fd3be28ea70b212,TKN_81a6bf8442ba2de4,r**********@example.net,******7222,60+,Low (<1000)
TXN000146,CUST0122,85.44,2026-03-29,E-Commerce,TKN_d31147b6476ac505,TKN_5287723e417d11be,k********@example.org,********3051,50-60,Low (<1000)
TXN000147,CUST0117,11123.88,2026-03-25,POS-Store,TKN_24a6c27d01cbe6e3,TKN_ed95c4afcba2974b,b*************@example.com,********4634,60+,High (>5000)
TXN000148,CUST0162,545.61,2026-07-17,E-Commerce,TKN_ee8788d433fc184e,TKN_5a393d563703eaf8,m*****@example.org,******3914,40-50,Low (<1000)
TXN000149,CUST0179,1863.07,2026-05-30,POS-Store,TKN_45c6731875b8ce3b,TKN_4211dd71f05faff9,e*******@example.org,********0629,25-30,Medium (1000-5000)
TXN000150,CUST0127,1341.3,2026-02-27,POS-Store,TKN_20e3a19547514bbe,TKN_8df47ba6a4f4c745,m*****************@example.net,******9752,30-40,Medium (1000-5000)
TXN000151,CUST0063,554.26,2026-03-08,E-Commerce,TKN_10b3648b57cc6d02,TKN_c2004e065fb9acbc,n*************@example.com,********7051,18-25,Low (<1000)
TXN000152,CUST0168,3549.08,2026-05-27,E-Commerce,TKN_d86d69ef2c050e19,TKN_e0ece7510046ce84,m**********@example.net,******0556,60+,Medium (1000-5000)
TXN000153,CUST0028,4902.43,2026-06-30,POS-Store,TKN_e8dc50899b9ddf56,TKN_cedf2e298f8a972a,p*************@example.com,******9024,40-50,Medium (1000-5000)
TXN000154,CUST0057,2291.5,2026-06-23,E-Commerce,TKN_0e61a6d384c92470,TKN_a99c2c79ddd4b7f6,m********@example.net,******2796,30-40,Medium (1000-5000)
TXN000155,CUST0179,2083.06,2026-08-02,POS-Store,TKN_45c6731875b8ce3b,TKN_96d94d004fd9adc1,e*******@example.org,********0629,25-30,Medium (1000-5000)
TXN000156,CUST0013,1313.75,2026-06-11,E-Commerce,TKN_d9713c91a13eb55b,TKN_474aca2382439279,b********@example.com,********7451,40-50,Medium (1000-5000)
TXN000157,CUST0032,963.55,2026-07-29,POS-Store,TKN_27b7c673d7f38e67,TKN_dc9d1447ace946bd,k********@example.org,********6147,30-40,Low (<1000)
TXN000158,CUST0035,16831.87,2026-04-05,POS-Store,TKN_47df22b0111bbae1,TKN_56e19e0f767e64ac,b*********@example.org,******9608,30-40,High (>5000)
TXN000159,CUST0171,1693.0,2026-05-11,POS-Store,TKN_641a41794957c8a7,TKN_fbab40e1f46dface,o****@example.net,******5455,40-50,Medium (1000-5000)
TXN000160,CUST0114,287.48,2026-06-23,POS-Store,TKN_bf533f57e79ad8ff,TKN_15c1a5a763a8733a,s***********@example.org,******4926,25-30,Low (<1000)
TXN000161,CUST0141,3857.67,2026-06-12,POS-Store,TKN_2010b0ff23b6a774,TKN_d26bcf72cf1ddcac,s*******@example.com,******3231,60+,Medium (1000-5000)
TXN000162,CUST0041,2119.46,2026-04-19,POS-Store,TKN_dc68f9d480a60fd2,TKN_25049e1a39ad2e69,b*********@example.org,*****8999,60+,Medium (1000-5000)
TXN000163,CUST0116,17544.51,2026-07-12,POS-Store,TKN_dd4777db274398d1,TKN_f8a03f7349fb4fc8,m*********@example.net,******8174,25-30,High (>5000)
TXN000164,CUST0064,3446.27,2026-07-26,POS-Store,TKN_0f45a74fd36c2be4,TKN_6623b55b85c474a5,s***********@example.net,********1388,40-50,Medium (1000-5000)
TXN000165,CUST0134,1990.68,2026-06-18,POS-Store,TKN_dedfc36132bf828e,TKN_f82d94e91217f516,v*******@example.net,********6827,50-60,Medium (1000-5000)
TXN000166,CUST0161,4030.63,2026-03-19,E-Commerce,TKN_692c6814e4429050,TKN_2cc43f75bfe72837,c***********@example.org,******4025,40-50,Medium (1000-5000)
TXN000167,CUST0071,160.15,2026-07-21,POS-Store,TKN_7496a150e6b0b83f,TKN_5e71b5b53431a3ee,y********@example.com,******9705,60+,Low (<1000)
TXN000168,CUST0020,88.65,2026-07-26,POS-Store,TKN_5d9100377e1e5ff0,TKN_135135b89d499b0b,b**************@example.org,******6478,25-30,Low (<1000)
TXN000169,CUST0061,16962.48,2026-03-17,POS-Store,TKN_c442a4d82a49e586,TKN_97892b88e4544601,s***********@example.net,********8364,60+,High (>5000)
TXN000170,CUST0086,1391.24,2026-03-11,POS-Store,TKN_585e4d85fd3084e7,TKN_ed262cbcc1cc4ee8,m*****@example.com,******6001,50-60,Medium (1000-5000)
TXN000171,CUST0139,2893.41,2026-06-21,E-Commerce,TKN_b014fe4c5b8176d6,TKN_2061d6830bf4b275,k*****@example.net,******2188,40-50,Medium (1000-5000)
TXN000172,CUST0036,461.73,2026-03-10,E-Commerce,TKN_98e523159fc2da14,TKN_506fad3d1f9d9aa4,s**********@example.org,******4160,40-50,Low (<1000)
TXN000173,CUST0060,3462.78,2026-07-17,POS-Store,TKN_3eb8ca6026d59bef,TKN_806332f6ce39874d,t********@example.org,******5546,40-50,Medium (1000-5000)
TXN000174,CUST0178,1181.17,2026-03-03,E-Commerce,TKN_82ad589a0b4dbd0f,TKN_791d90dcd089b9b3,r**********@example.net,******7548,40-50,Medium (1000-5000)
TXN000175,CUST0055,3502.81,2026-05-30,E-Commerce,TKN_be498cd0059bbd26,TKN_d4e3c231517e9b22,b***********@example.org,******8317,30-40,Medium (1000-5000)
TXN000176,CUST0107,4425.1,2026-05-07,POS-Store,TKN_c9b41080bfe64ec1,TKN_93bc994e08973753,j*****@example.com,******5366,40-50,Medium (1000-5000)
TXN000177,CUST0085,1651.57,2026-04-04,POS-Store,TKN_0f186ed65ddf6758,TKN_3c4aa46a08ef26e1,o***********@example.com,******3077,40-50,Medium (1000-5000)
TXN000178,CUST0107,659.66,2026-02-20,E-Commerce,TKN_c9b41080bfe64ec1,TKN_2cb04a3fb4d79e74,j*****@example.com,******5366,40-50,Low (<1000)
TXN000179,CUST0053,605.9,2026-06-30,POS-Store,TKN_035dcd42d74d04f2,TKN_c412511e6f88800e,b***********@example.net,******8831,40-50,Low (<1000)
TXN000180,CUST0100,14783.49,2026-04-18,E-Commerce,TKN_3d5424c118aa8f57,TKN_ba1937588105bcd2,b**********@example.com,******8750,50-60,High (>5000)
TXN000181,CUST0148,3572.51,2026-03-05,POS-Store,TKN_29d95ed4c6dbd339,TKN_c5f348bb49f05f5b,s***********@example.com,********5088,50-60,Medium (1000-5000)
TXN000182,CUST0123,3181.92,2026-05-10,E-Commerce,TKN_d69aa5d85700059a,TKN_9cbfd1585d059ae3,s**********@example.net,******7842,40-50,Medium (1000-5000)
TXN000183,CUST0091,11564.36,2026-03-30,POS-Store,TKN_0d4cf00f6d4ea984,TKN_48d3a13d6fba40cd,k******@example.com,******1388,30-40,High (>5000)
TXN000184,CUST0100,20391.06,2026-05-11,POS-Store,TKN_3d5424c118aa8f57,TKN_b2f6130140b69e28,b**********@example.com,******8750,50-60,High (>5000)
TXN000185,CUST0138,115.82,2026-04-07,E-Commerce,TKN_424149a32978c987,TKN_5d29e0446336add2,p*******@example.net,********4243,60+,Low (<1000)
TXN000186,CUST0125,67.29,2026-06-18,E-Commerce,TKN_c222900bcb320c6d,TKN_7805b067f752b86c,g*******@example.com,******2569,50-60,Low (<1000)
TXN000187,CUST0070,698.17,2026-04-23,POS-Store,TKN_d71552f4daab6b6a,TKN_9439ee91f916c1ec,w*********@example.net,******5811,30-40,Low (<1000)
TXN000188,CUST0125,352.71,2026-06-29,E-Commerce,TKN_c222900bcb320c6d,TKN_2f00aa73a1125f98,g*******@example.com,******2569,50-60,Low (<1000)
TXN000189,CUST0100,5396.6,2026-05-17,POS-Store,TKN_3d5424c118aa8f57,TKN_11805a34f935a76f,b**********@example.com,******8750,50-60,High (>5000)
TXN000190,CUST0172,9792.25,2026-03-21,POS-Store,TKN_90c4dda0c1503147,TKN_6c490e77867c2c9b,h********@example.com,******7430,60+,High (>5000)
TXN000191,CUST0043,711.2,2026-03-02,POS-Store,TKN_4d6bf43c78bea2f8,TKN_2d3987f798a6e8cb,u********@example.org,******7284,30-40,Low (<1000)
TXN000192,CUST0033,4509.01,2026-04-03,E-Commerce,TKN_bd80716051ec6686,TKN_99d2474403229966,p****@example.net,******6156,50-60,Medium (1000-5000)
TXN000193,CUST0101,4213.12,2026-08-07,E-Commerce,TKN_50f16e0f19b6905f,TKN_05483b7cbc959428,i******@example.org,******7335,30-40,Medium (1000-5000)
TXN000194,CUST0022,218.39,2026-04-22,POS-Store,TKN_a0394493f63ba420,TKN_a754732e5274e8df,i****@example.net,******3950,60+,Low (<1000)
TXN000195,CUST0035,4226.53,2026-08-04,POS-Store,TKN_47df22b0111bbae1,TKN_f1cf84923ce9592c,b*********@example.org,******9608,30-40,Medium (1000-5000)
TXN000196,CUST0047,12015.09,2026-05-20,E-Commerce,TKN_40b214c4d7542cdc,TKN_634eaf3487febd7b,u************@example.net,********3063,40-50,High (>5000)
TXN000197,CUST0067,4104.88,2026-08-04,POS-Store,TKN_448c9246aab828bb,TKN_ff3d7f96efd4c2b8,y********@example.com,********6157,30-40,Medium (1000-5000)
TXN000198,CUST0084,4722.1,2026-04-14,E-Commerce,TKN_82315dd82932fbdb,TKN_ebb50bd95198693a,l*******@example.org,********1522,50-60,Medium (1000-5000)
TXN000199,CUST0117,12293.47,2026-07-19,POS-Store,TKN_24a6c27d01cbe6e3,TKN_1dfca2ba04c5c9c5,b*************@example.com,********4634,60+,High (>5000)
TXN000200,CUST0087,4017.42,2026-08-05,POS-Store,TKN_fec91b5161340ec2,TKN_b5862503ffae380c,d********@example.org,******6418,40-50,Medium (1000-5000)
TXN000201,CUST0072,906.52,2026-03-25,POS-Store,TKN_aa0d64b0043aa9c1,TKN_3563adf58a759e1c,z*********@example.org,******5060,40-50,Low (<1000)
TXN000202,CUST0065,4305.0,2026-04-11,E-Commerce,TKN_fc015c153538c737,TKN_1cd165e124efb0b7,t***@example.org,******3403,50-60,Medium (1000-5000)
TXN000203,CUST0121,899.85,2026-05-07,E-Commerce,TKN_33704defc6d45e3c,TKN_c8ab0e35bd75c332,s*********@example.com,********8081,18-25,Low (<1000)
TXN000204,CUST0139,1043.34,2026-04-21,E-Commerce,TKN_b014fe4c5b8176d6,TKN_4cc9060c8ccc8133,k*****@example.net,******2188,40-50,Medium (1000-5000)
TXN000205,CUST0090,6552.78,2026-04-14,E-Commerce,TKN_a026b0c89975d179,TKN_47e7febc1505f5b2,n*******@example.net,********7348,30-40,High (>5000)
TXN000206,CUST0167,951.61,2026-03-09,E-Commerce,TKN_aa92ca2b152af7dd,TKN_16d3d07aadfe9b1a,d************@example.com,******5844,40-50,Low (<1000)
TXN000207,CUST0167,14748.87,2026-07-12,E-Commerce,TKN_aa92ca2b152af7dd,TKN_8c11d85af3890dbd,d************@example.com,******5844,40-50,High (>5000)
TXN000208,CUST0008,2793.33,2026-07-03,E-Commerce,TKN_69334367de02d718,TKN_05924907e9926900,m****@example.com,********6486,60+,Medium (1000-5000)
TXN000209,CUST0052,361.9,2026-06-06,E-Commerce,TKN_6aa51b48cc6a210d,TKN_a010931a2ac62b82,n*****@example.net,********7741,30-40,Low (<1000)
TXN000210,CUST0160,4008.75,2026-07-16,E-Commerce,TKN_dad9864e2c0f0fba,TKN_bc717f0d54bfb720,r*********@example.org,********2151,50-60,Medium (1000-5000)
TXN000211,CUST0062,4157.68,2026-06-02,E-Commerce,TKN_5b6714eeca1617d9,TKN_0cd5dbd482888042,p******@example.net,******5304,50-60,Medium (1000-5000)
TXN000212,CUST0122,519.2,2026-04-12,E-Commerce,TKN_d31147b6476ac505,TKN_5508d10db4c28d52,k********@example.org,********3051,50-60,Low (<1000)
TXN000213,CUST0145,571.5,2026-03-31,E-Commerce,TKN_cb6ebd8c1b3d3d46,TKN_d06421e8d55e2776,r*********@example.net,******9188,50-60,Low (<1000)
TXN000214,CUST0120,4549.93,2026-06-12,POS-Store,TKN_9b83aeea1ac334eb,TKN_f3f08815566eb20a,z*****@example.org,******3880,50-60,Medium (1000-5000)
TXN000215,CUST0095,1468.15,2026-04-12,E-Commerce,TKN_82a99779fb2f0945,TKN_3fb699223e110013,c***********@example.net,******5208,18-25,Medium (1000-5000)
TXN000216,CUST0156,772.67,2026-04-21,E-Commerce,TKN_0ec66fb9c501718b,TKN_68871c9769bbf7ee,o************@example.net,******6222,30-40,Low (<1000)
TXN000217,CUST0042,1404.39,2026-06-04,POS-Store,TKN_3070ced519749549,TKN_cf2536090b1739e1,a**********@example.org,******8665,40-50,Medium (1000-5000)
TXN000218,CUST0028,715.22,2026-07-22,E-Commerce,TKN_e8dc50899b9ddf56,TKN_68c09c7af97e98fa,p*************@example.com,******9024,40-50,Low (<1000)
TXN000219,CUST0080,829.95,2026-03-10,POS-Store,TKN_83c4a6d02cf19aaa,TKN_49f4f20c058dff8b,h*****@example.org,******4915,40-50,Low (<1000)
TXN000220,CUST0102,1325.31,2026-03-30,E-Commerce,TKN_9c93b62d0fc4868c,TKN_de41a798bc09b1d9,i*******@example.net,********6400,60+,Medium (1000-5000)
TXN000221,CUST0020,986.32,2026-05-14,E-Commerce,TKN_5d9100377e1e5ff0,TKN_3c6851f0728ca762,b**************@example.org,******6478,25-30,Low (<1000)
TXN000222,CUST0027,2482.2,2026-07-05,POS-Store,TKN_ea06585380487c99,TKN_b6dc2de3265cf963,r*******@example.com,********9489,50-60,Medium (1000-5000)
TXN000223,CUST0176,21103.28,2026-06-17,E-Commerce,TKN_7b769d3956b2b5a1,TKN_94def68003db4739,t******@example.org,******2598,18-25,High (>5000)
TXN000224,CUST0145,17807.68,2026-03-06,E-Commerce,TKN_cb6ebd8c1b3d3d46,TKN_2a75cdba6b6e0402,r*********@example.net,******9188,50-60,High (>5000)
TXN000225,CUST0089,1333.92,2026-08-06,POS-Store,TKN_68263c5cd1116993,TKN_4db63e6160338e81,k*****@example.com,********0235,30-40,Medium (1000-5000)
TXN000226,CUST0170,3233.06,2026-05-18,POS-Store,TKN_8f1266eaa0589056,TKN_90ba5766c84f9168,r******@example.com,*****3606,60+,Medium (1000-5000)
TXN000227,CUST0018,4624.51,2026-03-25,POS-Store,TKN_65411a6ae30d0c68,TKN_56f9b73f98f7a738,v*****************@example.com,********4919,30-40,Medium (1000-5000)
TXN000228,CUST0004,517.5,2026-03-08,POS-Store,TKN_d67b2504eb1c1b04,TKN_6bbfd809e51cad80,p****@example.net,******2231,40-50,Low (<1000)
TXN000229,CUST0126,494.76,2026-05-26,E-Commerce,TKN_f72a8bc3390ed2ad,TKN_ccdd10efa59aa5f9,s****@example.org,******2279,50-60,Low (<1000)
TXN000230,CUST0111,162.76,2026-03-04,POS-Store,TKN_c6e8ec27f49fb2fb,TKN_3b480315c65734b3,b***********@example.com,******8098,30-40,Low (<1000)
TXN000231,CUST0163,666.1,2026-04-15,POS-Store,TKN_41cd8b8b8060fda3,TKN_e49ddda4fab24240,a*********@example.com,******3298,60+,Low (<1000)
TXN000232,CUST0040,3332.89,2026-02-19,POS-Store,TKN_a5cab5710766b1fa,TKN_7c4cbe5c129fc27c,p**********@example.net,******5009,30-40,Medium (1000-5000)
TXN000233,CUST0046,11373.42,2026-03-03,POS-Store,TKN_d05de67bc1ee510a,TKN_6affe7e345c630c4,e******@example.org,********1606,60+,High (>5000)
TXN000234,CUST0158,874.3,2026-05-16,POS-Store,TKN_0365e1a512f3cb35,TKN_210c47c2878b8a08,k*******@example.org,******0151,18-25,Low (<1000)
TXN000235,CUST0120,964.1,2026-04-17,POS-Store,TKN_9b83aeea1ac334eb,TKN_fc52e509739750ba,z*****@example.org,******3880,50-60,Low (<1000)
TXN000236,CUST0152,970.42,2026-03-23,POS-Store,TKN_f138ba45b8ce64b4,TKN_4b1fd37d10962ae0,m*********@example.org,********3493,40-50,Low (<1000)
TXN000237,CUST0083,895.69,2026-04-08,E-Commerce,TKN_314555473ae01724,TKN_395d85dc6718c5ec,a*****@example.com,******5929,25-30,Low (<1000)
TXN000238,CUST0023,4970.87,2026-04-04,POS-Store,TKN_0b827098561624fa,TKN_94618d53a9806c84,h******@example.net,******2926,50-60,Medium (1000-5000)
TXN000239,CUST0116,575.61,2026-05-18,E-Commerce,TKN_dd4777db274398d1,TKN_58dc394c0c0a2686,m*********@example.net,******8174,25-30,Low (<1000)
TXN000240,CUST0119,13893.14,2026-07-03,POS-Store,TKN_386ab2df4172a913,TKN_b86d0673abc10c64,w******@example.net,******2226,18-25,High (>5000)
TXN000241,CUST0087,3782.3,2026-06-11,E-Commerce,TKN_fec91b5161340ec2,TKN_ef26b337da9c0ed3,d********@example.org,******6418,40-50,Medium (1000-5000)
TXN000242,CUST0127,3509.6,2026-03-04,POS-Store,TKN_20e3a19547514bbe,TKN_6b8f0fad74cc40fb,m*****************@example.net,******9752,30-40,Medium (1000-5000)
TXN000243,CUST0047,4603.73,2026-04-18,POS-Store,TKN_40b214c4d7542cdc,TKN_284e0b37247db979,u************@example.net,********3063,40-50,Medium (1000-5000)
TXN000244,CUST0055,316.63,2026-07-09,POS-Store,TKN_be498cd0059bbd26,TKN_788204f423612f65,b***********@example.org,******8317,30-40,Low (<1000)
TXN000245,CUST0067,20134.59,2026-06-27,POS-Store,TKN_448c9246aab828bb,TKN_8e132746fefeffa2,y********@example.com,********6157,30-40,High (>5000)
TXN000246,CUST0072,3479.91,2026-06-21,POS-Store,TKN_aa0d64b0043aa9c1,TKN_8462edd0f9f2cc1b,z*********@example.org,******5060,40-50,Medium (1000-5000)
TXN000247,CUST0143,228.53,2026-07-01,E-Commerce,TKN_3aef303eaec08eee,TKN_8389e44b89b87711,q******@example.com,********0648,60+,Low (<1000)
TXN000248,CUST0133,2413.06,2026-03-23,E-Commerce,TKN_373300f1bacd3921,TKN_649229d192f668f3,y*****@example.net,********0610,60+,Medium (1000-5000)
TXN000249,CUST0022,1310.86,2026-03-24,E-Commerce,TKN_a0394493f63ba420,TKN_08a799eea9dc1925,i****@example.net,******3950,60+,Medium (1000-5000)
TXN000250,CUST0105,21765.6,2026-05-11,POS-Store,TKN_1049cfa9de088ced,TKN_a4720e25c718eacc,k*********@example.org,******2637,25-30,High (>5000)
TXN000251,CUST0143,3143.85,2026-05-10,E-Commerce,TKN_3aef303eaec08eee,TKN_0cf501bade6d8c8e,q******@example.com,********0648,60+,Medium (1000-5000)
TXN000252,CUST0177,822.29,2026-07-05,POS-Store,TKN_60b7b5180022ed46,TKN_d60facfe38d651b3,u********@example.net,********0174,40-50,Low (<1000)
TXN000253,CUST0166,1650.31,2026-07-17,POS-Store,TKN_7a9ba4dc0ab140bb,TKN_d7fd05b0c61075a6,s********@example.com,******0514,40-50,Medium (1000-5000)
TXN000254,CUST0115,18983.31,2026-04-05,E-Commerce,TKN_3cc9c98ae51a448e,TKN_20e497d5e8f84b0a,z***@example.com,******4452,50-60,High (>5000)
TXN000255,CUST0024,17337.51,2026-04-17,POS-Store,TKN_501b33fd816e4d39,TKN_57365ced3978b751,i******@example.net,******6770,30-40,High (>5000)
TXN000256,CUST0057,2672.55,2026-06-14,POS-Store,TKN_0e61a6d384c92470,TKN_70a8430f5d897baa,m********@example.net,******2796,30-40,Medium (1000-5000)
TXN000257,CUST0178,19723.22,2026-06-15,E-Commerce,TKN_82ad589a0b4dbd0f,TKN_3d91babcebe0d0f6,r**********@example.net,******7548,40-50,High (>5000)
TXN000258,CUST0079,75.02,2026-03-10,POS-Store,TKN_01a9f5096d533e2e,TKN_2c46bbb139ecd819,m******@example.net,********8014,40-50,Low (<1000)
TXN000259,CUST0122,4241.4,2026-05-08,POS-Store,TKN_d31147b6476ac505,TKN_3ddbd51935337ec1,k********@example.org,********3051,50-60,Medium (1000-5000)
TXN000260,CUST0109,7557.94,2026-03-01,POS-Store,TKN_0dcfba8fe07078cc,TKN_c48bec7974851c69,k**********@example.net,********2224,50-60,High (>5000)
TXN000261,CUST0091,2523.18,2026-08-01,POS-Store,TKN_0d4cf00f6d4ea984,TKN_46f9f060a7ced3d8,k******@example.com,******1388,30-40,Medium (1000-5000)
TXN000262,CUST0070,19316.18,2026-06-14,POS-Store,TKN_d71552f4daab6b6a,TKN_fbaa142fb1e46484,w*********@example.net,******5811,30-40,High (>5000)
TXN000263,CUST0065,12968.32,2026-06-24,E-Commerce,TKN_fc015c153538c737,TKN_2f41f37984e054a5,t***@example.org,******3403,50-60,High (>5000)
TXN000264,CUST0031,2093.35,2026-02-22,E-Commerce,TKN_af229d9a41b49e58,TKN_dcfa1ff1886d24fc,w****@example.org,******0320,60+,Medium (1000-5000)
TXN000265,CUST0081,870.62,2026-03-03,E-Commerce,TKN_bd768ff988433936,TKN_8d2fbf7c0b5d78d7,a*************@example.net,******2060,18-25,Low (<1000)
TXN000266,CUST0138,21995.2,2026-03-09,E-Commerce,TKN_424149a32978c987,TKN_e12d6d3877b3eca2,p*******@example.net,********4243,60+,High (>5000)
TXN000267,CUST0050,14442.78,2026-03-03,E-Commerce,TKN_2da03ddb996d3888,TKN_0153fc804b42207a,p**************@example.net,********6220,40-50,High (>5000)
TXN000268,CUST0124,4778.12,2026-05-10,POS-Store,TKN_d761c08dfcc1b7dd,TKN_f7aa297d80c9c6d0,s*******@example.net,********3546,18-25,Medium (1000-5000)
TXN000269,CUST0151,9205.67,2026-03-26,POS-Store,TKN_8d99ef2a790df789,TKN_97cc42292991936a,b**********@example.net,******7208,30-40,High (>5000)
TXN000270,CUST0026,1516.51,2026-08-04,E-Commerce,TKN_eea177cdb713f172,TKN_709c2e6d7c0bae03,r*********@example.net,******5708,40-50,Medium (1000-5000)
TXN000271,CUST0076,15305.36,2026-03-12,E-Commerce,TKN_9751a3af27e523ce,TKN_24273c3c1bc7781f,j*****@example.org,********5853,40-50,High (>5000)
TXN000272,CUST0093,687.44,2026-04-24,E-Commerce,TKN_b7c8d04c85c000f0,TKN_cc8834b91d41e609,q****@example.com,******5819,50-60,Low (<1000)
TXN000273,CUST0078,2432.29,2026-06-16,E-Commerce,TKN_21cd9c7cfe587667,TKN_b5052a6b591b8bab,j*******@example.com,******9397,40-50,Medium (1000-5000)
TXN000274,CUST0137,687.32,2026-05-17,E-Commerce,TKN_00e902eb41c31f6a,TKN_f7c458e4fab8a855,s******@example.com,********7898,40-50,Low (<1000)
TXN000275,CUST0071,4088.5,2026-07-04,E-Commerce,TKN_7496a150e6b0b83f,TKN_4aa6f28c68c396a2,y********@example.com,******9705,60+,Medium (1000-5000)
TXN000276,CUST0014,4407.87,2026-05-14,POS-Store,TKN_38807ce4f881a34e,TKN_e8da17dba290a8c7,a*********@example.org,********5349,40-50,Medium (1000-5000)
TXN000277,CUST0179,3243.19,2026-02-22,E-Commerce,TKN_45c6731875b8ce3b,TKN_f5debc4179e9ad45,e*******@example.org,********0629,25-30,Medium (1000-5000)
TXN000278,CUST0164,11859.81,2026-04-11,POS-Store,TKN_b6f0725ff14006d6,TKN_6d18670ff155cbd7,e*******@example.org,******2067,30-40,High (>5000)
TXN000279,CUST0027,77.31,2026-03-14,E-Commerce,TKN_ea06585380487c99,TKN_fde34fa056d46fb2,r*******@example.com,********9489,50-60,Low (<1000)
TXN000280,CUST0147,3480.62,2026-07-18,POS-Store,TKN_2a399f1cf39ed793,TKN_edeac5d690b9a75f,d*****@example.net,******4746,25-30,Medium (1000-5000)
TXN000281,CUST0121,1851.64,2026-03-25,POS-Store,TKN_33704defc6d45e3c,TKN_bd6d1af7a5723896,s*********@example.com,********8081,18-25,Medium (1000-5000)
TXN000282,CUST0113,63.8,2026-06-05,POS-Store,TKN_713af52201aed71c,TKN_0192f7336dbd1a6b,a***********@example.com,********3963,40-50,Low (<1000)
TXN000283,CUST0048,3359.08,2026-03-07,E-Commerce,TKN_c58ee63d989dacff,TKN_1b6c7d642060d542,a*******@example.org,******5839,40-50,Medium (1000-5000)
TXN000284,CUST0065,2749.46,2026-07-26,POS-Store,TKN_fc015c153538c737,TKN_6fdc9c63ffec41ed,t***@example.org,******3403,50-60,Medium (1000-5000)
TXN000285,CUST0030,10920.99,2026-02-18,E-Commerce,TKN_45ebc648209ea2fe,TKN_d6132d1933b63f9a,d**********@example.com,******7479,50-60,High (>5000)
TXN000286,CUST0103,4133.83,2026-05-21,POS-Store,TKN_fb2f34fc242efea5,TKN_5b529c8ecdfd2d4a,o***@example.com,******0028,30-40,Medium (1000-5000)
TXN000287,CUST0019,3487.72,2026-06-25,E-Commerce,TKN_c4da7b3e09b3239c,TKN_f329cbcb57b2fc2c,a*****@example.org,********7091,40-50,Medium (1000-5000)
TXN000288,CUST0039,21141.9,2026-02-16,E-Commerce,TKN_ebabe0bc4e3e6451,TKN_45429dc1cbce18f9,m***********@example.com,********2514,50-60,High (>5000)
TXN000289,CUST0145,929.33,2026-02-13,POS-Store,TKN_cb6ebd8c1b3d3d46,TKN_e4a8e28a19197831,r*********@example.net,******9188,50-60,Low (<1000)
TXN000290,CUST0022,2032.72,2026-08-07,E-Commerce,TKN_a0394493f63ba420,TKN_1bd162a7a6a6c4d3,i****@example.net,******3950,60+,Medium (1000-5000)
TXN000291,CUST0031,4919.15,2026-06-03,POS-Store,TKN_af229d9a41b49e58,TKN_f99f6c371c4f0f8b,w****@example.org,******0320,60+,Medium (1000-5000)
TXN000292,CUST0156,2314.68,2026-04-18,E-Commerce,TKN_0ec66fb9c501718b,TKN_d36739f5ba20c369,o************@example.net,******6222,30-40,Medium (1000-5000)
TXN000293,CUST0134,1960.34,2026-07-08,POS-Store,TKN_dedfc36132bf828e,TKN_8adddefc337b899e,v*******@example.net,********6827,50-60,Medium (1000-5000)
TXN000294,CUST0116,172.31,2026-03-28,POS-Store,TKN_dd4777db274398d1,TKN_3b61632362e9c71d,m*********@example.net,******8174,25-30,Low (<1000)
TXN000295,CUST0077,194.16,2026-06-06,POS-Store,TKN_860432528c83016b,TKN_42fdf80ccca19c20,b*******@example.net,******3704,60+,Low (<1000)
TXN000296,CUST0079,658.19,2026-04-22,E-Commerce,TKN_01a9f5096d533e2e,TKN_e961fc96dba1f81c,m******@example.net,********8014,40-50,Low (<1000)
TXN000297,CUST0157,378.04,2026-06-01,E-Commerce,TKN_334c0e0e831d9a32,TKN_b6fde24cef56d656,c******@example.net,******6436,25-30,Low (<1000)
TXN000298,CUST0054,13057.87,2026-05-29,E-Commerce,TKN_91029e96b9c85ee6,TKN_d69f56f2afeba545,a***************@example.org,******8649,25-30,High (>5000)
TXN000299,CUST0068,1689.11,2026-08-08,E-Commerce,TKN_d70f0b058b5674f3,TKN_4fd569b59933ab40,z********@example.com,********9610,40-50,Medium (1000-5000)
TXN000300,CUST0041,88.78,2026-05-11,E-Commerce,TKN_dc68f9d480a60fd2,TKN_267ced88f157d547,b*********@example.org,*****8999,60+,Low (<1000)
TXN000301,CUST0045,314.38,2026-05-26,E-Commerce,TKN_2e8e7ff6c70f560e,TKN_b5c7b210ffffa507,c***********@example.com,******7230,60+,Low (<1000)
TXN000302,CUST0041,134.18,2026-05-24,E-Commerce,TKN_dc68f9d480a60fd2,TKN_8955320f25f4e002,b*********@example.org,*****8999,60+,Low (<1000)
TXN000303,CUST0105,487.28,2026-05-02,POS-Store,TKN_1049cfa9de088ced,TKN_fb1be9402f039da1,k*********@example.org,******2637,25-30,Low (<1000)
TXN000304,CUST0177,395.69,2026-03-15,POS-Store,TKN_60b7b5180022ed46,TKN_392a3c40fb567032,u********@example.net,********0174,40-50,Low (<1000)
TXN000305,CUST0075,3760.89,2026-05-10,E-Commerce,TKN_818e21437d9a72df,TKN_d543ed677187e214,m***********@example.org,******2058,30-40,Medium (1000-5000)
TXN000306,CUST0060,808.64,2026-06-15,POS-Store,TKN_3eb8ca6026d59bef,TKN_48c86bc71cbc50df,t********@example.org,******5546,40-50,Low (<1000)
TXN000307,CUST0073,1326.95,2026-07-23,POS-Store,TKN_8031cc1e99b326d3,TKN_44e9da970cbe40a5,a**********@example.com,******0896,60+,Medium (1000-5000)
TXN000308,CUST0019,20654.91,2026-03-20,E-Commerce,TKN_c4da7b3e09b3239c,TKN_cfa2413ca133c5ea,a*****@example.org,********7091,40-50,High (>5000)
TXN000309,CUST0068,312.76,2026-06-28,E-Commerce,TKN_d70f0b058b5674f3,TKN_e17cbf0f27c57038,z********@example.com,********9610,40-50,Low (<1000)
TXN000310,CUST0109,3992.29,2026-05-01,E-Commerce,TKN_0dcfba8fe07078cc,TKN_586b09a561ab2108,k**********@example.net,********2224,50-60,Medium (1000-5000)
TXN000311,CUST0140,248.67,2026-05-29,E-Commerce,TKN_897f5c3970c94481,TKN_60786703f4db6588,p*********@example.net,********7115,60+,Low (<1000)
TXN000312,CUST0166,2937.61,2026-03-15,E-Commerce,TKN_7a9ba4dc0ab140bb,TKN_d07c39f14b3e88ed,s********@example.com,******0514,40-50,Medium (1000-5000)
TXN000313,CUST0069,2475.29,2026-07-27,E-Commerce,TKN_165da5533feb80b5,TKN_7dcc100a3224055a,t******@example.com,********4974,40-50,Medium (1000-5000)
TXN000314,CUST0019,3989.14,2026-06-16,E-Commerce,TKN_c4da7b3e09b3239c,TKN_905aa5273ff3b6b8,a*****@example.org,********7091,40-50,Medium (1000-5000)
TXN000315,CUST0043,289.56,2026-04-07,POS-Store,TKN_4d6bf43c78bea2f8,TKN_dd2a756293c38c27,u********@example.org,******7284,30-40,Low (<1000)
TXN000316,CUST0153,4579.93,2026-04-19,POS-Store,TKN_9c6bcd6e5e6606a1,TKN_5a1616a7026aad53,h*********@example.org,******7991,50-60,Medium (1000-5000)
TXN000317,CUST0113,3127.92,2026-02-12,E-Commerce,TKN_713af52201aed71c,TKN_096b018d38dba4ea,a***********@example.com,********3963,40-50,Medium (1000-5000)
TXN000318,CUST0120,474.59,2026-06-30,POS-Store,TKN_9b83aeea1ac334eb,TKN_caf92860d272383b,z*****@example.org,******3880,50-60,Low (<1000)
TXN000319,CUST0180,1969.64,2026-08-06,POS-Store,TKN_3679263b862f5345,TKN_0f05dcd376bd18e1,t***@example.com,******2214,40-50,Medium (1000-5000)
TXN000320,CUST0070,408.04,2026-05-08,POS-Store,TKN_d71552f4daab6b6a,TKN_006c1163478e3acb,w*********@example.net,******5811,30-40,Low (<1000)
TXN000321,CUST0113,355.65,2026-07-06,E-Commerce,TKN_713af52201aed71c,TKN_197c849c51186bc8,a***********@example.com,********3963,40-50,Low (<1000)
TXN000322,CUST0154,360.79,2026-03-24,E-Commerce,TKN_b3471c6d8b278967,TKN_7d10b7f31fc157c7,b*******@example.net,******3312,40-50,Low (<1000)
TXN000323,CUST0111,895.11,2026-05-02,POS-Store,TKN_c6e8ec27f49fb2fb,TKN_e23dcb6e8cfcb6bd,b***********@example.com,******8098,30-40,Low (<1000)
TXN000324,CUST0155,3715.73,2026-07-18,POS-Store,TKN_ad553317eddf432a,TKN_22c04b05e26df4db,f*********@example.net,******6049,30-40,Medium (1000-5000)
TXN000325,CUST0007,2993.27,2026-03-08,E-Commerce,TKN_1451ce60162f6f3c,TKN_ecee7977a9a7dd32,e*******@example.org,********8538,50-60,Medium (1000-5000)
TXN000326,CUST0059,559.71,2026-03-06,E-Commerce,TKN_eab10eb52f164646,TKN_da3becd94748e531,x******@example.com,******0344,40-50,Low (<1000)
TXN000327,CUST0173,3981.01,2026-02-22,POS-Store,TKN_edb53679e9491831,TKN_2cd5b030b78719c8,m*********@example.com,******1975,60+,Medium (1000-5000)
TXN000328,CUST0148,1510.19,2026-02-27,E-Commerce,TKN_29d95ed4c6dbd339,TKN_6365d67c77a3b9ba,s***********@example.com,********5088,50-60,Medium (1000-5000)
TXN000329,CUST0045,394.57,2026-06-21,POS-Store,TKN_2e8e7ff6c70f560e,TKN_2f50251d981bb51c,c***********@example.com,******7230,60+,Low (<1000)
TXN000330,CUST0133,3282.54,2026-02-28,POS-Store,TKN_373300f1bacd3921,TKN_a7d51af6e24dbf2e,y*****@example.net,********0610,60+,Medium (1000-5000)
TXN000331,CUST0072,4945.07,2026-06-28,E-Commerce,TKN_aa0d64b0043aa9c1,TKN_f3a134b71cde18d2,z*********@example.org,******5060,40-50,Medium (1000-5000)
TXN000332,CUST0150,1948.67,2026-05-21,POS-Store,TKN_6f197deae3570d53,TKN_4487987013b565e2,e****@example.org,********4068,18-25,Medium (1000-5000)
TXN000333,CUST0163,195.06,2026-06-09,POS-Store,TKN_41cd8b8b8060fda3,TKN_c45f14144ab429e9,a*********@example.com,******3298,60+,Low (<1000)
TXN000334,CUST0024,202.49,2026-04-17,POS-Store,TKN_501b33fd816e4d39,TKN_71a5b4ed7ea47c74,i******@example.net,******6770,30-40,Low (<1000)
TXN000335,CUST0090,320.56,2026-03-28,POS-Store,TKN_a026b0c89975d179,TKN_f1693e9d7e551916,n*******@example.net,********7348,30-40,Low (<1000)
TXN000336,CUST0086,901.03,2026-08-02,POS-Store,TKN_585e4d85fd3084e7,TKN_0197f86330f88748,m*****@example.com,******6001,50-60,Low (<1000)
TXN000337,CUST0172,547.76,2026-07-27,E-Commerce,TKN_90c4dda0c1503147,TKN_87738c4cea81db2e,h********@example.com,******7430,60+,Low (<1000)
TXN000338,CUST0042,4928.53,2026-05-06,POS-Store,TKN_3070ced519749549,TKN_7656749b6032bfbf,a**********@example.org,******8665,40-50,Medium (1000-5000)
TXN000339,CUST0106,427.56,2026-04-04,POS-Store,TKN_5bd354b37d231ae1,TKN_132b84db8d9db726,c***********@example.net,*****5846,18-25,Low (<1000)
TXN000340,CUST0074,19713.76,2026-05-26,POS-Store,TKN_6665311710d3d246,TKN_8e8a463b63697650,c**************@example.org,******5503,40-50,High (>5000)
TXN000341,CUST0141,9385.09,2026-07-15,E-Commerce,TKN_2010b0ff23b6a774,TKN_7caf675f9f2ee7ce,s*******@example.com,******3231,60+,High (>5000)
TXN000342,CUST0117,684.54,2026-02-13,E-Commerce,TKN_24a6c27d01cbe6e3,TKN_261567d77525c5f9,b*************@example.com,********4634,60+,Low (<1000)
TXN000343,CUST0081,14465.41,2026-04-28,POS-Store,TKN_bd768ff988433936,TKN_047b83a99a95a523,a*************@example.net,******2060,18-25,High (>5000)
TXN000344,CUST0083,2119.64,2026-04-26,E-Commerce,TKN_314555473ae01724,TKN_632fc9e658708bc9,a*****@example.com,******5929,25-30,Medium (1000-5000)
TXN000345,CUST0104,1747.99,2026-07-30,E-Commerce,TKN_2134287d9a896f15,TKN_71e8c45815f21b02,a*******@example.com,******9505,30-40,Medium (1000-5000)
TXN000346,CUST0169,453.74,2026-05-14,POS-Store,TKN_ae2daf7dbc4d267c,TKN_453c9156feaeef03,i*******@example.net,******5750,60+,Low (<1000)
TXN000347,CUST0106,1969.4,2026-07-05,E-Commerce,TKN_5bd354b37d231ae1,TKN_5170b8db8dfa64cf,c***********@example.net,*****5846,18-25,Medium (1000-5000)
TXN000348,CUST0049,629.48,2026-06-09,POS-Store,TKN_e2abb68ad7e82af5,TKN_b44902b6e1b438a5,p*********@example.com,********1554,60+,Low (<1000)
TXN000349,CUST0160,601.6,2026-03-29,POS-Store,TKN_dad9864e2c0f0fba,TKN_eb85b6623b6eea41,r*********@example.org,********2151,50-60,Low (<1000)
TXN000350,CUST0161,506.6,2026-06-11,POS-Store,TKN_692c6814e4429050,TKN_0c119f78a24bd474,c***********@example.org,******4025,40-50,Low (<1000)
TXN000351,CUST0014,1207.24,2026-03-01,E-Commerce,TKN_38807ce4f881a34e,TKN_8584723213e757ba,a*********@example.org,********5349,40-50,Medium (1000-5000)
TXN000352,CUST0069,1537.52,2026-02-16,E-Commerce,TKN_165da5533feb80b5,TKN_d1963853e7e97d04,t******@example.com,********4974,40-50,Medium (1000-5000)
TXN000353,CUST0074,989.47,2026-02-20,POS-Store,TKN_6665311710d3d246,TKN_d53018fa3a600f03,c**************@example.org,******5503,40-50,Low (<1000)
TXN000354,CUST0179,818.57,2026-03-08,POS-Store,TKN_45c6731875b8ce3b,TKN_67d1909a5186b8c6,e*******@example.org,********0629,25-30,Low (<1000)
TXN000355,CUST0032,696.75,2026-08-02,E-Commerce,TKN_27b7c673d7f38e67,TKN_5dbad6efaf024b85,k********@example.org,********6147,30-40,Low (<1000)
TXN000356,CUST0162,3381.96,2026-02-18,E-Commerce,TKN_ee8788d433fc184e,TKN_8ff4d716eb02e216,m*****@example.org,******3914,40-50,Medium (1000-5000)
TXN000357,CUST0041,2646.95,2026-06-06,POS-Store,TKN_dc68f9d480a60fd2,TKN_4916367f1f929c9d,b*********@example.org,*****8999,60+,Medium (1000-5000)
TXN000358,CUST0142,4717.19,2026-03-21,E-Commerce,TKN_9939897c4dd3ac28,TKN_0d359d3dc31b75af,s****************@example.net,********2491,25-30,Medium (1000-5000)
TXN000359,CUST0142,21405.49,2026-07-06,POS-Store,TKN_9939897c4dd3ac28,TKN_a6d247d72a691188,s****************@example.net,********2491,25-30,High (>5000)
TXN000360,CUST0024,743.59,2026-06-19,E-Commerce,TKN_501b33fd816e4d39,TKN_ea1ab12289b83838,i******@example.net,******6770,30-40,Low (<1000)
TXN000361,CUST0030,8081.78,2026-04-26,POS-Store,TKN_45ebc648209ea2fe,TKN_325c2bfde4fb44dd,d**********@example.com,******7479,50-60,High (>5000)
TXN000362,CUST0031,753.32,2026-04-26,E-Commerce,TKN_af229d9a41b49e58,TKN_23f0a933deb040b4,w****@example.org,******0320,60+,Low (<1000)
TXN000363,CUST0128,4366.47,2026-04-16,POS-Store,TKN_61375167caaab231,TKN_82b14ebabeafea29,t*******@example.com,********7635,50-60,Medium (1000-5000)
TXN000364,CUST0131,804.71,2026-03-27,POS-Store,TKN_d90487d7a2196678,TKN_ed5f0f6dab7b60a8,m**********@example.org,*****8475,30-40,Low (<1000)
TXN000365,CUST0107,205.31,2026-02-22,POS-Store,TKN_c9b41080bfe64ec1,TKN_e8d8e7226034e2b5,j*****@example.com,******5366,40-50,Low (<1000)
TXN000366,CUST0121,823.03,2026-02-21,E-Commerce,TKN_33704defc6d45e3c,TKN_9a48e87287ad9b04,s*********@example.com,********8081,18-25,Low (<1000)
TXN000367,CUST0117,3091.74,2026-02-17,E-Commerce,TKN_24a6c27d01cbe6e3,TKN_6da38c92a9e9c412,b*************@example.com,********4634,60+,Medium (1000-5000)
TXN000368,CUST0099,4507.92,2026-03-14,E-Commerce,TKN_07959ce6ebbc2ed6,TKN_461011d17c45121d,f*********@example.com,******5744,50-60,Medium (1000-5000)
TXN000369,CUST0154,4265.58,2026-03-12,E-Commerce,TKN_b3471c6d8b278967,TKN_b1ad2b3a01e14c39,b*******@example.net,******3312,40-50,Medium (1000-5000)
TXN000370,CUST0018,2507.4,2026-05-08,POS-Store,TKN_65411a6ae30d0c68,TKN_0a07965a30287824,v*****************@example.com,********4919,30-40,Medium (1000-5000)
TXN000371,CUST0107,2205.21,2026-05-05,POS-Store,TKN_c9b41080bfe64ec1,TKN_23e13f1e83f4c38c,j*****@example.com,******5366,40-50,Medium (1000-5000)
TXN000372,CUST0130,3010.38,2026-06-19,POS-Store,TKN_259c992d7d1e5791,TKN_5ea7eafc3e83c021,d*************@example.org,******2762,60+,Medium (1000-5000)
TXN000373,CUST0001,903.7,2026-03-18,POS-Store,TKN_aa9c50607ca2cade,TKN_0925fa229a759a57,y********@example.org,*****6897,50-60,Low (<1000)
TXN000374,CUST0077,3173.67,2026-07-21,POS-Store,TKN_860432528c83016b,TKN_e10d80bcd7fe40bd,b*******@example.net,******3704,60+,Medium (1000-5000)
TXN000375,CUST0039,15612.42,2026-04-15,POS-Store,TKN_ebabe0bc4e3e6451,TKN_d0fdda9782c1d5a5,m***********@example.com,********2514,50-60,High (>5000)
TXN000376,CUST0138,941.9,2026-06-25,POS-Store,TKN_424149a32978c987,TKN_82b23e410788b824,p*******@example.net,********4243,60+,Low (<1000)
TXN000377,CUST0089,2339.29,2026-07-30,POS-Store,TKN_68263c5cd1116993,TKN_2825dfc73e955439,k*****@example.com,********0235,30-40,Medium (1000-5000)
TXN000378,CUST0142,803.53,2026-02-20,POS-Store,TKN_9939897c4dd3ac28,TKN_04993fffec196935,s****************@example.net,********2491,25-30,Low (<1000)
TXN000379,CUST0117,3133.31,2026-03-13,POS-Store,TKN_24a6c27d01cbe6e3,TKN_91c4da0859c35bdd,b*************@example.com,********4634,60+,Medium (1000-5000)
TXN000380,CUST0049,18406.36,2026-04-11,E-Commerce,TKN_e2abb68ad7e82af5,TKN_67ef796dcb32e8dd,p*********@example.com,********1554,60+,High (>5000)
TXN000381,CUST0147,345.82,2026-04-09,POS-Store,TKN_2a399f1cf39ed793,TKN_93b679034256011d,d*****@example.net,******4746,25-30,Low (<1000)
TXN000382,CUST0060,756.01,2026-04-16,POS-Store,TKN_3eb8ca6026d59bef,TKN_3c1fd941400b6b89,t********@example.org,******5546,40-50,Low (<1000)
TXN000383,CUST0012,590.83,2026-03-09,POS-Store,TKN_2fd3be28ea70b212,TKN_9385965946536139,r**********@example.net,******7222,60+,Low (<1000)
TXN000384,CUST0122,4506.19,2026-06-19,POS-Store,TKN_d31147b6476ac505,TKN_8fe8c87d41f3f626,k********@example.org,********3051,50-60,Medium (1000-5000)
TXN000385,CUST0099,4284.21,2026-07-19,E-Commerce,TKN_07959ce6ebbc2ed6,TKN_7f45215dfd11dcc5,f*********@example.com,******5744,50-60,Medium (1000-5000)
TXN000386,CUST0127,853.28,2026-08-05,E-Commerce,TKN_20e3a19547514bbe,TKN_38eab3cf627a9114,m*****************@example.net,******9752,30-40,Low (<1000)
TXN000387,CUST0033,427.03,2026-05-20,POS-Store,TKN_bd80716051ec6686,TKN_f356650f4c405ca7,p****@example.net,******6156,50-60,Low (<1000)
TXN000388,CUST0026,1599.52,2026-06-18,POS-Store,TKN_eea177cdb713f172,TKN_08c3666b9ba2a212,r*********@example.net,******5708,40-50,Medium (1000-5000)
TXN000389,CUST0026,735.42,2026-03-24,POS-Store,TKN_eea177cdb713f172,TKN_e2815430d4f07e76,r*********@example.net,******5708,40-50,Low (<1000)
TXN000390,CUST0004,3563.95,2026-03-06,E-Commerce,TKN_d67b2504eb1c1b04,TKN_9dfbe4a427777e26,p****@example.net,******2231,40-50,Medium (1000-5000)
TXN000391,CUST0105,3170.36,2026-05-23,E-Commerce,TKN_1049cfa9de088ced,TKN_eec2dab1ed6920be,k*********@example.org,******2637,25-30,Medium (1000-5000)
TXN000392,CUST0020,378.07,2026-03-18,POS-Store,TKN_5d9100377e1e5ff0,TKN_a1340811bb0cc5ee,b**************@example.org,******6478,25-30,Low (<1000)
TXN000393,CUST0068,912.12,2026-06-12,POS-Store,TKN_d70f0b058b5674f3,TKN_f37cd1508c6f6453,z********@example.com,********9610,40-50,Low (<1000)
TXN000394,CUST0160,2603.0,2026-05-07,POS-Store,TKN_dad9864e2c0f0fba,TKN_8400f2a4d39d5f10,r*********@example.org,********2151,50-60,Medium (1000-5000)
TXN000395,CUST0167,4788.19,2026-07-11,E-Commerce,TKN_aa92ca2b152af7dd,TKN_31fb42bcbecb9205,d************@example.com,******5844,40-50,Medium (1000-5000)
TXN000396,CUST0085,606.33,2026-03-28,POS-Store,TKN_0f186ed65ddf6758,TKN_6b6c93c1f29a320d,o***********@example.com,******3077,40-50,Low (<1000)
TXN000397,CUST0082,3445.21,2026-05-26,POS-Store,TKN_07a7a6d6f445dad4,TKN_e54762a7c00fded4,g********@example.net,********7625,30-40,Medium (1000-5000)
TXN000398,CUST0139,877.65,2026-03-27,E-Commerce,TKN_b014fe4c5b8176d6,TKN_c4aaa9629daae1f8,k*****@example.net,******2188,40-50,Low (<1000)
TXN000399,CUST0159,14607.7,2026-02-27,E-Commerce,TKN_15da5e0d38d0e03a,TKN_96c46449697e7ec2,b*********@example.com,********7531,25-30,High (>5000)
TXN000400,CUST0061,4689.08,2026-05-09,POS-Store,TKN_c442a4d82a49e586,TKN_d95fb80c5831b4a4,s***********@example.net,********8364,60+,Medium (1000-5000)
TXN000401,CUST0059,1610.0,2026-06-24,E-Commerce,TKN_eab10eb52f164646,TKN_3877eb9067709581,x******@example.com,******0344,40-50,Medium (1000-5000)
TXN000402,CUST0112,3426.25,2026-05-10,E-Commerce,TKN_a35ac6fe46a11953,TKN_b8ef6f8618f7e0b1,e******@example.com,********3351,50-60,Medium (1000-5000)
TXN000403,CUST0163,3945.04,2026-04-30,E-Commerce,TKN_41cd8b8b8060fda3,TKN_bc209d4599f04c02,a*********@example.com,******3298,60+,Medium (1000-5000)
TXN000404,CUST0114,20734.74,2026-06-19,E-Commerce,TKN_bf533f57e79ad8ff,TKN_e6286fcb6b8c7e67,s***********@example.org,******4926,25-30,High (>5000)
TXN000405,CUST0178,1452.84,2026-06-06,POS-Store,TKN_82ad589a0b4dbd0f,TKN_58f10c29c7601549,r**********@example.net,******7548,40-50,Medium (1000-5000)
TXN000406,CUST0008,19261.43,2026-02-17,E-Commerce,TKN_69334367de02d718,TKN_e45c7fc3e6e7fdba,m****@example.com,********6486,60+,High (>5000)
TXN000407,CUST0084,923.88,2026-03-13,E-Commerce,TKN_82315dd82932fbdb,TKN_4af2b7af001b6766,l*******@example.org,********1522,50-60,Low (<1000)
TXN000408,CUST0076,13820.73,2026-03-15,POS-Store,TKN_9751a3af27e523ce,TKN_067367d7a57675f1,j*****@example.org,********5853,40-50,High (>5000)
TXN000409,CUST0096,2595.61,2026-06-20,POS-Store,TKN_37cc59cab29b8ec0,TKN_a262e0f905bcc44c,v**********@example.org,********7792,60+,Medium (1000-5000)
TXN000410,CUST0038,368.1,2026-03-25,E-Commerce,TKN_96c7a87ae58e9eb2,TKN_eaa43bafe95e1a37,s**********@example.net,******1862,25-30,Low (<1000)
TXN000411,CUST0136,1018.52,2026-03-28,POS-Store,TKN_87f69129cdc1802d,TKN_d11ba382330954d4,r*****@example.com,********8556,40-50,Medium (1000-5000)
TXN000412,CUST0145,2592.28,2026-03-20,E-Commerce,TKN_cb6ebd8c1b3d3d46,TKN_14f27adcfd9bff60,r*********@example.net,******9188,50-60,Medium (1000-5000)
TXN000413,CUST0044,4678.5,2026-02-14,E-Commerce,TKN_e4555141b26b9b02,TKN_3ac330860182e2a1,j********@example.com,******0753,50-60,Medium (1000-5000)
TXN000414,CUST0021,2387.47,2026-04-16,POS-Store,TKN_1035b3f2d5a582ef,TKN_d4175c10c4b1ad7a,u******@example.org,******4548,40-50,Medium (1000-5000)
TXN000415,CUST0159,2808.42,2026-02-17,E-Commerce,TKN_15da5e0d38d0e03a,TKN_7e67d890976069f5,b*********@example.com,********7531,25-30,Medium (1000-5000)
TXN000416,CUST0128,479.37,2026-06-24,E-Commerce,TKN_61375167caaab231,TKN_9a07d44dc169475c,t*******@example.com,********7635,50-60,Low (<1000)
TXN000417,CUST0060,217.39,2026-02-27,POS-Store,TKN_3eb8ca6026d59bef,TKN_6506b383f0f49eb6,t********@example.org,******5546,40-50,Low (<1000)
TXN000418,CUST0164,2675.28,2026-05-04,POS-Store,TKN_b6f0725ff14006d6,TKN_be25f828a99e1fba,e*******@example.org,******2067,30-40,Medium (1000-5000)
TXN000419,CUST0118,11161.33,2026-02-24,POS-Store,TKN_40411bc7d87e7c95,TKN_2348cebc47845d7b,s************@example.org,******7540,40-50,High (>5000)
TXN000420,CUST0171,3528.42,2026-03-08,E-Commerce,TKN_641a41794957c8a7,TKN_b824c316f9c8e2dd,o****@example.net,******5455,40-50,Medium (1000-5000)
TXN000421,CUST0120,679.7,2026-08-01,POS-Store,TKN_9b83aeea1ac334eb,TKN_f11a3b774184a7fa,z*****@example.org,******3880,50-60,Low (<1000)
TXN000422,CUST0174,962.06,2026-07-17,E-Commerce,TKN_020a4014a4b520c2,TKN_af2f31bad856e307,t************@example.org,********8258,30-40,Low (<1000)
TXN000423,CUST0019,443.48,2026-05-13,POS-Store,TKN_c4da7b3e09b3239c,TKN_72b7856d427804cb,a*****@example.org,********7091,40-50,Low (<1000)
TXN000424,CUST0089,996.03,2026-06-25,POS-Store,TKN_68263c5cd1116993,TKN_7ee5fb56572fa4fa,k*****@example.com,********0235,30-40,Low (<1000)
TXN000425,CUST0164,3380.94,2026-06-23,POS-Store,TKN_b6f0725ff14006d6,TKN_9cfca11833694fb6,e*******@example.org,******2067,30-40,Medium (1000-5000)
TXN000426,CUST0177,761.71,2026-05-29,POS-Store,TKN_60b7b5180022ed46,TKN_dde0f7d34c79bad3,u********@example.net,********0174,40-50,Low (<1000)
TXN000427,CUST0117,902.25,2026-08-06,POS-Store,TKN_24a6c27d01cbe6e3,TKN_689713e6164965b7,b*************@example.com,********4634,60+,Low (<1000)
TXN000428,CUST0051,230.96,2026-07-29,POS-Store,TKN_46f0cc7e92629d54,TKN_4961aca01a494396,a*****@example.net,******5381,50-60,Low (<1000)
TXN000429,CUST0124,497.99,2026-07-06,E-Commerce,TKN_d761c08dfcc1b7dd,TKN_dc12757e752321c7,s*******@example.net,********3546,18-25,Low (<1000)
TXN000430,CUST0061,1262.77,2026-07-22,POS-Store,TKN_c442a4d82a49e586,TKN_57b605bc33100276,s***********@example.net,********8364,60+,Medium (1000-5000)
TXN000431,CUST0147,2812.7,2026-03-25,POS-Store,TKN_2a399f1cf39ed793,TKN_8d0a275441aaa771,d*****@example.net,******4746,25-30,Medium (1000-5000)
TXN000432,CUST0148,2762.61,2026-07-13,POS-Store,TKN_29d95ed4c6dbd339,TKN_d4fb4c80e6bba421,s***********@example.com,********5088,50-60,Medium (1000-5000)
TXN000433,CUST0180,3238.0,2026-05-05,POS-Store,TKN_3679263b862f5345,TKN_4704ec80a5c1c2ec,t***@example.com,******2214,40-50,Medium (1000-5000)
TXN000434,CUST0006,222.65,2026-02-25,POS-Store,TKN_a141ea0cf312b48f,TKN_8f55168a4c2c2dd0,a************@example.com,*****7545,50-60,Low (<1000)
TXN000435,CUST0071,21084.02,2026-06-13,E-Commerce,TKN_7496a150e6b0b83f,TKN_95ec3a05ac86164d,y********@example.com,******9705,60+,High (>5000)
TXN000436,CUST0145,2082.71,2026-06-27,E-Commerce,TKN_cb6ebd8c1b3d3d46,TKN_0bb974fb2618cccd,r*********@example.net,******9188,50-60,Medium (1000-5000)
TXN000437,CUST0156,2634.53,2026-03-02,POS-Store,TKN_0ec66fb9c501718b,TKN_60907c0ba1f26267,o************@example.net,******6222,30-40,Medium (1000-5000)
TXN000438,CUST0074,198.19,2026-05-28,E-Commerce,TKN_6665311710d3d246,TKN_6424ca47282be328,c**************@example.org,******5503,40-50,Low (<1000)
TXN000439,CUST0156,3635.04,2026-05-04,POS-Store,TKN_0ec66fb9c501718b,TKN_a7bb35215fc49ef7,o************@example.net,******6222,30-40,Medium (1000-5000)
TXN000440,CUST0057,260.65,2026-04-06,E-Commerce,TKN_0e61a6d384c92470,TKN_195d3d73896609ac,m********@example.net,******2796,30-40,Low (<1000)
TXN000441,CUST0159,687.63,2026-05-28,POS-Store,TKN_15da5e0d38d0e03a,TKN_2653db83a7552fe7,b*********@example.com,********7531,25-30,Low (<1000)
TXN000442,CUST0174,148.8,2026-05-24,E-Commerce,TKN_020a4014a4b520c2,TKN_83407fde98a9196b,t************@example.org,********8258,30-40,Low (<1000)
TXN000443,CUST0161,1714.0,2026-08-08,E-Commerce,TKN_692c6814e4429050,TKN_dddfad4d38662ff6,c***********@example.org,******4025,40-50,Medium (1000-5000)
TXN000444,CUST0161,1952.49,2026-06-27,E-Commerce,TKN_692c6814e4429050,TKN_317f4ff29887f58b,c***********@example.org,******4025,40-50,Medium (1000-5000)
TXN000445,CUST0080,280.77,2026-06-17,POS-Store,TKN_83c4a6d02cf19aaa,TKN_31d0258831c74412,h*****@example.org,******4915,40-50,Low (<1000)
TXN000446,CUST0009,4421.93,2026-03-15,POS-Store,TKN_1f94baae86e43715,TKN_0525bc2327979c65,p*********@example.com,******6905,30-40,Medium (1000-5000)
TXN000447,CUST0034,11752.72,2026-05-07,E-Commerce,TKN_cd63bd23b7abd508,TKN_ed42027f0f0b8a45,a******@example.com,********9210,30-40,High (>5000)
TXN000448,CUST0076,1819.73,2026-05-29,POS-Store,TKN_9751a3af27e523ce,TKN_d20cca2eb9bbe4ae,j*****@example.org,********5853,40-50,Medium (1000-5000)
TXN000449,CUST0107,900.62,2026-08-09,E-Commerce,TKN_c9b41080bfe64ec1,TKN_0a408399f9967e8e,j*****@example.com,******5366,40-50,Low (<1000)
TXN000450,CUST0052,131.15,2026-03-14,E-Commerce,TKN_6aa51b48cc6a210d,TKN_9b5016e9739dbaa1,n*****@example.net,********7741,30-40,Low (<1000)
TXN000451,CUST0139,75.18,2026-04-16,POS-Store,TKN_b014fe4c5b8176d6,TKN_eaa9eab4ccc7cbd3,k*****@example.net,******2188,40-50,Low (<1000)
TXN000452,CUST0136,603.31,2026-08-07,POS-Store,TKN_87f69129cdc1802d,TKN_a29bd0c43e9147c2,r*****@example.com,********8556,40-50,Low (<1000)
TXN000453,CUST0043,4569.79,2026-05-13,POS-Store,TKN_4d6bf43c78bea2f8,TKN_701de25088d6a1ae,u********@example.org,******7284,30-40,Medium (1000-5000)
TXN000454,CUST0124,10811.55,2026-08-03,POS-Store,TKN_d761c08dfcc1b7dd,TKN_04676a2951fda83c,s*******@example.net,********3546,18-25,High (>5000)
TXN000455,CUST0087,410.33,2026-08-08,E-Commerce,TKN_fec91b5161340ec2,TKN_5616f20d1efa9bf1,d********@example.org,******6418,40-50,Low (<1000)
TXN000456,CUST0120,2071.99,2026-02-22,E-Commerce,TKN_9b83aeea1ac334eb,TKN_16a6af1ae7191a5c,z*****@example.org,******3880,50-60,Medium (1000-5000)
TXN000457,CUST0037,2637.24,2026-02-17,E-Commerce,TKN_aae82de22859f53b,TKN_7367c4fbc1f9f7d8,j*********@example.com,********1986,60+,Medium (1000-5000)
TXN000458,CUST0174,2744.07,2026-07-10,POS-Store,TKN_020a4014a4b520c2,TKN_1caf67d0f53f3bf2,t************@example.org,********8258,30-40,Medium (1000-5000)
TXN000459,CUST0143,950.08,2026-03-23,POS-Store,TKN_3aef303eaec08eee,TKN_1b8ef71be33b7e1d,q******@example.com,********0648,60+,Low (<1000)
TXN000460,CUST0024,1560.31,2026-06-02,POS-Store,TKN_501b33fd816e4d39,TKN_c95cb3bdcbc2e456,i******@example.net,******6770,30-40,Medium (1000-5000)
TXN000461,CUST0004,13286.84,2026-03-12,POS-Store,TKN_d67b2504eb1c1b04,TKN_7c2001a3c851959b,p****@example.net,******2231,40-50,High (>5000)
TXN000462,CUST0138,18597.74,2026-06-12,E-Commerce,TKN_424149a32978c987,TKN_5b8baefc1d8ba870,p*******@example.net,********4243,60+,High (>5000)
TXN000463,CUST0117,1089.85,2026-05-13,POS-Store,TKN_24a6c27d01cbe6e3,TKN_07583310c40bc46f,b*************@example.com,********4634,60+,Medium (1000-5000)
TXN000464,CUST0173,564.01,2026-04-20,POS-Store,TKN_edb53679e9491831,TKN_e82c5c2ca8793914,m*********@example.com,******1975,60+,Low (<1000)
TXN000465,CUST0150,2031.29,2026-03-10,POS-Store,TKN_6f197deae3570d53,TKN_16b155ba3f11a22d,e****@example.org,********4068,18-25,Medium (1000-5000)
TXN000466,CUST0164,842.35,2026-06-22,POS-Store,TKN_b6f0725ff14006d6,TKN_39aab6357e06349b,e*******@example.org,******2067,30-40,Low (<1000)
TXN000467,CUST0028,13937.21,2026-05-08,E-Commerce,TKN_e8dc50899b9ddf56,TKN_e67d85a885330e37,p*************@example.com,******9024,40-50,High (>5000)
TXN000468,CUST0121,308.42,2026-07-04,E-Commerce,TKN_33704defc6d45e3c,TKN_de5e22a805f596f0,s*********@example.com,********8081,18-25,Low (<1000)
TXN000469,CUST0159,917.67,2026-05-06,POS-Store,TKN_15da5e0d38d0e03a,TKN_cc1bb63fed8da977,b*********@example.com,********7531,25-30,Low (<1000)
TXN000470,CUST0157,597.11,2026-05-27,E-Commerce,TKN_334c0e0e831d9a32,TKN_f14e0b936413e7e8,c******@example.net,******6436,25-30,Low (<1000)
TXN000471,CUST0166,575.91,2026-07-05,E-Commerce,TKN_7a9ba4dc0ab140bb,TKN_5e45b65b02f39006,s********@example.com,******0514,40-50,Low (<1000)
TXN000472,CUST0163,4318.14,2026-05-29,POS-Store,TKN_41cd8b8b8060fda3,TKN_b5ac90d511aad03e,a*********@example.com,******3298,60+,Medium (1000-5000)
TXN000473,CUST0180,60.44,2026-07-12,POS-Store,TKN_3679263b862f5345,TKN_7c54e4df03b4399b,t***@example.com,******2214,40-50,Low (<1000)
TXN000474,CUST0167,904.12,2026-06-28,POS-Store,TKN_aa92ca2b152af7dd,TKN_8501fa3b12d8304a,d************@example.com,******5844,40-50,Low (<1000)
TXN000475,CUST0030,15156.43,2026-06-12,E-Commerce,TKN_45ebc648209ea2fe,TKN_3eddf84f9f206b68,d**********@example.com,******7479,50-60,High (>5000)
TXN000476,CUST0012,3659.48,2026-04-03,E-Commerce,TKN_2fd3be28ea70b212,TKN_29b8d4538f40421b,r**********@example.net,******7222,60+,Medium (1000-5000)
TXN000477,CUST0078,917.78,2026-07-02,POS-Store,TKN_21cd9c7cfe587667,TKN_88fba243525de694,j*******@example.com,******9397,40-50,Low (<1000)
TXN000478,CUST0030,2532.17,2026-05-24,E-Commerce,TKN_45ebc648209ea2fe,TKN_6bf0eb983a8dd979,d**********@example.com,******7479,50-60,Medium (1000-5000)
TXN000479,CUST0061,1187.82,2026-04-21,E-Commerce,TKN_c442a4d82a49e586,TKN_e6c038d56447ae7c,s***********@example.net,********8364,60+,Medium (1000-5000)
TXN000480,CUST0100,750.39,2026-08-10,POS-Store,TKN_3d5424c118aa8f57,TKN_a9326e064e62db8c,b**********@example.com,******8750,50-60,Low (<1000)
TXN000481,CUST0095,622.39,2026-07-06,POS-Store,TKN_82a99779fb2f0945,TKN_c798dc06ba104dc6,c***********@example.net,******5208,18-25,Low (<1000)
TXN000482,CUST0151,419.44,2026-04-24,E-Commerce,TKN_8d99ef2a790df789,TKN_9c3e5922bdf803e3,b**********@example.net,******7208,30-40,Low (<1000)
TXN000483,CUST0107,387.53,2026-06-13,E-Commerce,TKN_c9b41080bfe64ec1,TKN_d43921c99c88c060,j*****@example.com,******5366,40-50,Low (<1000)
TXN000484,CUST0126,2188.19,2026-03-18,POS-Store,TKN_f72a8bc3390ed2ad,TKN_ab47fa63908d25b6,s****@example.org,******2279,50-60,Medium (1000-5000)
TXN000485,CUST0072,2903.73,2026-04-21,E-Commerce,TKN_aa0d64b0043aa9c1,TKN_58baad048ebff65f,z*********@example.org,******5060,40-50,Medium (1000-5000)
TXN000486,CUST0177,4746.38,2026-04-07,POS-Store,TKN_60b7b5180022ed46,TKN_9ebc89fd064a9a80,u********@example.net,********0174,40-50,Medium (1000-5000)
TXN000487,CUST0056,1859.55,2026-07-04,POS-Store,TKN_64a284df53547f21,TKN_0b6d8fdabdfed7cf,m*******@example.org,********1344,50-60,Medium (1000-5000)
TXN000488,CUST0114,298.89,2026-06-22,E-Commerce,TKN_bf533f57e79ad8ff,TKN_2b8877ee02dbb92a,s***********@example.org,******4926,25-30,Low (<1000)
TXN000489,CUST0093,1205.65,2026-04-19,E-Commerce,TKN_b7c8d04c85c000f0,TKN_47602d16c2eddd76,q****@example.com,******5819,50-60,Medium (1000-5000)
TXN000490,CUST0176,3386.77,2026-02-25,POS-Store,TKN_7b769d3956b2b5a1,TKN_10c273ae5251901e,t******@example.org,******2598,18-25,Medium (1000-5000)
TXN000491,CUST0140,4082.88,2026-02-17,POS-Store,TKN_897f5c3970c94481,TKN_9759415b15ef3fff,p*********@example.net,********7115,60+,Medium (1000-5000)
TXN000492,CUST0016,121.31,2026-03-25,POS-Store,TKN_c409067cc6af772a,TKN_196adec4c250e363,u********@example.net,******6971,60+,Low (<1000)
TXN000493,CUST0071,2981.47,2026-05-24,E-Commerce,TKN_7496a150e6b0b83f,TKN_6e45f9275e4c847b,y********@example.com,******9705,60+,Medium (1000-5000)
TXN000494,CUST0032,2738.87,2026-07-04,POS-Store,TKN_27b7c673d7f38e67,TKN_80b9853e00fc0807,k********@example.org,********6147,30-40,Medium (1000-5000)
TXN000495,CUST0024,827.33,2026-03-14,E-Commerce,TKN_501b33fd816e4d39,TKN_6f8b54b7e9be2c34,i******@example.net,******6770,30-40,Low (<1000)
TXN000496,CUST0165,3778.09,2026-04-05,E-Commerce,TKN_fe8d878d6db2bcbd,TKN_3250ceb373399cb1,s***********@example.com,******2465,60+,Medium (1000-5000)
TXN000497,CUST0013,610.13,2026-06-04,POS-Store,TKN_d9713c91a13eb55b,TKN_3f8ccc17dfddb924,b********@example.com,********7451,40-50,Low (<1000)
TXN000498,CUST0063,1366.24,2026-06-02,E-Commerce,TKN_10b3648b57cc6d02,TKN_e5e72c44d7a7b534,n*************@example.com,********7051,18-25,Medium (1000-5000)
TXN000499,CUST0145,7326.78,2026-07-04,E-Commerce,TKN_cb6ebd8c1b3d3d46,TKN_e0f3b01c8e621b04,r*********@example.net,******9188,50-60,High (>5000)
TXN000500,CUST0018,12582.65,2026-03-07,E-Commerce,TKN_65411a6ae30d0c68,TKN_26dd2033fe682bb3,v*****************@example.com,********4919,30-40,High (>5000)
TXN000501,CUST0151,564.26,2026-06-07,E-Commerce,TKN_8d99ef2a790df789,TKN_a925a4d8897e5c1b,b**********@example.net,******7208,30-40,Low (<1000)
TXN000502,CUST0060,17448.09,2026-05-09,POS-Store,TKN_3eb8ca6026d59bef,TKN_310e1e9221cfdeba,t********@example.org,******5546,40-50,High (>5000)
TXN000503,CUST0038,3634.47,2026-05-06,E-Commerce,TKN_96c7a87ae58e9eb2,TKN_0a5eb7e08bb38327,s**********@example.net,******1862,25-30,Medium (1000-5000)
TXN000504,CUST0071,4395.93,2026-03-18,E-Commerce,TKN_7496a150e6b0b83f,TKN_d79b622357bf1c7f,y********@example.com,******9705,60+,Medium (1000-5000)
TXN000505,CUST0034,514.46,2026-06-03,POS-Store,TKN_cd63bd23b7abd508,TKN_701f90fe6be83039,a******@example.com,********9210,30-40,Low (<1000)
TXN000506,CUST0045,987.3,2026-05-10,E-Commerce,TKN_2e8e7ff6c70f560e,TKN_c63682fd5822d6f9,c***********@example.com,******7230,60+,Low (<1000)
TXN000507,CUST0170,5671.22,2026-06-03,E-Commerce,TKN_8f1266eaa0589056,TKN_a55b40f0bb01fbea,r******@example.com,*****3606,60+,High (>5000)
TXN000508,CUST0034,4700.07,2026-06-18,E-Commerce,TKN_cd63bd23b7abd508,TKN_14015f41074fdab6,a******@example.com,********9210,30-40,Medium (1000-5000)
TXN000509,CUST0092,588.98,2026-06-09,E-Commerce,TKN_3301b73c8d8e7341,TKN_693a8873ee77dc21,u**********@example.org,***5235,40-50,Low (<1000)
TXN000510,CUST0151,5578.05,2026-05-07,POS-Store,TKN_8d99ef2a790df789,TKN_403a7bac20b57d24,b**********@example.net,******7208,30-40,High (>5000)
TXN000511,CUST0005,2189.1,2026-06-05,E-Commerce,TKN_39570c2847e58ddf,TKN_a5b530a3ac6037d0,s********@example.org,******1589,40-50,Medium (1000-5000)
TXN000512,CUST0068,21508.02,2026-05-14,E-Commerce,TKN_d70f0b058b5674f3,TKN_b5e57de4cf60aaf8,z********@example.com,********9610,40-50,High (>5000)
TXN000513,CUST0033,13062.17,2026-04-09,POS-Store,TKN_bd80716051ec6686,TKN_5dbec759e66a09d3,p****@example.net,******6156,50-60,High (>5000)
TXN000514,CUST0135,19357.5,2026-08-01,E-Commerce,TKN_87086295e47c4ba8,TKN_8fcc1f180bd03a48,s********@example.org,********5848,30-40,High (>5000)
TXN000515,CUST0017,836.64,2026-06-19,POS-Store,TKN_1c5cd2cba6a4661f,TKN_4b76b67c0b88f1c9,w*********@example.net,********2770,50-60,Low (<1000)
TXN000516,CUST0115,615.86,2026-07-28,POS-Store,TKN_3cc9c98ae51a448e,TKN_e18ce5c5bc810452,z***@example.com,******4452,50-60,Low (<1000)
TXN000517,CUST0132,164.42,2026-03-14,E-Commerce,TKN_92bdaf8ab497e722,TKN_efa138f204ba8e5e,p*******@example.org,******3502,18-25,Low (<1000)
TXN000518,CUST0116,710.78,2026-07-04,E-Commerce,TKN_dd4777db274398d1,TKN_62baf73cfb7caf6a,m*********@example.net,******8174,25-30,Low (<1000)
TXN000519,CUST0158,3898.34,2026-07-09,E-Commerce,TKN_0365e1a512f3cb35,TKN_b2d151de29d214a2,k*******@example.org,******0151,18-25,Medium (1000-5000)
TXN000520,CUST0169,349.21,2026-04-23,POS-Store,TKN_ae2daf7dbc4d267c,TKN_043010269587b5d8,i*******@example.net,******5750,60+,Low (<1000)
TXN000521,CUST0118,4162.1,2026-04-03,E-Commerce,TKN_40411bc7d87e7c95,TKN_d49c32e0510906c3,s************@example.org,******7540,40-50,Medium (1000-5000)
TXN000522,CUST0016,643.97,2026-07-08,POS-Store,TKN_c409067cc6af772a,TKN_8108c2fcb2868ed3,u********@example.net,******6971,60+,Low (<1000)
TXN000523,CUST0103,15470.06,2026-06-22,POS-Store,TKN_fb2f34fc242efea5,TKN_0de978dc0bf0e049,o***@example.com,******0028,30-40,High (>5000)
TXN000524,CUST0176,73.16,2026-08-01,E-Commerce,TKN_7b769d3956b2b5a1,TKN_abc7b3747673308b,t******@example.org,******2598,18-25,Low (<1000)
TXN000525,CUST0126,5362.56,2026-07-04,POS-Store,TKN_f72a8bc3390ed2ad,TKN_58e73f8b035f953e,s****@example.org,******2279,50-60,High (>5000)
TXN000526,CUST0019,13992.4,2026-08-01,E-Commerce,TKN_c4da7b3e09b3239c,TKN_bc60e75a0e9f7683,a*****@example.org,********7091,40-50,High (>5000)
TXN000527,CUST0083,18579.52,2026-06-20,E-Commerce,TKN_314555473ae01724,TKN_54c68c179a8ea86c,a*****@example.com,******5929,25-30,High (>5000)
TXN000528,CUST0017,10962.75,2026-06-18,E-Commerce,TKN_1c5cd2cba6a4661f,TKN_7d37f7adabb8cccd,w*********@example.net,********2770,50-60,High (>5000)
TXN000529,CUST0071,2607.32,2026-05-04,POS-Store,TKN_7496a150e6b0b83f,TKN_6f9d74c889747f54,y********@example.com,******9705,60+,Medium (1000-5000)
TXN000530,CUST0098,3509.39,2026-07-07,POS-Store,TKN_fd8819ba886d4612,TKN_ae5d3d8ff5e9c2d6,m*******@example.com,********7799,50-60,Medium (1000-5000)
TXN000531,CUST0117,21729.43,2026-06-18,POS-Store,TKN_24a6c27d01cbe6e3,TKN_8e9ad566224f450b,b*************@example.com,********4634,60+,High (>5000)
TXN000532,CUST0026,2670.65,2026-05-26,E-Commerce,TKN_eea177cdb713f172,TKN_b3bd0e4358fe719c,r*********@example.net,******5708,40-50,Medium (1000-5000)
TXN000533,CUST0168,3949.59,2026-04-23,E-Commerce,TKN_d86d69ef2c050e19,TKN_65fa66d3a135da71,m**********@example.net,******0556,60+,Medium (1000-5000)
TXN000534,CUST0111,154.84,2026-05-16,POS-Store,TKN_c6e8ec27f49fb2fb,TKN_0d4e44ae53f14afd,b***********@example.com,******8098,30-40,Low (<1000)
TXN000535,CUST0059,2148.67,2026-05-29,POS-Store,TKN_eab10eb52f164646,TKN_63fbae5280ce4376,x******@example.com,******0344,40-50,Medium (1000-5000)
TXN000536,CUST0087,271.69,2026-05-16,POS-Store,TKN_fec91b5161340ec2,TKN_7234be457b74a378,d********@example.org,******6418,40-50,Low (<1000)
TXN000537,CUST0103,66.96,2026-05-02,POS-Store,TKN_fb2f34fc242efea5,TKN_3509c76001be471d,o***@example.com,******0028,30-40,Low (<1000)
TXN000538,CUST0025,12272.72,2026-07-16,POS-Store,TKN_424e8511ed9109eb,TKN_5286d0a41e4b1e4a,t**********@example.com,********9958,30-40,High (>5000)
TXN000539,CUST0110,3717.91,2026-04-05,POS-Store,TKN_4ee6f5f3ed55227d,TKN_6d0e33678e74fb49,p********@example.com,******7596,40-50,Medium (1000-5000)
TXN000540,CUST0171,951.51,2026-02-22,POS-Store,TKN_641a41794957c8a7,TKN_63e49ccbe8acfd5d,o****@example.net,******5455,40-50,Low (<1000)
TXN000541,CUST0096,1357.55,2026-04-25,E-Commerce,TKN_37cc59cab29b8ec0,TKN_5e1efc176d3e59c8,v**********@example.org,********7792,60+,Medium (1000-5000)
TXN000542,CUST0176,4515.59,2026-03-30,POS-Store,TKN_7b769d3956b2b5a1,TKN_d171ba290e67898e,t******@example.org,******2598,18-25,Medium (1000-5000)
TXN000543,CUST0018,12946.36,2026-04-07,E-Commerce,TKN_65411a6ae30d0c68,TKN_d784cc514d8b3c8b,v*****************@example.com,********4919,30-40,High (>5000)
TXN000544,CUST0022,1667.97,2026-06-06,E-Commerce,TKN_a0394493f63ba420,TKN_b932a37c5e7242dd,i****@example.net,******3950,60+,Medium (1000-5000)
TXN000545,CUST0111,8939.19,2026-06-26,E-Commerce,TKN_c6e8ec27f49fb2fb,TKN_d5577546c9f0d4fa,b***********@example.com,******8098,30-40,High (>5000)
TXN000546,CUST0096,16044.34,2026-06-13,E-Commerce,TKN_37cc59cab29b8ec0,TKN_d7fc1089b2a8ccd6,v**********@example.org,********7792,60+,High (>5000)
TXN000547,CUST0143,3050.24,2026-03-23,E-Commerce,TKN_3aef303eaec08eee,TKN_d3fbb882bdcdedd4,q******@example.com,********0648,60+,Medium (1000-5000)
TXN000548,CUST0151,217.53,2026-02-25,POS-Store,TKN_8d99ef2a790df789,TKN_de245986ce45e10f,b**********@example.net,******7208,30-40,Low (<1000)
TXN000549,CUST0172,226.93,2026-06-18,E-Commerce,TKN_90c4dda0c1503147,TKN_e8e37dca4a4c5b5e,h********@example.com,******7430,60+,Low (<1000)
TXN000550,CUST0106,2400.15,2026-04-01,POS-Store,TKN_5bd354b37d231ae1,TKN_59bf50a99bc84914,c***********@example.net,*****5846,18-25,Medium (1000-5000)
TXN000551,CUST0171,969.68,2026-08-03,POS-Store,TKN_641a41794957c8a7,TKN_bd55698d2548f8e4,o****@example.net,******5455,40-50,Low (<1000)
TXN000552,CUST0014,20771.86,2026-05-24,POS-Store,TKN_38807ce4f881a34e,TKN_829805338ddb2693,a*********@example.org,********5349,40-50,High (>5000)
TXN000553,CUST0154,7957.05,2026-02-27,POS-Store,TKN_b3471c6d8b278967,TKN_6da52cac2b93b040,b*******@example.net,******3312,40-50,High (>5000)
TXN000554,CUST0091,4032.2,2026-05-28,E-Commerce,TKN_0d4cf00f6d4ea984,TKN_b813c8e4cfeb477b,k******@example.com,******1388,30-40,Medium (1000-5000)
TXN000555,CUST0148,1615.43,2026-02-25,E-Commerce,TKN_29d95ed4c6dbd339,TKN_f74050dd90a57a04,s***********@example.com,********5088,50-60,Medium (1000-5000)
TXN000556,CUST0040,8816.27,2026-07-13,POS-Store,TKN_a5cab5710766b1fa,TKN_e263544ff75f416f,p**********@example.net,******5009,30-40,High (>5000)
TXN000557,CUST0058,559.59,2026-06-18,E-Commerce,TKN_7f3b08965c78cc43,TKN_098e6f77102f5dfb,c**********@example.org,******7377,30-40,Low (<1000)
TXN000558,CUST0090,3319.76,2026-05-01,POS-Store,TKN_a026b0c89975d179,TKN_0a61995a9ebc29b0,n*******@example.net,********7348,30-40,Medium (1000-5000)
TXN000559,CUST0030,882.71,2026-04-25,POS-Store,TKN_45ebc648209ea2fe,TKN_c1edca4d3c35859b,d**********@example.com,******7479,50-60,Low (<1000)
TXN000560,CUST0147,172.91,2026-07-31,E-Commerce,TKN_2a399f1cf39ed793,TKN_a394fc4682fa7672,d*****@example.net,******4746,25-30,Low (<1000)
TXN000561,CUST0110,21246.12,2026-07-05,E-Commerce,TKN_4ee6f5f3ed55227d,TKN_97cd0aa590c6927c,p********@example.com,******7596,40-50,High (>5000)
TXN000562,CUST0156,18761.96,2026-03-25,POS-Store,TKN_0ec66fb9c501718b,TKN_355c0ab46484dee4,o************@example.net,******6222,30-40,High (>5000)
TXN000563,CUST0008,3202.88,2026-04-14,E-Commerce,TKN_69334367de02d718,TKN_d2172c50f51a700b,m****@example.com,********6486,60+,Medium (1000-5000)
TXN000564,CUST0070,437.62,2026-02-16,POS-Store,TKN_d71552f4daab6b6a,TKN_0e499d1f9524549b,w*********@example.net,******5811,30-40,Low (<1000)
TXN000565,CUST0087,2038.76,2026-04-13,POS-Store,TKN_fec91b5161340ec2,TKN_d5638df00c2b9c5d,d********@example.org,******6418,40-50,Medium (1000-5000)
TXN000566,CUST0002,2983.01,2026-03-09,E-Commerce,TKN_832fb06579c71ad5,TKN_055b6bc946edf5a7,m********@example.org,********0534,60+,Medium (1000-5000)
TXN000567,CUST0037,258.95,2026-02-28,POS-Store,TKN_aae82de22859f53b,TKN_cc327fe61a56509f,j*********@example.com,********1986,60+,Low (<1000)
TXN000568,CUST0018,1304.45,2026-06-15,E-Commerce,TKN_65411a6ae30d0c68,TKN_8a286e435155d757,v*****************@example.com,********4919,30-40,Medium (1000-5000)
TXN000569,CUST0163,13418.0,2026-02-22,E-Commerce,TKN_41cd8b8b8060fda3,TKN_f8df643dd2b70c1d,a*********@example.com,******3298,60+,High (>5000)
TXN000570,CUST0024,3369.04,2026-05-20,E-Commerce,TKN_501b33fd816e4d39,TKN_9022c6083aa4d436,i******@example.net,******6770,30-40,Medium (1000-5000)
TXN000571,CUST0097,10913.41,2026-02-27,POS-Store,TKN_fe16b9dfabbf2c1f,TKN_ca5b79d9b79993e6,t****@example.com,********6144,60+,High (>5000)
TXN000572,CUST0117,3262.36,2026-03-25,POS-Store,TKN_24a6c27d01cbe6e3,TKN_bf04a6c8bfde53d3,b*************@example.com,********4634,60+,Medium (1000-5000)
TXN000573,CUST0041,883.82,2026-05-16,POS-Store,TKN_dc68f9d480a60fd2,TKN_f639d182365303e1,b*********@example.org,*****8999,60+,Low (<1000)
TXN000574,CUST0080,3633.15,2026-02-17,POS-Store,TKN_83c4a6d02cf19aaa,TKN_a280275de0b05a82,h*****@example.org,******4915,40-50,Medium (1000-5000)
TXN000575,CUST0146,19744.13,2026-04-30,E-Commerce,TKN_6d4b81a3d5bdaaf6,TKN_f42eda184d025346,k*************@example.org,********7459,50-60,High (>5000)
TXN000576,CUST0014,4347.22,2026-06-02,E-Commerce,TKN_38807ce4f881a34e,TKN_cb3f93a299055cf3,a*********@example.org,********5349,40-50,Medium (1000-5000)
TXN000577,CUST0041,3719.88,2026-04-14,E-Commerce,TKN_dc68f9d480a60fd2,TKN_33b34b29428b4193,b*********@example.org,*****8999,60+,Medium (1000-5000)
TXN000578,CUST0173,4010.11,2026-06-27,E-Commerce,TKN_edb53679e9491831,TKN_fb0aff7aee7a051c,m*********@example.com,******1975,60+,Medium (1000-5000)
TXN000579,CUST0070,885.95,2026-06-16,POS-Store,TKN_d71552f4daab6b6a,TKN_e031a6811a292347,w*********@example.net,******5811,30-40,Low (<1000)
TXN000580,CUST0170,5498.17,2026-06-14,POS-Store,TKN_8f1266eaa0589056,TKN_a28ab8e958f37ed6,r******@example.com,*****3606,60+,High (>5000)
TXN000581,CUST0125,7191.66,2026-06-26,POS-Store,TKN_c222900bcb320c6d,TKN_44fe37cdd84dff11,g*******@example.com,******2569,50-60,High (>5000)
TXN000582,CUST0107,3973.29,2026-04-22,POS-Store,TKN_c9b41080bfe64ec1,TKN_17f608d96ea27494,j*****@example.com,******5366,40-50,Medium (1000-5000)
TXN000583,CUST0056,826.25,2026-06-06,E-Commerce,TKN_64a284df53547f21,TKN_50b67f701343ed7b,m*******@example.org,********1344,50-60,Low (<1000)
TXN000584,CUST0089,13627.44,2026-06-14,POS-Store,TKN_68263c5cd1116993,TKN_aa69a05f36bd7555,k*****@example.com,********0235,30-40,High (>5000)
TXN000585,CUST0029,322.4,2026-07-14,POS-Store,TKN_31c8d748d4b0573e,TKN_df1a2a47c0ba3d4f,l**********@example.org,********7820,30-40,Low (<1000)
TXN000586,CUST0174,4923.76,2026-07-14,POS-Store,TKN_020a4014a4b520c2,TKN_df8958891b5de549,t************@example.org,********8258,30-40,Medium (1000-5000)
TXN000587,CUST0135,2038.95,2026-07-17,POS-Store,TKN_87086295e47c4ba8,TKN_1880f5e7f9788b96,s********@example.org,********5848,30-40,Medium (1000-5000)
TXN000588,CUST0012,3159.4,2026-06-05,E-Commerce,TKN_2fd3be28ea70b212,TKN_80b9c9462384d66d,r**********@example.net,******7222,60+,Medium (1000-5000)
TXN000589,CUST0102,1427.82,2026-06-26,E-Commerce,TKN_9c93b62d0fc4868c,TKN_28ef34a013194c15,i*******@example.net,********6400,60+,Medium (1000-5000)
TXN000590,CUST0002,3164.53,2026-07-08,E-Commerce,TKN_832fb06579c71ad5,TKN_77986024bf3e4a2e,m********@example.org,********0534,60+,Medium (1000-5000)
TXN000591,CUST0078,10812.48,2026-05-20,E-Commerce,TKN_21cd9c7cfe587667,TKN_bbaee3cb6e06958f,j*******@example.com,******9397,40-50,High (>5000)
TXN000592,CUST0036,4727.18,2026-06-03,POS-Store,TKN_98e523159fc2da14,TKN_a3e78e88fe7c75b2,s**********@example.org,******4160,40-50,Medium (1000-5000)
TXN000593,CUST0075,939.43,2026-03-03,POS-Store,TKN_818e21437d9a72df,TKN_602bd6b135cb3484,m***********@example.org,******2058,30-40,Low (<1000)
TXN000594,CUST0031,1271.28,2026-03-16,E-Commerce,TKN_af229d9a41b49e58,TKN_00d592439ee57acf,w****@example.org,******0320,60+,Medium (1000-5000)
TXN000595,CUST0128,722.06,2026-06-09,POS-Store,TKN_61375167caaab231,TKN_f0a439afb82f037f,t*******@example.com,********7635,50-60,Low (<1000)
TXN000596,CUST0045,602.48,2026-08-03,E-Commerce,TKN_2e8e7ff6c70f560e,TKN_2f367a7431fff0e7,c***********@example.com,******7230,60+,Low (<1000)
TXN000597,CUST0098,3483.04,2026-07-31,E-Commerce,TKN_fd8819ba886d4612,TKN_dcb84d7826c00d58,m*******@example.com,********7799,50-60,Medium (1000-5000)
TXN000598,CUST0129,877.09,2026-05-30,POS-Store,TKN_38d103afa21398ca,TKN_5993f6cea807fa93,b*********@example.com,********7024,18-25,Low (<1000)
TXN000599,CUST0019,21470.95,2026-06-04,POS-Store,TKN_c4da7b3e09b3239c,TKN_26f45dd02c220be3,a*****@example.org,********7091,40-50,High (>5000)
TXN000600,CUST0011,1520.21,2026-05-30,POS-Store,TKN_b98c169efb30ef0d,TKN_c5747d9dd7f76900,k*******@example.com,********0686,60+,Medium (1000-5000)
TXN000601,CUST0005,1098.32,2026-02-13,POS-Store,TKN_39570c2847e58ddf,TKN_f7c22bf2d4af3c31,s********@example.org,******1589,40-50,Medium (1000-5000)
TXN000602,CUST0020,357.11,2026-04-06,POS-Store,TKN_5d9100377e1e5ff0,TKN_70fda0980e6566ba,b**************@example.org,******6478,25-30,Low (<1000)
TXN000603,CUST0148,4080.86,2026-06-15,POS-Store,TKN_29d95ed4c6dbd339,TKN_a4b5f6b25ca2aaa1,s***********@example.com,********5088,50-60,Medium (1000-5000)
TXN000604,CUST0147,2783.16,2026-03-17,POS-Store,TKN_2a399f1cf39ed793,TKN_b0ddfee0ea6f6c22,d*****@example.net,******4746,25-30,Medium (1000-5000)
TXN000605,CUST0164,996.27,2026-05-17,POS-Store,TKN_b6f0725ff14006d6,TKN_b71732f5920a4f27,e*******@example.org,******2067,30-40,Low (<1000)
TXN000606,CUST0075,2805.1,2026-05-08,E-Commerce,TKN_818e21437d9a72df,TKN_fdcbf53f5e879edf,m***********@example.org,******2058,30-40,Medium (1000-5000)
TXN000607,CUST0104,804.27,2026-07-29,E-Commerce,TKN_2134287d9a896f15,TKN_64c9d44eb4b49e19,a*******@example.com,******9505,30-40,Low (<1000)
TXN000608,CUST0084,1882.86,2026-07-31,E-Commerce,TKN_82315dd82932fbdb,TKN_a373eb43809a9823,l*******@example.org,********1522,50-60,Medium (1000-5000)
TXN000609,CUST0159,695.79,2026-05-31,POS-Store,TKN_15da5e0d38d0e03a,TKN_9aa47b7fa0d83b8a,b*********@example.com,********7531,25-30,Low (<1000)
TXN000610,CUST0177,2092.76,2026-03-17,POS-Store,TKN_60b7b5180022ed46,TKN_f8d4d425a18489e5,u********@example.net,********0174,40-50,Medium (1000-5000)
TXN000611,CUST0023,7568.83,2026-05-17,POS-Store,TKN_0b827098561624fa,TKN_602e13ddfbbdffd1,h******@example.net,******2926,50-60,High (>5000)
TXN000612,CUST0028,4773.52,2026-06-25,E-Commerce,TKN_e8dc50899b9ddf56,TKN_1160f18ad95974a3,p*************@example.com,******9024,40-50,Medium (1000-5000)
TXN000613,CUST0112,3553.47,2026-02-19,POS-Store,TKN_a35ac6fe46a11953,TKN_432f256ed4dfe55e,e******@example.com,********3351,50-60,Medium (1000-5000)
TXN000614,CUST0135,2096.59,2026-03-15,E-Commerce,TKN_87086295e47c4ba8,TKN_eae03c7886029e3a,s********@example.org,********5848,30-40,Medium (1000-5000)
TXN000615,CUST0102,11959.27,2026-03-21,POS-Store,TKN_9c93b62d0fc4868c,TKN_b406e0e891bbe232,i*******@example.net,********6400,60+,High (>5000)
TXN000616,CUST0087,8910.0,2026-02-13,E-Commerce,TKN_fec91b5161340ec2,TKN_6d7f5184b08718ac,d********@example.org,******6418,40-50,High (>5000)
TXN000617,CUST0086,79.55,2026-05-28,E-Commerce,TKN_585e4d85fd3084e7,TKN_277b512d11a8781e,m*****@example.com,******6001,50-60,Low (<1000)
TXN000618,CUST0020,2473.74,2026-07-14,E-Commerce,TKN_5d9100377e1e5ff0,TKN_e21c369aad5df5d4,b**************@example.org,******6478,25-30,Medium (1000-5000)
TXN000619,CUST0136,13045.1,2026-05-07,E-Commerce,TKN_87f69129cdc1802d,TKN_969a76163ad00833,r*****@example.com,********8556,40-50,High (>5000)
TXN000620,CUST0090,8154.75,2026-06-15,POS-Store,TKN_a026b0c89975d179,TKN_73b3f985cf7a45d3,n*******@example.net,********7348,30-40,High (>5000)
TXN000621,CUST0166,18202.37,2026-05-18,E-Commerce,TKN_7a9ba4dc0ab140bb,TKN_dfbce4fba8fba841,s********@example.com,******0514,40-50,High (>5000)
TXN000622,CUST0061,4378.29,2026-05-23,E-Commerce,TKN_c442a4d82a49e586,TKN_3ff8fd77a29fb247,s***********@example.net,********8364,60+,Medium (1000-5000)
TXN000623,CUST0038,3504.26,2026-05-03,POS-Store,TKN_96c7a87ae58e9eb2,TKN_a2eb63df0906021e,s**********@example.net,******1862,25-30,Medium (1000-5000)
TXN000624,CUST0051,80.87,2026-03-27,E-Commerce,TKN_46f0cc7e92629d54,TKN_267c4e11a693fd9e,a*****@example.net,******5381,50-60,Low (<1000)
TXN000625,CUST0155,15483.44,2026-05-25,E-Commerce,TKN_ad553317eddf432a,TKN_9e452fe612080ca2,f*********@example.net,******6049,30-40,High (>5000)
TXN000626,CUST0168,2925.61,2026-05-31,E-Commerce,TKN_d86d69ef2c050e19,TKN_7aa0932c16f44d75,m**********@example.net,******0556,60+,Medium (1000-5000)
TXN000627,CUST0046,168.8,2026-06-17,POS-Store,TKN_d05de67bc1ee510a,TKN_9671105af2a1728a,e******@example.org,********1606,60+,Low (<1000)
TXN000628,CUST0119,2720.79,2026-07-11,POS-Store,TKN_386ab2df4172a913,TKN_1181fece5140cfd3,w******@example.net,******2226,18-25,Medium (1000-5000)
TXN000629,CUST0175,516.52,2026-03-05,POS-Store,TKN_8c01332da8c5e3d9,TKN_ea93ba7d21657e54,t**********@example.com,******8247,60+,Low (<1000)
TXN000630,CUST0161,602.29,2026-07-09,POS-Store,TKN_692c6814e4429050,TKN_579dffda6fa7e8e9,c***********@example.org,******4025,40-50,Low (<1000)
TXN000631,CUST0039,806.88,2026-04-08,POS-Store,TKN_ebabe0bc4e3e6451,TKN_109d26323c58b373,m***********@example.com,********2514,50-60,Low (<1000)
TXN000632,CUST0018,482.0,2026-03-08,POS-Store,TKN_65411a6ae30d0c68,TKN_7d6dea789e9b4290,v*****************@example.com,********4919,30-40,Low (<1000)
TXN000633,CUST0114,118.75,2026-07-10,POS-Store,TKN_bf533f57e79ad8ff,TKN_27cb279efb1409fe,s***********@example.org,******4926,25-30,Low (<1000)
TXN000634,CUST0071,2919.28,2026-03-20,E-Commerce,TKN_7496a150e6b0b83f,TKN_42d16abe544eba3e,y********@example.com,******9705,60+,Medium (1000-5000)
TXN000635,CUST0091,2166.36,2026-02-13,E-Commerce,TKN_0d4cf00f6d4ea984,TKN_f70a865f0c972dd9,k******@example.com,******1388,30-40,Medium (1000-5000)
TXN000636,CUST0080,4439.63,2026-05-13,POS-Store,TKN_83c4a6d02cf19aaa,TKN_f285866b96f35825,h*****@example.org,******4915,40-50,Medium (1000-5000)
TXN000637,CUST0116,1158.44,2026-07-03,E-Commerce,TKN_dd4777db274398d1,TKN_a50b20df539ab0fe,m*********@example.net,******8174,25-30,Medium (1000-5000)
TXN000638,CUST0015,1419.62,2026-03-16,POS-Store,TKN_7b7fd8219b45a40d,TKN_aa06f951d7afa75b,k********@example.net,******3084,18-25,Medium (1000-5000)
TXN000639,CUST0074,986.34,2026-02-13,E-Commerce,TKN_6665311710d3d246,TKN_45ec5f3ff70cf921,c**************@example.org,******5503,40-50,Low (<1000)
TXN000640,CUST0166,523.44,2026-07-06,E-Commerce,TKN_7a9ba4dc0ab140bb,TKN_e96d35aa18c34ffb,s********@example.com,******0514,40-50,Low (<1000)
TXN000641,CUST0158,3809.16,2026-04-13,POS-Store,TKN_0365e1a512f3cb35,TKN_150d87a9ea3a9439,k*******@example.org,******0151,18-25,Medium (1000-5000)
TXN000642,CUST0119,1039.07,2026-06-10,E-Commerce,TKN_386ab2df4172a913,TKN_8261860c185f2a7e,w******@example.net,******2226,18-25,Medium (1000-5000)
TXN000643,CUST0116,541.31,2026-06-19,E-Commerce,TKN_dd4777db274398d1,TKN_7258e1f7463ff821,m*********@example.net,******8174,25-30,Low (<1000)
TXN000644,CUST0083,382.74,2026-06-16,POS-Store,TKN_314555473ae01724,TKN_142e873e7346bb0c,a*****@example.com,******5929,25-30,Low (<1000)
TXN000645,CUST0129,124.57,2026-07-11,E-Commerce,TKN_38d103afa21398ca,TKN_c4be6d4ce542016a,b*********@example.com,********7024,18-25,Low (<1000)
TXN000646,CUST0016,1530.73,2026-03-06,POS-Store,TKN_c409067cc6af772a,TKN_e4a97541d68bc47b,u********@example.net,******6971,60+,Medium (1000-5000)
TXN000647,CUST0027,3757.17,2026-06-06,POS-Store,TKN_ea06585380487c99,TKN_06e353133fc8b0d0,r*******@example.com,********9489,50-60,Medium (1000-5000)
TXN000648,CUST0022,1800.4,2026-07-28,E-Commerce,TKN_a0394493f63ba420,TKN_57aa80a5b9a3c705,i****@example.net,******3950,60+,Medium (1000-5000)
TXN000649,CUST0011,149.23,2026-05-20,E-Commerce,TKN_b98c169efb30ef0d,TKN_8be979d72c87c912,k*******@example.com,********0686,60+,Low (<1000)
TXN000650,CUST0113,3825.2,2026-04-29,POS-Store,TKN_713af52201aed71c,TKN_a641cd336ca5f96b,a***********@example.com,********3963,40-50,Medium (1000-5000)
TXN000651,CUST0135,938.47,2026-04-04,E-Commerce,TKN_87086295e47c4ba8,TKN_afd3def8cd762ce2,s********@example.org,********5848,30-40,Low (<1000)
TXN000652,CUST0094,563.69,2026-07-22,POS-Store,TKN_d73cecef69c7eff2,TKN_317fba9607d91f29,e*******@example.org,********6015,18-25,Low (<1000)
TXN000653,CUST0073,4483.01,2026-02-27,POS-Store,TKN_8031cc1e99b326d3,TKN_ae546894fa00b2ff,a**********@example.com,******0896,60+,Medium (1000-5000)
TXN000654,CUST0105,4206.11,2026-03-15,POS-Store,TKN_1049cfa9de088ced,TKN_797f405b61ecbdd6,k*********@example.org,******2637,25-30,Medium (1000-5000)
TXN000655,CUST0174,4258.49,2026-03-17,E-Commerce,TKN_020a4014a4b520c2,TKN_e4c80e5c32c43e25,t************@example.org,********8258,30-40,Medium (1000-5000)
TXN000656,CUST0162,899.18,2026-05-19,POS-Store,TKN_ee8788d433fc184e,TKN_f1d323569844260b,m*****@example.org,******3914,40-50,Low (<1000)
TXN000657,CUST0017,4268.37,2026-02-13,POS-Store,TKN_1c5cd2cba6a4661f,TKN_b0d6ef66398644af,w*********@example.net,********2770,50-60,Medium (1000-5000)
TXN000658,CUST0025,3573.67,2026-05-22,POS-Store,TKN_424e8511ed9109eb,TKN_6cffc543c50d08d9,t**********@example.com,********9958,30-40,Medium (1000-5000)
TXN000659,CUST0073,3925.63,2026-06-20,POS-Store,TKN_8031cc1e99b326d3,TKN_f1c6114692cfdfad,a**********@example.com,******0896,60+,Medium (1000-5000)
TXN000660,CUST0169,107.27,2026-03-25,E-Commerce,TKN_ae2daf7dbc4d267c,TKN_f4ebb97071764db3,i*******@example.net,******5750,60+,Low (<1000)
TXN000661,CUST0086,201.41,2026-08-09,E-Commerce,TKN_585e4d85fd3084e7,TKN_bb350965e60022b5,m*****@example.com,******6001,50-60,Low (<1000)
TXN000662,CUST0150,8727.42,2026-08-07,E-Commerce,TKN_6f197deae3570d53,TKN_7a36442a9b6f28d1,e****@example.org,********4068,18-25,High (>5000)
TXN000663,CUST0090,10727.89,2026-06-01,POS-Store,TKN_a026b0c89975d179,TKN_78966a42b3a9b1df,n*******@example.net,********7348,30-40,High (>5000)
TXN000664,CUST0168,799.42,2026-02-24,POS-Store,TKN_d86d69ef2c050e19,TKN_6894ab67129f7fbb,m**********@example.net,******0556,60+,Low (<1000)
TXN000665,CUST0034,2992.28,2026-04-14,E-Commerce,TKN_cd63bd23b7abd508,TKN_6abd6acb65b88ade,a******@example.com,********9210,30-40,Medium (1000-5000)
TXN000666,CUST0080,3876.09,2026-05-14,POS-Store,TKN_83c4a6d02cf19aaa,TKN_2b9aedb4ac6a3966,h*****@example.org,******4915,40-50,Medium (1000-5000)
TXN000667,CUST0165,995.52,2026-04-09,POS-Store,TKN_fe8d878d6db2bcbd,TKN_c7b0669ecb087854,s***********@example.com,******2465,60+,Low (<1000)
TXN000668,CUST0033,16055.89,2026-07-24,E-Commerce,TKN_bd80716051ec6686,TKN_e594f99705603ab0,p****@example.net,******6156,50-60,High (>5000)
TXN000669,CUST0166,695.54,2026-07-28,POS-Store,TKN_7a9ba4dc0ab140bb,TKN_ac3914544de5a6be,s********@example.com,******0514,40-50,Low (<1000)
TXN000670,CUST0131,79.09,2026-06-19,POS-Store,TKN_d90487d7a2196678,TKN_dfc3720ec20eb496,m**********@example.org,*****8475,30-40,Low (<1000)
TXN000671,CUST0005,489.03,2026-07-22,POS-Store,TKN_39570c2847e58ddf,TKN_cb00ff5f69d1fadf,s********@example.org,******1589,40-50,Low (<1000)
TXN000672,CUST0080,17362.15,2026-04-17,E-Commerce,TKN_83c4a6d02cf19aaa,TKN_0bf82f387d5797c9,h*****@example.org,******4915,40-50,High (>5000)
TXN000673,CUST0055,2701.55,2026-02-26,POS-Store,TKN_be498cd0059bbd26,TKN_4040e44600b8c6e5,b***********@example.org,******8317,30-40,Medium (1000-5000)
TXN000674,CUST0125,2483.78,2026-08-02,E-Commerce,TKN_c222900bcb320c6d,TKN_87ab5900644c0ccf,g*******@example.com,******2569,50-60,Medium (1000-5000)
TXN000675,CUST0058,5682.82,2026-04-09,E-Commerce,TKN_7f3b08965c78cc43,TKN_17c42fb152dc317e,c**********@example.org,******7377,30-40,High (>5000)
TXN000676,CUST0040,14837.9,2026-03-06,E-Commerce,TKN_a5cab5710766b1fa,TKN_eb893afbcf7366f2,p**********@example.net,******5009,30-40,High (>5000)
TXN000677,CUST0076,3900.31,2026-03-26,E-Commerce,TKN_9751a3af27e523ce,TKN_8730be88bab81e71,j*****@example.org,********5853,40-50,Medium (1000-5000)
TXN000678,CUST0130,4492.82,2026-05-20,E-Commerce,TKN_259c992d7d1e5791,TKN_e9c798efa234aca8,d*************@example.org,******2762,60+,Medium (1000-5000)
TXN000679,CUST0170,12169.83,2026-08-04,POS-Store,TKN_8f1266eaa0589056,TKN_a4f00b2f6417bb01,r******@example.com,*****3606,60+,High (>5000)
TXN000680,CUST0159,612.14,2026-07-16,E-Commerce,TKN_15da5e0d38d0e03a,TKN_6cfe33d99279a63d,b*********@example.com,********7531,25-30,Low (<1000)
TXN000681,CUST0153,8582.05,2026-04-20,POS-Store,TKN_9c6bcd6e5e6606a1,TKN_0e977db0ab634926,h*********@example.org,******7991,50-60,High (>5000)
TXN000682,CUST0040,3525.61,2026-03-21,E-Commerce,TKN_a5cab5710766b1fa,TKN_c833c5ac1655d5d4,p**********@example.net,******5009,30-40,Medium (1000-5000)
TXN000683,CUST0047,1526.14,2026-08-01,E-Commerce,TKN_40b214c4d7542cdc,TKN_6f92c14d76ef5edf,u************@example.net,********3063,40-50,Medium (1000-5000)
TXN000684,CUST0113,4635.22,2026-05-27,E-Commerce,TKN_713af52201aed71c,TKN_c323aba346e9fff6,a***********@example.com,********3963,40-50,Medium (1000-5000)
TXN000685,CUST0106,275.43,2026-05-27,POS-Store,TKN_5bd354b37d231ae1,TKN_fc59c859bd2e8e62,c***********@example.net,*****5846,18-25,Low (<1000)
TXN000686,CUST0174,8077.43,2026-02-18,E-Commerce,TKN_020a4014a4b520c2,TKN_1b6f4e0c01e99f6a,t************@example.org,********8258,30-40,High (>5000)
TXN000687,CUST0114,13369.23,2026-02-28,POS-Store,TKN_bf533f57e79ad8ff,TKN_d2d93a48a3c93bf6,s***********@example.org,******4926,25-30,High (>5000)
TXN000688,CUST0115,876.34,2026-04-28,E-Commerce,TKN_3cc9c98ae51a448e,TKN_e1daf6c4b1a8c14b,z***@example.com,******4452,50-60,Low (<1000)
TXN000689,CUST0137,3058.75,2026-06-26,E-Commerce,TKN_00e902eb41c31f6a,TKN_55becb77a4925bda,s******@example.com,********7898,40-50,Medium (1000-5000)
TXN000690,CUST0080,3371.21,2026-06-23,POS-Store,TKN_83c4a6d02cf19aaa,TKN_16f472c85f1b8ebe,h*****@example.org,******4915,40-50,Medium (1000-5000)
TXN000691,CUST0050,421.14,2026-05-08,POS-Store,TKN_2da03ddb996d3888,TKN_3d117333740cee8d,p**************@example.net,********6220,40-50,Low (<1000)
TXN000692,CUST0174,9389.01,2026-04-08,POS-Store,TKN_020a4014a4b520c2,TKN_86020c8c4ac857a0,t************@example.org,********8258,30-40,High (>5000)
TXN000693,CUST0119,2300.44,2026-03-08,POS-Store,TKN_386ab2df4172a913,TKN_a1d9d090e854f922,w******@example.net,******2226,18-25,Medium (1000-5000)
TXN000694,CUST0098,1523.36,2026-05-08,POS-Store,TKN_fd8819ba886d4612,TKN_34689b094c87c9be,m*******@example.com,********7799,50-60,Medium (1000-5000)
TXN000695,CUST0042,12714.97,2026-04-30,E-Commerce,TKN_3070ced519749549,TKN_8e668a48d0f7d98e,a**********@example.org,******8665,40-50,High (>5000)
TXN000696,CUST0155,119.75,2026-03-04,E-Commerce,TKN_ad553317eddf432a,TKN_300b0ac976b2066a,f*********@example.net,******6049,30-40,Low (<1000)
TXN000697,CUST0065,543.27,2026-04-06,E-Commerce,TKN_fc015c153538c737,TKN_a29131e134f49c45,t***@example.org,******3403,50-60,Low (<1000)
TXN000698,CUST0165,4314.7,2026-06-26,POS-Store,TKN_fe8d878d6db2bcbd,TKN_e19c4cc06204c630,s***********@example.com,******2465,60+,Medium (1000-5000)
TXN000699,CUST0096,1994.61,2026-03-26,E-Commerce,TKN_37cc59cab29b8ec0,TKN_b16eed88ea9270bc,v**********@example.org,********7792,60+,Medium (1000-5000)
TXN000700,CUST0133,3826.4,2026-02-24,E-Commerce,TKN_373300f1bacd3921,TKN_b7889135ebb89116,y*****@example.net,********0610,60+,Medium (1000-5000)
TXN000701,CUST0073,209.07,2026-06-11,E-Commerce,TKN_8031cc1e99b326d3,TKN_bfd7d5798f170d4d,a**********@example.com,******0896,60+,Low (<1000)
TXN000702,CUST0042,748.85,2026-04-09,POS-Store,TKN_3070ced519749549,TKN_35e011d571caf2c5,a**********@example.org,******8665,40-50,Low (<1000)
TXN000703,CUST0116,2898.05,2026-05-04,E-Commerce,TKN_dd4777db274398d1,TKN_2e25f49498bb0e42,m*********@example.net,******8174,25-30,Medium (1000-5000)
TXN000704,CUST0112,18696.59,2026-03-05,E-Commerce,TKN_a35ac6fe46a11953,TKN_1195e89c30bd6679,e******@example.com,********3351,50-60,High (>5000)
TXN000705,CUST0057,4472.22,2026-07-22,POS-Store,TKN_0e61a6d384c92470,TKN_19e685fc25ec813e,m********@example.net,******2796,30-40,Medium (1000-5000)
TXN000706,CUST0090,156.21,2026-07-14,E-Commerce,TKN_a026b0c89975d179,TKN_2acc11c1eeaa734f,n*******@example.net,********7348,30-40,Low (<1000)
TXN000707,CUST0107,104.18,2026-06-02,E-Commerce,TKN_c9b41080bfe64ec1,TKN_71c15e02ba022b66,j*****@example.com,******5366,40-50,Low (<1000)
TXN000708,CUST0102,4745.49,2026-07-08,POS-Store,TKN_9c93b62d0fc4868c,TKN_c3e7e0c4088b007c,i*******@example.net,********6400,60+,Medium (1000-5000)
TXN000709,CUST0061,165.88,2026-04-21,POS-Store,TKN_c442a4d82a49e586,TKN_6dcb0ddfcbed3fb9,s***********@example.net,********8364,60+,Low (<1000)
TXN000710,CUST0021,4734.57,2026-05-18,POS-Store,TKN_1035b3f2d5a582ef,TKN_ca1d2d580b810e9c,u******@example.org,******4548,40-50,Medium (1000-5000)
TXN000711,CUST0058,531.37,2026-07-03,E-Commerce,TKN_7f3b08965c78cc43,TKN_d5689b9a3d7fad2a,c**********@example.org,******7377,30-40,Low (<1000)
TXN000712,CUST0082,190.78,2026-07-26,E-Commerce,TKN_07a7a6d6f445dad4,TKN_1a38a647c749a610,g********@example.net,********7625,30-40,Low (<1000)
TXN000713,CUST0167,21407.05,2026-04-22,POS-Store,TKN_aa92ca2b152af7dd,TKN_93704e5214ad4408,d************@example.com,******5844,40-50,High (>5000)
TXN000714,CUST0038,953.27,2026-07-09,E-Commerce,TKN_96c7a87ae58e9eb2,TKN_39a842a360b222cd,s**********@example.net,******1862,25-30,Low (<1000)
TXN000715,CUST0010,4470.81,2026-06-14,POS-Store,TKN_6d706890c91d9898,TKN_c41e97efdeaeeb7b,p**********@example.org,******5521,60+,Medium (1000-5000)
TXN000716,CUST0121,3061.87,2026-04-30,E-Commerce,TKN_33704defc6d45e3c,TKN_2b5ae77513e961fe,s*********@example.com,********8081,18-25,Medium (1000-5000)
TXN000717,CUST0121,3666.79,2026-02-27,POS-Store,TKN_33704defc6d45e3c,TKN_446c64de68143dcb,s*********@example.com,********8081,18-25,Medium (1000-5000)
TXN000718,CUST0158,78.44,2026-05-14,E-Commerce,TKN_0365e1a512f3cb35,TKN_37b3a4b21246601b,k*******@example.org,******0151,18-25,Low (<1000)
TXN000719,CUST0021,718.74,2026-03-02,E-Commerce,TKN_1035b3f2d5a582ef,TKN_221fb3dd51dc49a4,u******@example.org,******4548,40-50,Low (<1000)
TXN000720,CUST0066,689.09,2026-07-01,E-Commerce,TKN_8965bc9f0a1dbf41,TKN_f938bbd84f1a06a9,j******@example.org,******0837,25-30,Low (<1000)
TXN000721,CUST0039,6597.22,2026-04-18,POS-Store,TKN_ebabe0bc4e3e6451,TKN_0ddeb24f27db77dd,m***********@example.com,********2514,50-60,High (>5000)
TXN000722,CUST0029,2774.56,2026-02-25,POS-Store,TKN_31c8d748d4b0573e,TKN_3f8ad388f3534588,l**********@example.org,********7820,30-40,Medium (1000-5000)
TXN000723,CUST0061,8012.37,2026-06-26,POS-Store,TKN_c442a4d82a49e586,TKN_1eb76eb3c8a81e63,s***********@example.net,********8364,60+,High (>5000)
TXN000724,CUST0032,4351.62,2026-07-27,E-Commerce,TKN_27b7c673d7f38e67,TKN_23cbf6950bbddefd,k********@example.org,********6147,30-40,Medium (1000-5000)
TXN000725,CUST0062,16615.53,2026-04-10,POS-Store,TKN_5b6714eeca1617d9,TKN_c7bd2c60d182a439,p******@example.net,******5304,50-60,High (>5000)
TXN000726,CUST0164,3470.77,2026-06-18,POS-Store,TKN_b6f0725ff14006d6,TKN_ccf97445c3ad4ece,e*******@example.org,******2067,30-40,Medium (1000-5000)
TXN000727,CUST0017,14700.8,2026-05-24,E-Commerce,TKN_1c5cd2cba6a4661f,TKN_b527de03a94ec2a7,w*********@example.net,********2770,50-60,High (>5000)
TXN000728,CUST0128,933.47,2026-05-09,E-Commerce,TKN_61375167caaab231,TKN_2ddf779dc4074d71,t*******@example.com,********7635,50-60,Low (<1000)
TXN000729,CUST0162,3705.38,2026-06-11,E-Commerce,TKN_ee8788d433fc184e,TKN_5587c20e6d47c77e,m*****@example.org,******3914,40-50,Medium (1000-5000)
TXN000730,CUST0037,675.28,2026-07-11,POS-Store,TKN_aae82de22859f53b,TKN_1b1191d225e60c90,j*********@example.com,********1986,60+,Low (<1000)
TXN000731,CUST0110,3604.28,2026-03-20,E-Commerce,TKN_4ee6f5f3ed55227d,TKN_6945b01ee7e69fcb,p********@example.com,******7596,40-50,Medium (1000-5000)
TXN000732,CUST0158,674.3,2026-03-08,POS-Store,TKN_0365e1a512f3cb35,TKN_962bc97a6b90184e,k*******@example.org,******0151,18-25,Low (<1000)
TXN000733,CUST0062,5820.56,2026-07-14,POS-Store,TKN_5b6714eeca1617d9,TKN_88308617e6a01b18,p******@example.net,******5304,50-60,High (>5000)
TXN000734,CUST0048,11918.03,2026-03-03,E-Commerce,TKN_c58ee63d989dacff,TKN_3c409941b54db52a,a*******@example.org,******5839,40-50,High (>5000)
TXN000735,CUST0135,18300.77,2026-05-28,POS-Store,TKN_87086295e47c4ba8,TKN_173854441d66d646,s********@example.org,********5848,30-40,High (>5000)
TXN000736,CUST0018,3953.06,2026-03-04,E-Commerce,TKN_65411a6ae30d0c68,TKN_46ed6e2fe8c9cbdd,v*****************@example.com,********4919,30-40,Medium (1000-5000)
TXN000737,CUST0100,11870.98,2026-04-28,POS-Store,TKN_3d5424c118aa8f57,TKN_436bc6248ac1856d,b**********@example.com,******8750,50-60,High (>5000)
TXN000738,CUST0012,683.55,2026-04-03,POS-Store,TKN_2fd3be28ea70b212,TKN_ed75659e4a35f456,r**********@example.net,******7222,60+,Low (<1000)
TXN000739,CUST0096,4048.38,2026-07-13,POS-Store,TKN_37cc59cab29b8ec0,TKN_c2d5d907994cc865,v**********@example.org,********7792,60+,Medium (1000-5000)
TXN000740,CUST0005,2741.9,2026-06-29,POS-Store,TKN_39570c2847e58ddf,TKN_a1bcd0d3aca49074,s********@example.org,******1589,40-50,Medium (1000-5000)
TXN000741,CUST0018,7044.43,2026-07-07,POS-Store,TKN_65411a6ae30d0c68,TKN_e52cb1d5386d2aeb,v*****************@example.com,********4919,30-40,High (>5000)
TXN000742,CUST0062,1023.03,2026-04-07,E-Commerce,TKN_5b6714eeca1617d9,TKN_e7ab904ac87161a1,p******@example.net,******5304,50-60,Medium (1000-5000)
TXN000743,CUST0149,397.77,2026-04-06,POS-Store,TKN_247b358f08af8c57,TKN_276b7edd996eeede,z********@example.net,******4315,40-50,Low (<1000)
TXN000744,CUST0035,3781.17,2026-04-07,E-Commerce,TKN_47df22b0111bbae1,TKN_ee3b7d4c1222cfeb,b*********@example.org,******9608,30-40,Medium (1000-5000)
TXN000745,CUST0091,2794.33,2026-04-14,POS-Store,TKN_0d4cf00f6d4ea984,TKN_13857feaefb4d9bb,k******@example.com,******1388,30-40,Medium (1000-5000)
TXN000746,CUST0165,404.22,2026-05-08,E-Commerce,TKN_fe8d878d6db2bcbd,TKN_46a477b6b37ca915,s***********@example.com,******2465,60+,Low (<1000)
TXN000747,CUST0176,119.46,2026-08-04,POS-Store,TKN_7b769d3956b2b5a1,TKN_58fbcb4cb3e0d7cd,t******@example.org,******2598,18-25,Low (<1000)
TXN000748,CUST0179,3672.18,2026-04-03,POS-Store,TKN_45c6731875b8ce3b,TKN_c475bee500b4cc0c,e*******@example.org,********0629,25-30,Medium (1000-5000)
TXN000749,CUST0162,2853.51,2026-06-13,E-Commerce,TKN_ee8788d433fc184e,TKN_9cd99d2f9702cfbb,m*****@example.org,******3914,40-50,Medium (1000-5000)
TXN000750,CUST0035,4452.47,2026-06-16,E-Commerce,TKN_47df22b0111bbae1,TKN_0f2f2e5a12312254,b*********@example.org,******9608,30-40,Medium (1000-5000)
TXN000751,CUST0118,2916.25,2026-02-15,E-Commerce,TKN_40411bc7d87e7c95,TKN_45c992ff9adc317f,s************@example.org,******7540,40-50,Medium (1000-5000)
TXN000752,CUST0076,373.84,2026-04-10,E-Commerce,TKN_9751a3af27e523ce,TKN_e487c4cc20c71aaf,j*****@example.org,********5853,40-50,Low (<1000)
TXN000753,CUST0012,2594.89,2026-04-02,E-Commerce,TKN_2fd3be28ea70b212,TKN_e2a2b350bdd19d3a,r**********@example.net,******7222,60+,Medium (1000-5000)
TXN000754,CUST0011,3133.88,2026-04-27,POS-Store,TKN_b98c169efb30ef0d,TKN_5944e65157962898,k*******@example.com,********0686,60+,Medium (1000-5000)
TXN000755,CUST0080,4058.77,2026-07-16,POS-Store,TKN_83c4a6d02cf19aaa,TKN_c2f3cb63e4c187a6,h*****@example.org,******4915,40-50,Medium (1000-5000)
TXN000756,CUST0140,17208.37,2026-08-10,POS-Store,TKN_897f5c3970c94481,TKN_9768c1cd131c4c57,p*********@example.net,********7115,60+,High (>5000)
TXN000757,CUST0065,5310.94,2026-07-11,E-Commerce,TKN_fc015c153538c737,TKN_8238269d00423812,t***@example.org,******3403,50-60,High (>5000)
TXN000758,CUST0166,57.18,2026-06-21,E-Commerce,TKN_7a9ba4dc0ab140bb,TKN_a198a26edc761240,s********@example.com,******0514,40-50,Low (<1000)
TXN000759,CUST0074,4591.22,2026-05-06,POS-Store,TKN_6665311710d3d246,TKN_1c2d6273dd424c57,c**************@example.org,******5503,40-50,Medium (1000-5000)
TXN000760,CUST0013,929.76,2026-07-09,POS-Store,TKN_d9713c91a13eb55b,TKN_8f53765b2aa8e902,b********@example.com,********7451,40-50,Low (<1000)
TXN000761,CUST0070,936.78,2026-07-03,E-Commerce,TKN_d71552f4daab6b6a,TKN_f459c42212b0f565,w*********@example.net,******5811,30-40,Low (<1000)
TXN000762,CUST0095,1405.58,2026-03-30,POS-Store,TKN_82a99779fb2f0945,TKN_e0efcb94ed211520,c***********@example.net,******5208,18-25,Medium (1000-5000)
TXN000763,CUST0103,2026.85,2026-08-07,POS-Store,TKN_fb2f34fc242efea5,TKN_d596b3791e02cd09,o***@example.com,******0028,30-40,Medium (1000-5000)
TXN000764,CUST0099,341.62,2026-07-13,POS-Store,TKN_07959ce6ebbc2ed6,TKN_4e1d44d0d9419e38,f*********@example.com,******5744,50-60,Low (<1000)
TXN000765,CUST0048,3156.11,2026-07-20,POS-Store,TKN_c58ee63d989dacff,TKN_00793f4a72d71090,a*******@example.org,******5839,40-50,Medium (1000-5000)
TXN000766,CUST0178,629.21,2026-07-21,POS-Store,TKN_82ad589a0b4dbd0f,TKN_a7cf6a32dedcc28e,r**********@example.net,******7548,40-50,Low (<1000)
TXN000767,CUST0095,2090.22,2026-04-30,POS-Store,TKN_82a99779fb2f0945,TKN_9ac27aa84ae45403,c***********@example.net,******5208,18-25,Medium (1000-5000)
TXN000768,CUST0022,1487.42,2026-04-08,POS-Store,TKN_a0394493f63ba420,TKN_6694c1f5d1701387,i****@example.net,******3950,60+,Medium (1000-5000)
TXN000769,CUST0021,696.38,2026-07-11,POS-Store,TKN_1035b3f2d5a582ef,TKN_1f653ad622ffbf2d,u******@example.org,******4548,40-50,Low (<1000)
TXN000770,CUST0155,548.38,2026-02-12,E-Commerce,TKN_ad553317eddf432a,TKN_5ecd3dafa9438dda,f*********@example.net,******6049,30-40,Low (<1000)
TXN000771,CUST0140,1427.4,2026-07-30,POS-Store,TKN_897f5c3970c94481,TKN_11e32538f57926a7,p*********@example.net,********7115,60+,Medium (1000-5000)
TXN000772,CUST0083,2025.99,2026-06-26,E-Commerce,TKN_314555473ae01724,TKN_0037be01671fec41,a*****@example.com,******5929,25-30,Medium (1000-5000)
TXN000773,CUST0021,13220.79,2026-03-18,POS-Store,TKN_1035b3f2d5a582ef,TKN_3417dbd58902f74b,u******@example.org,******4548,40-50,High (>5000)
TXN000774,CUST0170,3200.36,2026-07-28,POS-Store,TKN_8f1266eaa0589056,TKN_5ce86b953887af52,r******@example.com,*****3606,60+,Medium (1000-5000)
TXN000775,CUST0079,650.86,2026-03-05,POS-Store,TKN_01a9f5096d533e2e,TKN_28fbdd94308cf51c,m******@example.net,********8014,40-50,Low (<1000)
TXN000776,CUST0155,15227.8,2026-05-28,POS-Store,TKN_ad553317eddf432a,TKN_cfce9312f468ec96,f*********@example.net,******6049,30-40,High (>5000)
TXN000777,CUST0043,20031.63,2026-07-03,POS-Store,TKN_4d6bf43c78bea2f8,TKN_09c2325219d6d2b3,u********@example.org,******7284,30-40,High (>5000)
TXN000778,CUST0090,251.23,2026-07-11,POS-Store,TKN_a026b0c89975d179,TKN_b85a302fcb966c6b,n*******@example.net,********7348,30-40,Low (<1000)
TXN000779,CUST0011,2643.7,2026-07-17,POS-Store,TKN_b98c169efb30ef0d,TKN_40f13e5cafae81fc,k*******@example.com,********0686,60+,Medium (1000-5000)
TXN000780,CUST0158,20300.49,2026-05-29,POS-Store,TKN_0365e1a512f3cb35,TKN_f27e64aa5d8f4515,k*******@example.org,******0151,18-25,High (>5000)
TXN000781,CUST0071,1947.25,2026-07-12,E-Commerce,TKN_7496a150e6b0b83f,TKN_ad78ec70ed5a31c4,y********@example.com,******9705,60+,Medium (1000-5000)
TXN000782,CUST0020,2098.95,2026-04-26,POS-Store,TKN_5d9100377e1e5ff0,TKN_9dd98475953f75da,b**************@example.org,******6478,25-30,Medium (1000-5000)
TXN000783,CUST0094,12204.13,2026-07-19,E-Commerce,TKN_d73cecef69c7eff2,TKN_7ef8f26c0c954da8,e*******@example.org,********6015,18-25,High (>5000)
TXN000784,CUST0008,1382.05,2026-02-14,E-Commerce,TKN_69334367de02d718,TKN_c6a258bd1c48ae45,m****@example.com,********6486,60+,Medium (1000-5000)
TXN000785,CUST0156,2806.62,2026-06-23,POS-Store,TKN_0ec66fb9c501718b,TKN_ad9c922517417674,o************@example.net,******6222,30-40,Medium (1000-5000)
TXN000786,CUST0009,1671.89,2026-04-29,E-Commerce,TKN_1f94baae86e43715,TKN_c568a778f3aea026,p*********@example.com,******6905,30-40,Medium (1000-5000)
TXN000787,CUST0018,4450.33,2026-06-29,E-Commerce,TKN_65411a6ae30d0c68,TKN_af680441a3f0957f,v*****************@example.com,********4919,30-40,Medium (1000-5000)
TXN000788,CUST0166,140.83,2026-07-02,POS-Store,TKN_7a9ba4dc0ab140bb,TKN_dc4054b37bd9aee8,s********@example.com,******0514,40-50,Low (<1000)
TXN000789,CUST0093,659.23,2026-02-19,POS-Store,TKN_b7c8d04c85c000f0,TKN_27e354ff76a7c031,q****@example.com,******5819,50-60,Low (<1000)
TXN000790,CUST0146,3186.24,2026-05-14,E-Commerce,TKN_6d4b81a3d5bdaaf6,TKN_a9aca00f94c270c8,k*************@example.org,********7459,50-60,Medium (1000-5000)
TXN000791,CUST0155,420.97,2026-07-23,E-Commerce,TKN_ad553317eddf432a,TKN_c7f7c08942c6b5a6,f*********@example.net,******6049,30-40,Low (<1000)
TXN000792,CUST0174,2986.57,2026-06-17,POS-Store,TKN_020a4014a4b520c2,TKN_164abd6d4187833a,t************@example.org,********8258,30-40,Medium (1000-5000)
TXN000793,CUST0095,7320.34,2026-05-02,POS-Store,TKN_82a99779fb2f0945,TKN_834b97ff8aa2e16d,c***********@example.net,******5208,18-25,High (>5000)
TXN000794,CUST0114,2616.87,2026-07-08,E-Commerce,TKN_bf533f57e79ad8ff,TKN_f876c6260ea775dd,s***********@example.org,******4926,25-30,Medium (1000-5000)
TXN000795,CUST0147,3869.67,2026-04-21,E-Commerce,TKN_2a399f1cf39ed793,TKN_48a42d8cd397b8e0,d*****@example.net,******4746,25-30,Medium (1000-5000)
TXN000796,CUST0136,4964.03,2026-07-16,POS-Store,TKN_87f69129cdc1802d,TKN_a62e5f2a559ec317,r*****@example.com,********8556,40-50,Medium (1000-5000)
TXN000797,CUST0102,148.8,2026-06-10,POS-Store,TKN_9c93b62d0fc4868c,TKN_41b8dac62d1d1ae0,i*******@example.net,********6400,60+,Low (<1000)
TXN000798,CUST0167,3312.97,2026-06-03,POS-Store,TKN_aa92ca2b152af7dd,TKN_95150a822ff5598a,d************@example.com,******5844,40-50,Medium (1000-5000)
TXN000799,CUST0064,125.37,2026-03-22,E-Commerce,TKN_0f45a74fd36c2be4,TKN_0248866f707f7399,s***********@example.net,********1388,40-50,Low (<1000)
TXN000800,CUST0007,898.59,2026-07-03,E-Commerce,TKN_1451ce60162f6f3c,TKN_25839c71a8cb0079,e*******@example.org,********8538,50-60,Low (<1000)
TXN000801,CUST0128,356.88,2026-08-02,POS-Store,TKN_61375167caaab231,TKN_9c72f4ca94d55a43,t*******@example.com,********7635,50-60,Low (<1000)
TXN000802,CUST0144,386.89,2026-06-07,E-Commerce,TKN_d24e5267327efc81,TKN_d68186ea2bfc7e0d,s***************@example.com,********7507,18-25,Low (<1000)
TXN000803,CUST0068,542.59,2026-04-11,POS-Store,TKN_d70f0b058b5674f3,TKN_ff6bd6414e2c9e97,z********@example.com,********9610,40-50,Low (<1000)
TXN000804,CUST0115,809.54,2026-05-18,E-Commerce,TKN_3cc9c98ae51a448e,TKN_724dec5ecbcee01e,z***@example.com,******4452,50-60,Low (<1000)
TXN000805,CUST0157,562.47,2026-03-29,POS-Store,TKN_334c0e0e831d9a32,TKN_e657a67c94a38a07,c******@example.net,******6436,25-30,Low (<1000)
TXN000806,CUST0178,16065.26,2026-02-12,POS-Store,TKN_82ad589a0b4dbd0f,TKN_2e8bd8be9cb6b6fd,r**********@example.net,******7548,40-50,High (>5000)
TXN000807,CUST0052,2297.01,2026-04-17,E-Commerce,TKN_6aa51b48cc6a210d,TKN_fa676996d5525d5a,n*****@example.net,********7741,30-40,Medium (1000-5000)
TXN000808,CUST0035,3677.28,2026-05-05,E-Commerce,TKN_47df22b0111bbae1,TKN_29fdfdc314677ee7,b*********@example.org,******9608,30-40,Medium (1000-5000)
TXN000809,CUST0116,16251.6,2026-07-18,E-Commerce,TKN_dd4777db274398d1,TKN_b265d47403679889,m*********@example.net,******8174,25-30,High (>5000)
TXN000810,CUST0114,3921.87,2026-04-20,E-Commerce,TKN_bf533f57e79ad8ff,TKN_e32a73752bef1ecb,s***********@example.org,******4926,25-30,Medium (1000-5000)
TXN000811,CUST0175,1240.51,2026-04-09,POS-Store,TKN_8c01332da8c5e3d9,TKN_d6b9a649e41d805f,t**********@example.com,******8247,60+,Medium (1000-5000)
TXN000812,CUST0171,4829.54,2026-02-13,POS-Store,TKN_641a41794957c8a7,TKN_cafa68447f6c6ba3,o****@example.net,******5455,40-50,Medium (1000-5000)
TXN000813,CUST0017,704.81,2026-07-24,POS-Store,TKN_1c5cd2cba6a4661f,TKN_68875677eaf08543,w*********@example.net,********2770,50-60,Low (<1000)
TXN000814,CUST0077,558.5,2026-02-13,E-Commerce,TKN_860432528c83016b,TKN_e382d70bf8000a02,b*******@example.net,******3704,60+,Low (<1000)
TXN000815,CUST0180,477.4,2026-03-30,E-Commerce,TKN_3679263b862f5345,TKN_28bea600ff3dfbbe,t***@example.com,******2214,40-50,Low (<1000)
TXN000816,CUST0093,2389.94,2026-03-28,E-Commerce,TKN_b7c8d04c85c000f0,TKN_5207189ced19150b,q****@example.com,******5819,50-60,Medium (1000-5000)
TXN000817,CUST0032,4181.0,2026-03-27,E-Commerce,TKN_27b7c673d7f38e67,TKN_1f3765a3471841e2,k********@example.org,********6147,30-40,Medium (1000-5000)
TXN000818,CUST0036,8989.68,2026-05-03,E-Commerce,TKN_98e523159fc2da14,TKN_b27a9db8f557f828,s**********@example.org,******4160,40-50,High (>5000)
TXN000819,CUST0127,1609.51,2026-02-14,E-Commerce,TKN_20e3a19547514bbe,TKN_faaf34158f07c554,m*****************@example.net,******9752,30-40,Medium (1000-5000)
TXN000820,CUST0093,20759.09,2026-02-20,POS-Store,TKN_b7c8d04c85c000f0,TKN_11bbaabf89075acd,q****@example.com,******5819,50-60,High (>5000)
TXN000821,CUST0120,4367.29,2026-06-28,E-Commerce,TKN_9b83aeea1ac334eb,TKN_3eda3136438ded7a,z*****@example.org,******3880,50-60,Medium (1000-5000)
TXN000822,CUST0157,3493.72,2026-06-30,E-Commerce,TKN_334c0e0e831d9a32,TKN_d64bec58a043044f,c******@example.net,******6436,25-30,Medium (1000-5000)
TXN000823,CUST0017,766.75,2026-05-31,POS-Store,TKN_1c5cd2cba6a4661f,TKN_cd17307cb0333fa6,w*********@example.net,********2770,50-60,Low (<1000)
TXN000824,CUST0102,833.94,2026-03-13,POS-Store,TKN_9c93b62d0fc4868c,TKN_3338c8aff52d6754,i*******@example.net,********6400,60+,Low (<1000)
TXN000825,CUST0135,3834.27,2026-02-13,POS-Store,TKN_87086295e47c4ba8,TKN_029fad5881e7f4ad,s********@example.org,********5848,30-40,Medium (1000-5000)
TXN000826,CUST0105,337.67,2026-07-04,E-Commerce,TKN_1049cfa9de088ced,TKN_4f6074ce8d77efea,k*********@example.org,******2637,25-30,Low (<1000)
TXN000827,CUST0033,391.77,2026-04-06,POS-Store,TKN_bd80716051ec6686,TKN_e9330347f6bf5425,p****@example.net,******6156,50-60,Low (<1000)
TXN000828,CUST0165,939.17,2026-03-25,E-Commerce,TKN_fe8d878d6db2bcbd,TKN_92798c591ff8099e,s***********@example.com,******2465,60+,Low (<1000)
TXN000829,CUST0116,2221.79,2026-02-26,POS-Store,TKN_dd4777db274398d1,TKN_f053c46130d14821,m*********@example.net,******8174,25-30,Medium (1000-5000)
TXN000830,CUST0175,2788.36,2026-05-17,POS-Store,TKN_8c01332da8c5e3d9,TKN_dda4ff1c167d755c,t**********@example.com,******8247,60+,Medium (1000-5000)
TXN000831,CUST0033,3062.2,2026-07-21,E-Commerce,TKN_bd80716051ec6686,TKN_3a6990ba1056d23a,p****@example.net,******6156,50-60,Medium (1000-5000)
TXN000832,CUST0034,13448.88,2026-05-10,POS-Store,TKN_cd63bd23b7abd508,TKN_1fc91ed162ce0d6b,a******@example.com,********9210,30-40,High (>5000)
TXN000833,CUST0129,19474.37,2026-05-16,E-Commerce,TKN_38d103afa21398ca,TKN_83373c57c05e66cd,b*********@example.com,********7024,18-25,High (>5000)
TXN000834,CUST0032,933.13,2026-05-08,E-Commerce,TKN_27b7c673d7f38e67,TKN_4e394de172b3bcc1,k********@example.org,********6147,30-40,Low (<1000)
TXN000835,CUST0078,825.76,2026-05-28,E-Commerce,TKN_21cd9c7cfe587667,TKN_c066c9a6cf6b4b7d,j*******@example.com,******9397,40-50,Low (<1000)
TXN000836,CUST0042,4511.02,2026-06-18,POS-Store,TKN_3070ced519749549,TKN_490de590a97d4ec4,a**********@example.org,******8665,40-50,Medium (1000-5000)
TXN000837,CUST0058,18700.93,2026-08-10,POS-Store,TKN_7f3b08965c78cc43,TKN_43237a95a7927167,c**********@example.org,******7377,30-40,High (>5000)
TXN000838,CUST0133,2218.41,2026-07-15,POS-Store,TKN_373300f1bacd3921,TKN_f4f50f753a6c93f3,y*****@example.net,********0610,60+,Medium (1000-5000)
TXN000839,CUST0021,432.43,2026-04-18,POS-Store,TKN_1035b3f2d5a582ef,TKN_fda74e893fc9ad4c,u******@example.org,******4548,40-50,Low (<1000)
TXN000840,CUST0051,709.51,2026-08-03,POS-Store,TKN_46f0cc7e92629d54,TKN_28eefec4624ee91d,a*****@example.net,******5381,50-60,Low (<1000)
TXN000841,CUST0033,4901.47,2026-08-01,POS-Store,TKN_bd80716051ec6686,TKN_397dad0132db2bbb,p****@example.net,******6156,50-60,Medium (1000-5000)
TXN000842,CUST0158,4289.1,2026-03-18,E-Commerce,TKN_0365e1a512f3cb35,TKN_a726272fb9ab329c,k*******@example.org,******0151,18-25,Medium (1000-5000)
TXN000843,CUST0129,868.05,2026-03-15,E-Commerce,TKN_38d103afa21398ca,TKN_5868fdff187f7796,b*********@example.com,********7024,18-25,Low (<1000)
TXN000844,CUST0152,13280.57,2026-05-10,E-Commerce,TKN_f138ba45b8ce64b4,TKN_76cbd3f05becf7db,m*********@example.org,********3493,40-50,High (>5000)
TXN000845,CUST0044,4058.47,2026-05-13,POS-Store,TKN_e4555141b26b9b02,TKN_63f90a104b8f8c9f,j********@example.com,******0753,50-60,Medium (1000-5000)
TXN000846,CUST0145,526.94,2026-04-15,E-Commerce,TKN_cb6ebd8c1b3d3d46,TKN_f486ddf226048210,r*********@example.net,******9188,50-60,Low (<1000)
TXN000847,CUST0008,1585.35,2026-06-14,E-Commerce,TKN_69334367de02d718,TKN_e740c406ac3629a5,m****@example.com,********6486,60+,Medium (1000-5000)
TXN000848,CUST0012,1272.62,2026-08-07,POS-Store,TKN_2fd3be28ea70b212,TKN_8c95aab811f8c06d,r**********@example.net,******7222,60+,Medium (1000-5000)
TXN000849,CUST0167,178.27,2026-08-06,E-Commerce,TKN_aa92ca2b152af7dd,TKN_c2b56d6fa478577c,d************@example.com,******5844,40-50,Low (<1000)
TXN000850,CUST0147,14342.45,2026-07-17,POS-Store,TKN_2a399f1cf39ed793,TKN_5788723cfa0b0bae,d*****@example.net,******4746,25-30,High (>5000)
TXN000851,CUST0159,12353.03,2026-04-12,E-Commerce,TKN_15da5e0d38d0e03a,TKN_38d31721e63f28c5,b*********@example.com,********7531,25-30,High (>5000)
TXN000852,CUST0128,530.33,2026-06-30,POS-Store,TKN_61375167caaab231,TKN_45c79fc2a0ce519e,t*******@example.com,********7635,50-60,Low (<1000)
TXN000853,CUST0165,1422.55,2026-02-24,POS-Store,TKN_fe8d878d6db2bcbd,TKN_5e3c82a317fd8b67,s***********@example.com,******2465,60+,Medium (1000-5000)
TXN000854,CUST0124,1863.94,2026-05-26,E-Commerce,TKN_d761c08dfcc1b7dd,TKN_b6335d9bbfd52165,s*******@example.net,********3546,18-25,Medium (1000-5000)
TXN000855,CUST0176,3600.15,2026-05-04,POS-Store,TKN_7b769d3956b2b5a1,TKN_155f502db2b49806,t******@example.org,******2598,18-25,Medium (1000-5000)
TXN000856,CUST0077,108.22,2026-07-24,POS-Store,TKN_860432528c83016b,TKN_93134e79bc5f0065,b*******@example.net,******3704,60+,Low (<1000)
TXN000857,CUST0019,2838.74,2026-03-16,E-Commerce,TKN_c4da7b3e09b3239c,TKN_9a008ef2c5b96404,a*****@example.org,********7091,40-50,Medium (1000-5000)
TXN000858,CUST0041,994.13,2026-07-04,POS-Store,TKN_dc68f9d480a60fd2,TKN_a1d7f969ad7fc458,b*********@example.org,*****8999,60+,Low (<1000)
TXN000859,CUST0107,709.59,2026-06-06,POS-Store,TKN_c9b41080bfe64ec1,TKN_fce12f89198f7d80,j*****@example.com,******5366,40-50,Low (<1000)
TXN000860,CUST0119,9066.82,2026-05-25,E-Commerce,TKN_386ab2df4172a913,TKN_954e751e42b50d3e,w******@example.net,******2226,18-25,High (>5000)
TXN000861,CUST0088,165.19,2026-03-09,E-Commerce,TKN_1c7d32197ab3de98,TKN_68a5605f7d5fab17,c*****@example.com,******1574,40-50,Low (<1000)
TXN000862,CUST0081,145.89,2026-06-24,POS-Store,TKN_bd768ff988433936,TKN_6337afd04755ae92,a*************@example.net,******2060,18-25,Low (<1000)
TXN000863,CUST0089,1249.1,2026-03-16,POS-Store,TKN_68263c5cd1116993,TKN_d9679d622092f606,k*****@example.com,********0235,30-40,Medium (1000-5000)
TXN000864,CUST0034,4985.79,2026-04-02,POS-Store,TKN_cd63bd23b7abd508,TKN_675aba818996d425,a******@example.com,********9210,30-40,Medium (1000-5000)
TXN000865,CUST0132,15459.12,2026-07-15,E-Commerce,TKN_92bdaf8ab497e722,TKN_f6ddee86bd3b31be,p*******@example.org,******3502,18-25,High (>5000)
TXN000866,CUST0082,642.08,2026-03-22,E-Commerce,TKN_07a7a6d6f445dad4,TKN_48880027ac8234e7,g********@example.net,********7625,30-40,Low (<1000)
TXN000867,CUST0120,2703.91,2026-05-26,E-Commerce,TKN_9b83aeea1ac334eb,TKN_e057d3bf62744cab,z*****@example.org,******3880,50-60,Medium (1000-5000)
TXN000868,CUST0069,891.39,2026-06-02,POS-Store,TKN_165da5533feb80b5,TKN_4cc4b595a3ac596f,t******@example.com,********4974,40-50,Low (<1000)
TXN000869,CUST0064,1778.3,2026-07-23,E-Commerce,TKN_0f45a74fd36c2be4,TKN_590b498de34cd1a9,s***********@example.net,********1388,40-50,Medium (1000-5000)
TXN000870,CUST0025,2656.1,2026-03-02,E-Commerce,TKN_424e8511ed9109eb,TKN_0a743bf73e1a030c,t**********@example.com,********9958,30-40,Medium (1000-5000)
TXN000871,CUST0075,17471.71,2026-04-17,POS-Store,TKN_818e21437d9a72df,TKN_88a1f07f91c4fa4a,m***********@example.org,******2058,30-40,High (>5000)
TXN000872,CUST0158,1044.11,2026-04-05,POS-Store,TKN_0365e1a512f3cb35,TKN_402b4b6fc7e61cbf,k*******@example.org,******0151,18-25,Medium (1000-5000)
TXN000873,CUST0064,2924.9,2026-08-10,E-Commerce,TKN_0f45a74fd36c2be4,TKN_3b7161e75eae6b18,s***********@example.net,********1388,40-50,Medium (1000-5000)
TXN000874,CUST0084,296.56,2026-07-28,POS-Store,TKN_82315dd82932fbdb,TKN_ac2f7d584c023f87,l*******@example.org,********1522,50-60,Low (<1000)
TXN000875,CUST0049,1548.3,2026-05-13,E-Commerce,TKN_e2abb68ad7e82af5,TKN_f32e26d21e3d11cb,p*********@example.com,********1554,60+,Medium (1000-5000)
TXN000876,CUST0128,1860.59,2026-04-21,POS-Store,TKN_61375167caaab231,TKN_f8dc1d314ce96b1b,t*******@example.com,********7635,50-60,Medium (1000-5000)
TXN000877,CUST0128,278.9,2026-04-06,POS-Store,TKN_61375167caaab231,TKN_e524c4d2de12f0bc,t*******@example.com,********7635,50-60,Low (<1000)
TXN000878,CUST0128,18626.33,2026-07-18,E-Commerce,TKN_61375167caaab231,TKN_e25e2a8cc9c7f71c,t*******@example.com,********7635,50-60,High (>5000)
TXN000879,CUST0024,13294.03,2026-04-18,POS-Store,TKN_501b33fd816e4d39,TKN_3aad4022e390e580,i******@example.net,******6770,30-40,High (>5000)
TXN000880,CUST0130,570.01,2026-06-06,POS-Store,TKN_259c992d7d1e5791,TKN_7c5a7fa5c0e59be7,d*************@example.org,******2762,60+,Low (<1000)
TXN000881,CUST0062,4376.58,2026-02-15,E-Commerce,TKN_5b6714eeca1617d9,TKN_ca8145a66da3780f,p******@example.net,******5304,50-60,Medium (1000-5000)
TXN000882,CUST0150,513.34,2026-04-03,POS-Store,TKN_6f197deae3570d53,TKN_32f04c3b7817601f,e****@example.org,********4068,18-25,Low (<1000)
TXN000883,CUST0013,358.12,2026-04-19,E-Commerce,TKN_d9713c91a13eb55b,TKN_65e01b4b2bad3755,b********@example.com,********7451,40-50,Low (<1000)
TXN000884,CUST0073,2903.6,2026-06-05,POS-Store,TKN_8031cc1e99b326d3,TKN_b087fc61d4c7e78d,a**********@example.com,******0896,60+,Medium (1000-5000)
TXN000885,CUST0153,2577.51,2026-04-07,POS-Store,TKN_9c6bcd6e5e6606a1,TKN_17beaa7d3fae9357,h*********@example.org,******7991,50-60,Medium (1000-5000)
TXN000886,CUST0074,4139.28,2026-04-17,E-Commerce,TKN_6665311710d3d246,TKN_2e378d18c7752460,c**************@example.org,******5503,40-50,Medium (1000-5000)
TXN000887,CUST0028,21240.73,2026-05-11,POS-Store,TKN_e8dc50899b9ddf56,TKN_b3852cd1f224d77b,p*************@example.com,******9024,40-50,High (>5000)
TXN000888,CUST0035,2261.31,2026-07-19,POS-Store,TKN_47df22b0111bbae1,TKN_844f7332284063db,b*********@example.org,******9608,30-40,Medium (1000-5000)
TXN000889,CUST0094,2749.97,2026-08-02,POS-Store,TKN_d73cecef69c7eff2,TKN_d60d3af0b3db09f6,e*******@example.org,********6015,18-25,Medium (1000-5000)
TXN000890,CUST0094,847.99,2026-06-03,E-Commerce,TKN_d73cecef69c7eff2,TKN_0b6dd1295c17484b,e*******@example.org,********6015,18-25,Low (<1000)
TXN000891,CUST0103,905.77,2026-04-11,E-Commerce,TKN_fb2f34fc242efea5,TKN_022ce9a0d2bcde19,o***@example.com,******0028,30-40,Low (<1000)
TXN000892,CUST0146,3548.17,2026-04-20,E-Commerce,TKN_6d4b81a3d5bdaaf6,TKN_1d6fd6a6c24a5ac8,k*************@example.org,********7459,50-60,Medium (1000-5000)
TXN000893,CUST0093,4579.58,2026-03-14,POS-Store,TKN_b7c8d04c85c000f0,TKN_60520b8ac6ad1be7,q****@example.com,******5819,50-60,Medium (1000-5000)
TXN000894,CUST0019,3455.12,2026-02-17,POS-Store,TKN_c4da7b3e09b3239c,TKN_df197fc7bb3a58fa,a*****@example.org,********7091,40-50,Medium (1000-5000)
TXN000895,CUST0130,541.97,2026-08-02,POS-Store,TKN_259c992d7d1e5791,TKN_40966f8cf615e947,d*************@example.org,******2762,60+,Low (<1000)
TXN000896,CUST0141,749.82,2026-05-09,POS-Store,TKN_2010b0ff23b6a774,TKN_087da69ee1f5b787,s*******@example.com,******3231,60+,Low (<1000)
TXN000897,CUST0160,3720.23,2026-04-27,E-Commerce,TKN_dad9864e2c0f0fba,TKN_abeeee3443d97281,r*********@example.org,********2151,50-60,Medium (1000-5000)
TXN000898,CUST0033,130.47,2026-06-07,E-Commerce,TKN_bd80716051ec6686,TKN_ef973c1623944867,p****@example.net,******6156,50-60,Low (<1000)
TXN000899,CUST0101,1288.27,2026-05-01,POS-Store,TKN_50f16e0f19b6905f,TKN_360f3d699767acc5,i******@example.org,******7335,30-40,Medium (1000-5000)
TXN000900,CUST0087,61.49,2026-05-24,POS-Store,TKN_fec91b5161340ec2,TKN_2475bccbb1ced513,d********@example.org,******6418,40-50,Low (<1000)
TXN000901,CUST0037,17537.9,2026-03-06,E-Commerce,TKN_aae82de22859f53b,TKN_120c35442792d6c6,j*********@example.com,********1986,60+,High (>5000)
TXN000902,CUST0155,2185.85,2026-05-08,POS-Store,TKN_ad553317eddf432a,TKN_e294d55e2f117172,f*********@example.net,******6049,30-40,Medium (1000-5000)
TXN000903,CUST0129,4097.84,2026-07-10,E-Commerce,TKN_38d103afa21398ca,TKN_a3b6402c8cbaed74,b*********@example.com,********7024,18-25,Medium (1000-5000)
TXN000904,CUST0012,1740.6,2026-06-15,E-Commerce,TKN_2fd3be28ea70b212,TKN_ed8c7ff805832cbe,r**********@example.net,******7222,60+,Medium (1000-5000)
TXN000905,CUST0036,143.38,2026-02-21,POS-Store,TKN_98e523159fc2da14,TKN_aaf821d257968a43,s**********@example.org,******4160,40-50,Low (<1000)
TXN000906,CUST0122,4056.73,2026-06-15,POS-Store,TKN_d31147b6476ac505,TKN_4aa931be84132364,k********@example.org,********3051,50-60,Medium (1000-5000)
TXN000907,CUST0039,69.88,2026-02-13,E-Commerce,TKN_ebabe0bc4e3e6451,TKN_7e8f77b78351eaed,m***********@example.com,********2514,50-60,Low (<1000)
TXN000908,CUST0084,968.5,2026-05-03,POS-Store,TKN_82315dd82932fbdb,TKN_e50fc8b0e76d4ac2,l*******@example.org,********1522,50-60,Low (<1000)
TXN000909,CUST0042,779.99,2026-03-17,POS-Store,TKN_3070ced519749549,TKN_37ebadca37b548ae,a**********@example.org,******8665,40-50,Low (<1000)
TXN000910,CUST0158,2527.38,2026-06-01,POS-Store,TKN_0365e1a512f3cb35,TKN_f809c49e3c5cef4f,k*******@example.org,******0151,18-25,Medium (1000-5000)
TXN000911,CUST0152,165.2,2026-06-22,POS-Store,TKN_f138ba45b8ce64b4,TKN_5c41a5991e669833,m*********@example.org,********3493,40-50,Low (<1000)
TXN000912,CUST0130,4097.76,2026-04-12,POS-Store,TKN_259c992d7d1e5791,TKN_f8b0b86bb10caaec,d*************@example.org,******2762,60+,Medium (1000-5000)
TXN000913,CUST0145,3120.68,2026-07-27,POS-Store,TKN_cb6ebd8c1b3d3d46,TKN_97e41ee16ca65277,r*********@example.net,******9188,50-60,Medium (1000-5000)
TXN000914,CUST0122,969.1,2026-05-04,E-Commerce,TKN_d31147b6476ac505,TKN_fe49b6cd8df1a0c3,k********@example.org,********3051,50-60,Low (<1000)
TXN000915,CUST0095,2171.0,2026-05-18,POS-Store,TKN_82a99779fb2f0945,TKN_0486755734596c35,c***********@example.net,******5208,18-25,Medium (1000-5000)
TXN000916,CUST0173,15232.39,2026-03-17,E-Commerce,TKN_edb53679e9491831,TKN_9851000c3fae14c5,m*********@example.com,******1975,60+,High (>5000)
TXN000917,CUST0107,3991.54,2026-07-21,POS-Store,TKN_c9b41080bfe64ec1,TKN_925f83f3b874cae3,j*****@example.com,******5366,40-50,Medium (1000-5000)
TXN000918,CUST0177,16160.48,2026-06-16,E-Commerce,TKN_60b7b5180022ed46,TKN_9b0b0e018a298960,u********@example.net,********0174,40-50,High (>5000)
TXN000919,CUST0153,371.02,2026-04-21,POS-Store,TKN_9c6bcd6e5e6606a1,TKN_46eab56b0070c29d,h*********@example.org,******7991,50-60,Low (<1000)
TXN000920,CUST0068,8819.24,2026-08-06,E-Commerce,TKN_d70f0b058b5674f3,TKN_59daebfdb688dd9a,z********@example.com,********9610,40-50,High (>5000)
TXN000921,CUST0014,2727.88,2026-04-09,POS-Store,TKN_38807ce4f881a34e,TKN_7c66fcc03309f7fe,a*********@example.org,********5349,40-50,Medium (1000-5000)
TXN000922,CUST0044,3451.15,2026-07-13,POS-Store,TKN_e4555141b26b9b02,TKN_a554f57c5052bd83,j********@example.com,******0753,50-60,Medium (1000-5000)
TXN000923,CUST0038,9092.54,2026-04-13,E-Commerce,TKN_96c7a87ae58e9eb2,TKN_39d8993930cc5e01,s**********@example.net,******1862,25-30,High (>5000)
TXN000924,CUST0009,237.4,2026-05-07,E-Commerce,TKN_1f94baae86e43715,TKN_5a12dc89033ee0fe,p*********@example.com,******6905,30-40,Low (<1000)
TXN000925,CUST0049,15979.14,2026-05-23,E-Commerce,TKN_e2abb68ad7e82af5,TKN_81bc307ec70d5e6e,p*********@example.com,********1554,60+,High (>5000)
TXN000926,CUST0113,824.33,2026-06-25,POS-Store,TKN_713af52201aed71c,TKN_a19fe41bd9af3139,a***********@example.com,********3963,40-50,Low (<1000)
TXN000927,CUST0108,19390.9,2026-06-11,E-Commerce,TKN_a75104c2fba245d1,TKN_883979298ccdd57d,e*************@example.net,********7051,60+,High (>5000)
TXN000928,CUST0106,9288.85,2026-07-19,E-Commerce,TKN_5bd354b37d231ae1,TKN_dc5cd83b0b5a859e,c***********@example.net,*****5846,18-25,High (>5000)
TXN000929,CUST0106,2841.7,2026-07-31,POS-Store,TKN_5bd354b37d231ae1,TKN_d9d7f3c233d4e91f,c***********@example.net,*****5846,18-25,Medium (1000-5000)
TXN000930,CUST0016,17384.61,2026-07-12,E-Commerce,TKN_c409067cc6af772a,TKN_a15af4f5b4108fab,u********@example.net,******6971,60+,High (>5000)
TXN000931,CUST0133,3623.99,2026-02-14,E-Commerce,TKN_373300f1bacd3921,TKN_dc6ca126086ca8c0,y*****@example.net,********0610,60+,Medium (1000-5000)
TXN000932,CUST0144,567.23,2026-07-01,POS-Store,TKN_d24e5267327efc81,TKN_29b9f41e4eeba956,s***************@example.com,********7507,18-25,Low (<1000)
TXN000933,CUST0170,20935.66,2026-06-30,POS-Store,TKN_8f1266eaa0589056,TKN_dcd8e25d7b50a874,r******@example.com,*****3606,60+,High (>5000)
TXN000934,CUST0135,206.41,2026-08-04,POS-Store,TKN_87086295e47c4ba8,TKN_56558565ed85b8c6,s********@example.org,********5848,30-40,Low (<1000)
TXN000935,CUST0081,738.95,2026-04-24,E-Commerce,TKN_bd768ff988433936,TKN_da844d7011182a0a,a*************@example.net,******2060,18-25,Low (<1000)
TXN000936,CUST0118,8630.48,2026-05-01,POS-Store,TKN_40411bc7d87e7c95,TKN_c34523fbc9e4ea49,s************@example.org,******7540,40-50,High (>5000)
TXN000937,CUST0140,4361.97,2026-05-03,POS-Store,TKN_897f5c3970c94481,TKN_df6e7d4495169615,p*********@example.net,********7115,60+,Medium (1000-5000)
TXN000938,CUST0174,3168.41,2026-04-25,POS-Store,TKN_020a4014a4b520c2,TKN_5d854a734fa731ef,t************@example.org,********8258,30-40,Medium (1000-5000)
TXN000939,CUST0157,3032.93,2026-07-19,POS-Store,TKN_334c0e0e831d9a32,TKN_226bc14d4bbbaf8b,c******@example.net,******6436,25-30,Medium (1000-5000)
TXN000940,CUST0050,586.21,2026-03-12,E-Commerce,TKN_2da03ddb996d3888,TKN_402fb18bc6b6e251,p**************@example.net,********6220,40-50,Low (<1000)
TXN000941,CUST0072,4492.42,2026-07-09,POS-Store,TKN_aa0d64b0043aa9c1,TKN_2fde949d9aaecfe7,z*********@example.org,******5060,40-50,Medium (1000-5000)
TXN000942,CUST0058,4043.73,2026-06-12,POS-Store,TKN_7f3b08965c78cc43,TKN_6c22cb7c62867cf9,c**********@example.org,******7377,30-40,Medium (1000-5000)
TXN000943,CUST0074,488.02,2026-06-22,E-Commerce,TKN_6665311710d3d246,TKN_93ec225bce330ec1,c**************@example.org,******5503,40-50,Low (<1000)
TXN000944,CUST0177,284.1,2026-06-13,POS-Store,TKN_60b7b5180022ed46,TKN_cb879c3ca78708ed,u********@example.net,********0174,40-50,Low (<1000)
TXN000945,CUST0082,4966.25,2026-06-22,POS-Store,TKN_07a7a6d6f445dad4,TKN_625025967cd75f95,g********@example.net,********7625,30-40,Medium (1000-5000)
TXN000946,CUST0090,431.02,2026-08-10,POS-Store,TKN_a026b0c89975d179,TKN_541aa8c3e3c5e46d,n*******@example.net,********7348,30-40,Low (<1000)
TXN000947,CUST0074,1815.94,2026-05-18,E-Commerce,TKN_6665311710d3d246,TKN_48ef54a201d28632,c**************@example.org,******5503,40-50,Medium (1000-5000)
TXN000948,CUST0147,3931.55,2026-03-08,POS-Store,TKN_2a399f1cf39ed793,TKN_5284810c2b5b518e,d*****@example.net,******4746,25-30,Medium (1000-5000)
TXN000949,CUST0102,1751.91,2026-05-10,POS-Store,TKN_9c93b62d0fc4868c,TKN_d379533edf653769,i*******@example.net,********6400,60+,Medium (1000-5000)
TXN000950,CUST0038,4134.38,2026-05-10,POS-Store,TKN_96c7a87ae58e9eb2,TKN_2b698cd59260dd27,s**********@example.net,******1862,25-30,Medium (1000-5000)
TXN000951,CUST0011,1020.91,2026-04-03,POS-Store,TKN_b98c169efb30ef0d,TKN_dc05fa747864abec,k*******@example.com,********0686,60+,Medium (1000-5000)
TXN000952,CUST0021,1141.21,2026-08-02,POS-Store,TKN_1035b3f2d5a582ef,TKN_f29c3099cbf1219a,u******@example.org,******4548,40-50,Medium (1000-5000)
TXN000953,CUST0114,1809.72,2026-06-08,POS-Store,TKN_bf533f57e79ad8ff,TKN_020a28bccc410dc1,s***********@example.org,******4926,25-30,Medium (1000-5000)
TXN000954,CUST0123,11255.62,2026-05-31,E-Commerce,TKN_d69aa5d85700059a,TKN_625eaee5b71a799b,s**********@example.net,******7842,40-50,High (>5000)
TXN000955,CUST0052,191.29,2026-05-15,POS-Store,TKN_6aa51b48cc6a210d,TKN_f8770f4eac685015,n*****@example.net,********7741,30-40,Low (<1000)
TXN000956,CUST0144,881.94,2026-06-17,POS-Store,TKN_d24e5267327efc81,TKN_e5f70594cbf43bca,s***************@example.com,********7507,18-25,Low (<1000)
TXN000957,CUST0036,11261.89,2026-05-18,E-Commerce,TKN_98e523159fc2da14,TKN_8148386a472decd1,s**********@example.org,******4160,40-50,High (>5000)
TXN000958,CUST0158,3887.56,2026-04-23,E-Commerce,TKN_0365e1a512f3cb35,TKN_b61e8c2456a72f17,k*******@example.org,******0151,18-25,Medium (1000-5000)
TXN000959,CUST0063,15082.16,2026-06-04,E-Commerce,TKN_10b3648b57cc6d02,TKN_3d74ccd7926a61dc,n*************@example.com,********7051,18-25,High (>5000)
TXN000960,CUST0172,2650.07,2026-06-28,E-Commerce,TKN_90c4dda0c1503147,TKN_9c3dc2680b372517,h********@example.com,******7430,60+,Medium (1000-5000)
TXN000961,CUST0164,1012.87,2026-05-21,E-Commerce,TKN_b6f0725ff14006d6,TKN_04ce41d2b5cd6f9a,e*******@example.org,******2067,30-40,Medium (1000-5000)
TXN000962,CUST0014,2421.62,2026-03-14,E-Commerce,TKN_38807ce4f881a34e,TKN_ee8102a7512ecf11,a*********@example.org,********5349,40-50,Medium (1000-5000)
TXN000963,CUST0106,1371.87,2026-08-08,POS-Store,TKN_5bd354b37d231ae1,TKN_b9eaf33a9e4119b8,c***********@example.net,*****5846,18-25,Medium (1000-5000)
TXN000964,CUST0121,2923.41,2026-06-21,E-Commerce,TKN_33704defc6d45e3c,TKN_fa378ae44c067ae3,s*********@example.com,********8081,18-25,Medium (1000-5000)
TXN000965,CUST0175,1259.35,2026-06-23,E-Commerce,TKN_8c01332da8c5e3d9,TKN_a3cf6f6e5c2fb403,t**********@example.com,******8247,60+,Medium (1000-5000)
TXN000966,CUST0002,3245.38,2026-07-13,E-Commerce,TKN_832fb06579c71ad5,TKN_6b64b1051c75395a,m********@example.org,********0534,60+,Medium (1000-5000)
TXN000967,CUST0105,3413.35,2026-06-10,POS-Store,TKN_1049cfa9de088ced,TKN_41c6321d27f425f0,k*********@example.org,******2637,25-30,Medium (1000-5000)
TXN000968,CUST0123,4219.15,2026-04-14,E-Commerce,TKN_d69aa5d85700059a,TKN_563b11e8c1c8b9e5,s**********@example.net,******7842,40-50,Medium (1000-5000)
TXN000969,CUST0074,832.97,2026-05-11,POS-Store,TKN_6665311710d3d246,TKN_7c3f731a618c7689,c**************@example.org,******5503,40-50,Low (<1000)
TXN000970,CUST0074,1308.16,2026-03-12,E-Commerce,TKN_6665311710d3d246,TKN_22479263679c40e9,c**************@example.org,******5503,40-50,Medium (1000-5000)
TXN000971,CUST0023,367.19,2026-03-23,E-Commerce,TKN_0b827098561624fa,TKN_e71f8f247cb62654,h******@example.net,******2926,50-60,Low (<1000)
TXN000972,CUST0137,3830.02,2026-06-15,E-Commerce,TKN_00e902eb41c31f6a,TKN_f69d33e3d0fc7575,s******@example.com,********7898,40-50,Medium (1000-5000)
TXN000973,CUST0045,3068.56,2026-03-29,POS-Store,TKN_2e8e7ff6c70f560e,TKN_17ebff26a4ee4165,c***********@example.com,******7230,60+,Medium (1000-5000)
TXN000974,CUST0046,1589.66,2026-03-19,E-Commerce,TKN_d05de67bc1ee510a,TKN_8bcc8dd1ebcf5735,e******@example.org,********1606,60+,Medium (1000-5000)
TXN000975,CUST0102,461.88,2026-06-07,POS-Store,TKN_9c93b62d0fc4868c,TKN_ef5c0cb1a9821624,i*******@example.net,********6400,60+,Low (<1000)
TXN000976,CUST0048,259.36,2026-02-19,POS-Store,TKN_c58ee63d989dacff,TKN_c17899b133a6f026,a*******@example.org,******5839,40-50,Low (<1000)
TXN000977,CUST0010,3941.92,2026-05-17,E-Commerce,TKN_6d706890c91d9898,TKN_cc3045543fcb609b,p**********@example.org,******5521,60+,Medium (1000-5000)
TXN000978,CUST0077,20862.99,2026-07-24,E-Commerce,TKN_860432528c83016b,TKN_9bd5cdb2372d8b70,b*******@example.net,******3704,60+,High (>5000)
TXN000979,CUST0086,2684.57,2026-03-21,POS-Store,TKN_585e4d85fd3084e7,TKN_0166f08589089aea,m*****@example.com,******6001,50-60,Medium (1000-5000)
TXN000980,CUST0117,4141.82,2026-05-26,POS-Store,TKN_24a6c27d01cbe6e3,TKN_9aaddd9484373054,b*************@example.com,********4634,60+,Medium (1000-5000)
TXN000981,CUST0035,439.0,2026-03-09,POS-Store,TKN_47df22b0111bbae1,TKN_f83b8e46bd9bf1bd,b*********@example.org,******9608,30-40,Low (<1000)
TXN000982,CUST0070,11525.78,2026-04-11,E-Commerce,TKN_d71552f4daab6b6a,TKN_2c6555131eb515a8,w*********@example.net,******5811,30-40,High (>5000)
TXN000983,CUST0029,3350.49,2026-05-19,POS-Store,TKN_31c8d748d4b0573e,TKN_46daaff11cd88171,l**********@example.org,********7820,30-40,Medium (1000-5000)
TXN000984,CUST0042,393.76,2026-05-17,POS-Store,TKN_3070ced519749549,TKN_4e2cc4e3d800c236,a**********@example.org,******8665,40-50,Low (<1000)
TXN000985,CUST0166,1104.76,2026-03-21,POS-Store,TKN_7a9ba4dc0ab140bb,TKN_20a6a97aae14cdd7,s********@example.com,******0514,40-50,Medium (1000-5000)
TXN000986,CUST0048,839.28,2026-06-15,E-Commerce,TKN_c58ee63d989dacff,TKN_aba8ec569bfe3417,a*******@example.org,******5839,40-50,Low (<1000)
TXN000987,CUST0087,541.66,2026-07-17,POS-Store,TKN_fec91b5161340ec2,TKN_2af5745a2c364802,d********@example.org,******6418,40-50,Low (<1000)
TXN000988,CUST0146,942.7,2026-07-27,E-Commerce,TKN_6d4b81a3d5bdaaf6,TKN_9cdb312876ff31b3,k*************@example.org,********7459,50-60,Low (<1000)
TXN000989,CUST0045,457.74,2026-06-23,POS-Store,TKN_2e8e7ff6c70f560e,TKN_a6e93f3cc873752d,c***********@example.com,******7230,60+,Low (<1000)
TXN000990,CUST0110,19313.03,2026-06-21,POS-Store,TKN_4ee6f5f3ed55227d,TKN_42ee0ee04d0e0e2c,p********@example.com,******7596,40-50,High (>5000)
TXN000991,CUST0023,811.71,2026-04-12,POS-Store,TKN_0b827098561624fa,TKN_70ba1b412a85bc94,h******@example.net,******2926,50-60,Low (<1000)
TXN000992,CUST0172,2931.39,2026-05-16,E-Commerce,TKN_90c4dda0c1503147,TKN_dbac0129382c2f7f,h********@example.com,******7430,60+,Medium (1000-5000)
TXN000993,CUST0048,126.49,2026-02-21,E-Commerce,TKN_c58ee63d989dacff,TKN_2084cbe6464dd876,a*******@example.org,******5839,40-50,Low (<1000)
TXN000994,CUST0123,2985.35,2026-03-23,POS-Store,TKN_d69aa5d85700059a,TKN_63101837c8a7c781,s**********@example.net,******7842,40-50,Medium (1000-5000)
TXN000995,CUST0064,3917.3,2026-03-01,E-Commerce,TKN_0f45a74fd36c2be4,TKN_eb1cbd7ccd26a19c,s***********@example.net,********1388,40-50,Medium (1000-5000)
TXN000996,CUST0067,1635.47,2026-04-03,POS-Store,TKN_448c9246aab828bb,TKN_71e4b42b1f397791,y********@example.com,********6157,30-40,Medium (1000-5000)
TXN000997,CUST0061,1541.28,2026-07-04,POS-Store,TKN_c442a4d82a49e586,TKN_1b502a979821ca2b,s***********@example.net,********8364,60+,Medium (1000-5000)
TXN000998,CUST0069,3627.16,2026-05-06,POS-Store,TKN_165da5533feb80b5,TKN_65fe2737e2923b4c,t******@example.com,********4974,40-50,Medium (1000-5000)
TXN000999,CUST0078,6173.22,2026-03-05,E-Commerce,TKN_21cd9c7cfe587667,TKN_1276592be82ae3fd,j*******@example.com,******9397,40-50,High (>5000)
TXN001000,CUST0067,317.8,2026-03-10,POS-Store,TKN_448c9246aab828bb,TKN_55856903a5aca688,y********@example.com,********6157,30-40,Low (<1000)
