transaction_id,customer_id,customer_name,email,phone,address,date_of_birth,card_number,transaction_amount,transaction_date,store_channel,_dq_null_flag,_ingested_at,_source_system,_batch_id
TXN000001,CUST0139,Tanvi Badami,kshere@example.net,8132962188,"93/648, Bedi Road, Sikar 671868",1979-08-11,5288252730046637,4801.91,2026-08-02,E-Commerce,False,2026-08-11T09:10:59.937700+00:00,retail_pos_ecommerce_extract,50832887
TXN000002,CUST0147,Yashoda Nanda,ddugar@example.net,6047074746,"606, Solanki, Nellore 091292",2000-08-22,2619398780744261,3394.04,2026-05-02,POS-Store,False,2026-08-11T09:10:59.937700+00:00,retail_pos_ecommerce_extract,50832887
TXN000003,CUST0063,Siya Sehgal,narayanandarsh@example.com,913485657051,"H.No. 565, Kothari Nagar, Dharmavaram-742540",2005-12-02,2289485736720724,198.04,2026-03-16,POS-Store,False,2026-08-11T09:10:59.937700+00:00,retail_pos_ecommerce_extract,50832887
TXN000004,CUST0105,Suhani Kapur,kamdarsara@example.org,8992022637,"43, Warrior Path, Khammam 104974",1999-12-29,2226949296061445,872.0,2026-07-10,E-Commerce,False,2026-08-11T09:10:59.937700+00:00,retail_pos_ecommerce_extract,50832887
TXN000005,CUST0025,Dayamai Ravel,tanmayimane@example.com,913992959958,"052, Chawla Street, Chandrapur-949558",1988-07-11,2569551716181798,3831.58,2026-06-09,E-Commerce,False,2026-08-11T09:10:59.937700+00:00,retail_pos_ecommerce_extract,50832887
TXN000006,CUST0169,Eshana Bansal,ishani34@example.net,2193565750,"99, Apte Chowk, Rajpur Sonarpur-830651",1964-05-15,2230700457814021,970.44,2026-06-08,POS-Store,False,2026-08-11T09:10:59.937700+00:00,retail_pos_ecommerce_extract,50832887
TXN000007,CUST0091,Lajita Sami,krish65@example.com,2581881388,"68, Dyal Road, Surat 879272",1990-06-23,2611082014051515,8610.55,2026-06-29,POS-Store,False,2026-08-11T09:10:59.937700+00:00,retail_pos_ecommerce_extract,50832887
TXN000008,CUST0106,Chanakya Vohra,chaudryfalan@example.net,287765846,"01/575, Sheth Marg, Kota 924271",2005-06-21,2268623311340659,224.05,2026-08-01,POS-Store,False,2026-08-11T09:10:59.937700+00:00,retail_pos_ecommerce_extract,50832887
TXN000009,CUST0014,Mason Comar,andrewtank@example.org,913392865349,"H.No. 77, Babu Street, Amritsar-666053",1978-11-15,2370503551685796,547.99,2026-04-04,E-Commerce,False,2026-08-11T09:10:59.937700+00:00,retail_pos_ecommerce_extract,50832887
TXN000010,CUST0016,Yashica Ghose,urvinayak@example.net,9704566971,"H.No. 993, Goyal Circle, Udupi 699433",1960-05-19,5135113029873278,2164.63,2026-03-13,POS-Store,False,2026-08-11T09:10:59.937700+00:00,retail_pos_ecommerce_extract,50832887
TXN000011,CUST0087,Adya Chakrabarti,dateekani@example.org,6322946418,"24/25, Raghavan Chowk, Gandhidham-301064",1980-02-16,2245588856258418,1557.84,2026-06-09,E-Commerce,False,2026-08-11T09:10:59.937700+00:00,retail_pos_ecommerce_extract,50832887
TXN000012,CUST0064,Leela Magar,shankerayaan@example.net,916954051388,"H.No. 232, Iyer Path, Saharsa-473520",1979-12-18,2252807077423597,397.68,2026-05-05,E-Commerce,False,2026-08-11T09:10:59.937700+00:00,retail_pos_ecommerce_extract,50832887
TXN000013,CUST0049,Netra Gour,palladavid@example.com,912515101554,"H.No. 382, Ben Path, New Delhi 046736",1965-02-27,2284924327771055,4139.92,2026-07-13,POS-Store,False,2026-08-11T09:10:59.937700+00:00,retail_pos_ecommerce_extract,50832887
TXN000014,CUST0036,Ayushman Dara,siddharth45@example.org,1148944160,"H.No. 121, Saxena Path, Chennai-309608",1981-09-24,2556881312319129,538.01,2026-02-26,POS-Store,False,2026-08-11T09:10:59.937700+00:00,retail_pos_ecommerce_extract,50832887
TXN000015,CUST0047,Zilmil Kuruvilla,uvenkataraman@example.net,913071233063,"H.No. 96, Shankar Street, Jabalpur-490517",1978-06-12,2288892612771377,1185.76,2026-03-25,POS-Store,False,2026-08-11T09:10:59.937700+00:00,retail_pos_ecommerce_extract,50832887
TXN000016,CUST0119,Nikita Tailor,warhi98@example.net,8118992226,"12/24, Kannan Road, Jammu-224630",2002-11-29,5299818270429677,1681.93,2026-06-27,E-Commerce,False,2026-08-11T09:10:59.937700+00:00,retail_pos_ecommerce_extract,50832887
TXN000017,CUST0020,Logan Grewal,brahmbhattnisha@example.org,6987176478,"H.No. 637, Luthra, Berhampur 430242",1998-04-20,5164523051039867,950.49,2026-07-03,POS-Store,False,2026-08-11T09:10:59.937700+00:00,retail_pos_ecommerce_extract,50832887
TXN000018,CUST0141,Nimrat Sanghvi,shafaraj@example.com,9432073231,"H.No. 48, Sandal Street, Mehsana 281248",1965-09-07,2385504112823291,18742.95,2026-05-23,E-Commerce,False,2026-08-11T09:10:59.937700+00:00,retail_pos_ecommerce_extract,50832887
TXN000019,CUST0013,Rachana Bhat,balveer20@example.com,917541157451,"52, Dasgupta Street, Sasaram 475131",1977-08-13,2720245438624914,142.69,2026-06-22,E-Commerce,False,2026-08-11T09:10:59.937700+00:00,retail_pos_ecommerce_extract,50832887
TXN000020,CUST0024,Rudra Handa,irarana@example.net,2446616770,"636, Jani Road, Raipur-693937",1995-12-01,2289670467587232,2760.17,2026-04-17,E-Commerce,False,2026-08-11T09:10:59.937700+00:00,retail_pos_ecommerce_extract,50832887
TXN000021,CUST0043,Nilima Dara,unadkarni@example.org,4868507284,"25, Das Street, Jalgaon 673784",1990-06-12,2264479251770304,519.92,2026-03-27,POS-Store,False,2026-08-11T09:10:59.937700+00:00,retail_pos_ecommerce_extract,50832887
TXN000022,CUST0125,Yash Bakshi,gaurav20@example.com,6483162569,"61/69, Bhatia Zila, Bhatpara 918109",1975-11-05,2247451693306486,912.95,2026-07-31,POS-Store,False,2026-08-11T09:10:59.937700+00:00,retail_pos_ecommerce_extract,50832887
TXN000023,CUST0055,Wazir Kant,basakyauvani@example.org,9053368317,"H.No. 54, Ganesan Circle, Junagadh 221312",1990-09-24,5520754395914841,678.73,2026-05-04,POS-Store,False,2026-08-11T09:10:59.937700+00:00,retail_pos_ecommerce_extract,50832887
TXN000024,CUST0016,Yashica Ghose,urvinayak@example.net,9704566971,"H.No. 993, Goyal Circle, Udupi 699433",1960-05-19,5289930087129002,543.54,2026-07-05,E-Commerce,False,2026-08-11T09:10:59.937700+00:00,retail_pos_ecommerce_extract,50832887
TXN000025,CUST0098,Nirja Doctor,madhav98@example.com,918141197799,"06, Uppal Path, Asansol-277008",1967-11-02,5240437314423917,1739.23,2026-03-12,E-Commerce,False,2026-08-11T09:10:59.937700+00:00,retail_pos_ecommerce_extract,50832887
TXN000026,CUST0100,Chaitanya Gulati,boasedarika@example.com,1428458750,"70/97, De Nagar, Siliguri 989075",1972-05-09,2264816859040988,18177.48,2026-07-19,POS-Store,False,2026-08-11T09:10:59.937700+00:00,retail_pos_ecommerce_extract,50832887
TXN000027,CUST0117,Xalak Gokhale,baghyawatitank@example.com,912963264634,"H.No. 423, Lad Ganj, Mau 442346",1958-04-17,2648528222904116,20212.17,2026-08-05,POS-Store,False,2026-08-11T09:10:59.937700+00:00,retail_pos_ecommerce_extract,50832887
TXN000028,CUST0109,Siddharth Purohit,kashyapazad@example.net,916428252224,"23/17, Sami Street, Panihati-580429",1968-04-11,2238676309725890,4686.58,2026-05-15,POS-Store,False,2026-08-11T09:10:59.937700+00:00,retail_pos_ecommerce_extract,50832887
TXN000029,CUST0040,Zarna Pandey,puriraagini@example.net,4239185009,"H.No. 04, Sethi Road, Ambala 307405",1991-12-17,2710174179571161,235.99,2026-02-25,E-Commerce,False,2026-08-11T09:10:59.937700+00:00,retail_pos_ecommerce_extract,50832887
TXN000030,CUST0076,Warda Loyal,jsaran@example.org,919763975853,"H.No. 51, Karnik Circle, Vijayawada 393231",1982-01-08,2238503630175134,358.74,2026-03-07,E-Commerce,False,2026-08-11T09:10:59.937700+00:00,retail_pos_ecommerce_extract,50832887
TXN000031,CUST0015,Vaishnavi Uppal,kalpitjha@example.net,8564803084,"07/03, Brar Nagar, Jamalpur-448666",2003-05-04,5506874072458512,2085.12,2026-05-14,E-Commerce,False,2026-08-11T09:10:59.937700+00:00,retail_pos_ecommerce_extract,50832887
TXN000032,CUST0081,Qushi Kala,agarwalsamaksh@example.net,1031862060,"H.No. 74, Parmar Marg, Kanpur 478078",2002-10-15,2720911956943446,11065.45,2026-05-07,E-Commerce,False,2026-08-11T09:10:59.937700+00:00,retail_pos_ecommerce_extract,50832887
TXN000033,CUST0013,Rachana Bhat,balveer20@example.com,917541157451,"52, Dasgupta Street, Sasaram 475131",1977-08-13,2707607713646242,565.02,2026-07-02,POS-Store,False,2026-08-11T09:10:59.937700+00:00,retail_pos_ecommerce_extract,50832887
TXN000034,CUST0129,Dayamai Manne,boraomkaar@example.com,914061447024,"133, Buch Road, Gwalior 406716",2005-07-31,5542918145668361,811.28,2026-08-09,E-Commerce,False,2026-08-11T09:10:59.937700+00:00,retail_pos_ecommerce_extract,50832887
TXN000035,CUST0015,Vaishnavi Uppal,kalpitjha@example.net,8564803084,"07/03, Brar Nagar, Jamalpur-448666",2003-05-04,2453006190810809,986.56,2026-02-24,E-Commerce,False,2026-08-11T09:10:59.937700+00:00,retail_pos_ecommerce_extract,50832887
TXN000036,CUST0048,Ishanvi Kunda,akshay36@example.org,6961535839,"75/316, Krishnan Chowk, Cuttack-606189",1983-12-18,5479380605621223,1794.66,2026-03-14,E-Commerce,False,2026-08-11T09:10:59.937700+00:00,retail_pos_ecommerce_extract,50832887
TXN000037,CUST0153,Jairaj Ramanathan,harrison29@example.org,7686617991,"H.No. 720, Ben Zila, Ballia 984360",1976-01-18,2284416413933962,823.87,2026-05-05,E-Commerce,False,2026-08-11T09:10:59.937700+00:00,retail_pos_ecommerce_extract,50832887
TXN000038,CUST0173,Jagrati Purohit,muttiaryan@example.com,7044021975,"H.No. 05, Sehgal Ganj, Proddatur 739407",1960-10-26,5307905842124082,3915.3,2026-07-30,E-Commerce,False,2026-08-11T09:10:59.937700+00:00,retail_pos_ecommerce_extract,50832887
TXN000039,CUST0104,Alexander Rege,amrita25@example.com,4584929505,"H.No. 412, Sankar Street, Anantapur-432245",1992-03-27,5261852221764746,1296.1,2026-05-22,E-Commerce,False,2026-08-11T09:10:59.937700+00:00,retail_pos_ecommerce_extract,50832887
TXN000040,CUST0146,Unni Balasubramanian,kamdarnicholas@example.org,912234977459,"H.No. 666, Suresh Zila, Visakhapatnam-195727",1969-07-09,5538003699780064,1463.36,2026-05-06,E-Commerce,False,2026-08-11T09:10:59.937700+00:00,retail_pos_ecommerce_extract,50832887
TXN000041,CUST0149,Udyati Kohli,zaitrarao@example.net,4558774315,"H.No. 698, Minhas Path, Tinsukia 740228",1981-10-12,2575824527279347,15596.44,2026-08-08,E-Commerce,False,2026-08-11T09:10:59.937700+00:00,retail_pos_ecommerce_extract,50832887
TXN000042,CUST0159,Jasmit Bakshi,bhatyamini@example.com,917798317531,"79/18, Manda Marg, Serampore-153240",1998-07-04,2250490239757749,1254.17,2026-05-24,E-Commerce,False,2026-08-11T09:10:59.937700+00:00,retail_pos_ecommerce_extract,50832887
TXN000043,CUST0108,Sarthak Chandra,ekapadraghavan@example.net,919523327051,"267, Sharaf Path, Bulandshahr-790250",1959-01-12,2362946574866903,358.6,2026-05-12,POS-Store,False,2026-08-11T09:10:59.937700+00:00,retail_pos_ecommerce_extract,50832887
TXN000044,CUST0067,Indrajit Raju,yochana34@example.com,915745466157,"80, Rege Nagar, Pali-271668",1992-01-16,2225302453418944,3549.59,2026-06-15,E-Commerce,False,2026-08-11T09:10:59.937700+00:00,retail_pos_ecommerce_extract,50832887
TXN000045,CUST0172,Luke Mani,harinisem@example.com,6098767430,"H.No. 871, Chakraborty Marg, Tinsukia-617559",1964-01-18,2229352210327835,13028.18,2026-07-16,POS-Store,False,2026-08-11T09:10:59.937700+00:00,retail_pos_ecommerce_extract,50832887
TXN000046,CUST0062,Patrick Wali,priya39@example.net,3674335304,"H.No. 097, Sawhney Marg, Amaravati-644395",1973-05-09,2704583556041218,726.87,2026-07-05,POS-Store,False,2026-08-11T09:10:59.937700+00:00,retail_pos_ecommerce_extract,50832887
TXN000047,CUST0102,Nimrat Ramakrishnan,iryalala@example.net,915139316400,"55, Saini, Nashik-371364",1963-09-13,2563198940492579,3244.55,2026-07-09,E-Commerce,False,2026-08-11T09:10:59.937700+00:00,retail_pos_ecommerce_extract,50832887
TXN000048,CUST0172,Luke Mani,harinisem@example.com,6098767430,"H.No. 871, Chakraborty Marg, Tinsukia-617559",1964-01-18,2303633913377147,2974.69,2026-05-14,POS-Store,False,2026-08-11T09:10:59.937700+00:00,retail_pos_ecommerce_extract,50832887
TXN000049,CUST0118,Girindra Karnik,sawhneyishaan@example.org,1245267540,"39/74, Ramachandran Street, Kolhapur 757355",1981-08-18,2243951128683908,2709.74,2026-04-29,POS-Store,False,2026-08-11T09:10:59.937700+00:00,retail_pos_ecommerce_extract,50832887
TXN000050,CUST0019,Nikita Master,anigam@example.org,913847487091,"67/595, Bains Chowk, Aurangabad 368095",1977-10-11,2263028790477516,152.39,2026-03-26,E-Commerce,False,2026-08-11T09:10:59.937700+00:00,retail_pos_ecommerce_extract,50832887
TXN000051,CUST0118,Girindra Karnik,sawhneyishaan@example.org,1245267540,"39/74, Ramachandran Street, Kolhapur 757355",1981-08-18,2382347535225451,653.95,2026-06-26,E-Commerce,False,2026-08-11T09:10:59.937700+00:00,retail_pos_ecommerce_extract,50832887
TXN000052,CUST0019,Nikita Master,anigam@example.org,913847487091,"67/595, Bains Chowk, Aurangabad 368095",1977-10-11,5484390563409449,532.63,2026-03-16,E-Commerce,False,2026-08-11T09:10:59.937700+00:00,retail_pos_ecommerce_extract,50832887
TXN000053,CUST0130,Samuel Bath,desainathaniel@example.org,9818472762,"H.No. 405, Borde Nagar, Ichalkaranji 097568",1958-01-19,2278992893686294,9238.72,2026-05-29,POS-Store,False,2026-08-11T09:10:59.937700+00:00,retail_pos_ecommerce_extract,50832887
TXN000054,CUST0034,Isaac Mukherjee,anika06@example.com,914073249210,"12/829, Varma Circle, Orai 051463",1990-03-17,2530988522816371,4021.45,2026-06-25,POS-Store,False,2026-08-11T09:10:59.937700+00:00,retail_pos_ecommerce_extract,50832887
TXN000055,CUST0018,Ridhi Savant,virajradhakrishnan@example.com,911173124919,"H.No. 80, Bhatia Ganj, South Dumdum 602888",1995-08-21,2609516579274933,123.05,2026-02-27,E-Commerce,False,2026-08-11T09:10:59.937700+00:00,retail_pos_ecommerce_extract,50832887
TXN000056,CUST0095,Darsh Rout,chokshiqadim@example.net,6833155208,"09/55, Wadhwa Circle, Ludhiana-002438",2002-04-11,2422789117343891,203.0,2026-07-06,POS-Store,False,2026-08-11T09:10:59.937700+00:00,retail_pos_ecommerce_extract,50832887
TXN000057,CUST0041,Saumya Sharma,boasewarda@example.org,552258999,"H.No. 531, Saraf Path, Bellary-822942",1965-01-26,2349422008483598,18738.24,2026-07-24,POS-Store,False,2026-08-11T09:10:59.937700+00:00,retail_pos_ecommerce_extract,50832887
TXN000058,CUST0140,Jagrati Srinivas,parmarirya@example.net,913892977115,"846, Kamdar, Nellore 391168",1965-01-24,2347670077408894,4484.97,2026-05-26,POS-Store,False,2026-08-11T09:10:59.937700+00:00,retail_pos_ecommerce_extract,50832887
TXN000059,CUST0157,Henry Kala,ctailor@example.net,3388376436,"76/62, Dubey Circle, Ulhasnagar 501303",1997-04-21,5146575266796098,1746.09,2026-06-19,E-Commerce,False,2026-08-11T09:10:59.937700+00:00,retail_pos_ecommerce_extract,50832887
TXN000060,CUST0171,Lopa Kurian,ovirk@example.net,4417345455,"87/660, Bhandari Marg, Raurkela Industrial Township 622766",1978-07-16,2679270031922417,14169.28,2026-05-15,POS-Store,False,2026-08-11T09:10:59.937700+00:00,retail_pos_ecommerce_extract,50832887
TXN000061,CUST0170,Chandresh Mohanty,rishi25@example.com,826613606,"90/25, Kalita Zila, Singrauli 660367",1963-04-14,2426330239616918,4583.47,2026-07-17,E-Commerce,False,2026-08-11T09:10:59.937700+00:00,retail_pos_ecommerce_extract,50832887
TXN000062,CUST0035,Pahal Basak,balanodika@example.org,4947889608,"23/919, Mannan Circle, Ajmer 197668",1988-11-09,2374884677329055,154.44,2026-08-04,POS-Store,False,2026-08-11T09:10:59.937700+00:00,retail_pos_ecommerce_extract,50832887
TXN000063,CUST0030,Ryan Dutt,dubeyekavir@example.com,3506857479,"388, Goda Path, Berhampur 933323",1967-03-04,5301631803323168,455.33,2026-08-06,E-Commerce,False,2026-08-11T09:10:59.937700+00:00,retail_pos_ecommerce_extract,50832887
TXN000064,CUST0142,Joshua Issac,snehabalakrishnan@example.net,919933142491,"23, Cheema Ganj, Singrauli 840601",2001-08-07,2448685777213350,19632.56,2026-04-02,E-Commerce,False,2026-08-11T09:10:59.937700+00:00,retail_pos_ecommerce_extract,50832887
TXN000065,CUST0070,Lopa Amble,warinder49@example.net,8421025811,"644, Sachdev Marg, Bahraich-443264",1987-02-04,5247877941036413,534.7,2026-02-18,POS-Store,False,2026-08-11T09:10:59.937700+00:00,retail_pos_ecommerce_extract,50832887
TXN000066,CUST0155,Lavanya Grewal,fradosinha@example.net,4324726049,"95, Nadig Street, Sangli-Miraj & Kupwad 316176",1993-10-18,2289908101015792,1888.21,2026-04-04,E-Commerce,False,2026-08-11T09:10:59.937700+00:00,retail_pos_ecommerce_extract,50832887
TXN000067,CUST0088,Nakul Dasgupta,csoman@example.com,6483341574,"30/836, Lalla Zila, Indore-574989",1981-07-28,5263211725524676,370.4,2026-06-29,E-Commerce,False,2026-08-11T09:10:59.937700+00:00,retail_pos_ecommerce_extract,50832887
TXN000068,CUST0176,Yashvi Chana,tarak27@example.org,9417632598,"224, Buch Zila, Medininagar 260443",2004-02-16,2557317738860932,10495.13,2026-07-16,POS-Store,False,2026-08-11T09:10:59.937700+00:00,retail_pos_ecommerce_extract,50832887
TXN000069,CUST0130,Samuel Bath,desainathaniel@example.org,9818472762,"H.No. 405, Borde Nagar, Ichalkaranji 097568",1958-01-19,2266689574192865,3811.37,2026-06-24,POS-Store,False,2026-08-11T09:10:59.937700+00:00,retail_pos_ecommerce_extract,50832887
TXN000070,CUST0065,Warjas Sarkar,trau@example.org,8971303403,"81, Dash Marg, Jalna 615968",1972-08-29,2713710175892288,4886.16,2026-05-31,E-Commerce,False,2026-08-11T09:10:59.937700+00:00,retail_pos_ecommerce_extract,50832887
TXN000071,CUST0024,Rudra Handa,irarana@example.net,2446616770,"636, Jani Road, Raipur-693937",1995-12-01,2284461805888838,9281.05,2026-05-15,POS-Store,False,2026-08-11T09:10:59.937700+00:00,retail_pos_ecommerce_extract,50832887
TXN000072,CUST0071,Dhruv Lala,yoshita33@example.com,9340109705,"H.No. 73, Hans Marg, Kulti 209409",1963-01-07,5405498585781855,2203.21,2026-03-27,E-Commerce,False,2026-08-11T09:10:59.937700+00:00,retail_pos_ecommerce_extract,50832887
TXN000073,CUST0001,Girish Hans,yseshadri@example.org,957036897,"68, Warrior Road, Ulhasnagar-028568",1967-12-28,2245521922153537,85.01,2026-05-28,POS-Store,False,2026-08-11T09:10:59.937700+00:00,retail_pos_ecommerce_extract,50832887
TXN000074,CUST0034,Isaac Mukherjee,anika06@example.com,914073249210,"12/829, Varma Circle, Orai 051463",1990-03-17,2247599013548664,3010.21,2026-06-22,POS-Store,False,2026-08-11T09:10:59.937700+00:00,retail_pos_ecommerce_extract,50832887
TXN000075,CUST0042,Omya Grover,abhimanyu84@example.org,4734288665,"81, Ratta Zila, Tadipatri-448557",1984-04-20,2613970478250417,314.44,2026-04-03,POS-Store,False,2026-08-11T09:10:59.937700+00:00,retail_pos_ecommerce_extract,50832887
TXN000076,CUST0142,Joshua Issac,snehabalakrishnan@example.net,919933142491,"23, Cheema Ganj, Singrauli 840601",2001-08-07,2296572399175832,9073.31,2026-05-03,POS-Store,False,2026-08-11T09:10:59.937700+00:00,retail_pos_ecommerce_extract,50832887
TXN000077,CUST0144,Mitesh Chopra,subramaniamekbal@example.com,915971217507,"H.No. 68, Dalal Nagar, Tinsukia 667150",2005-10-16,2279530204208710,514.49,2026-06-25,E-Commerce,False,2026-08-11T09:10:59.937700+00:00,retail_pos_ecommerce_extract,50832887
TXN000078,CUST0029,Vritti Cheema,lavanyakeer@example.org,913244377820,"74/96, Vaidya Street, Hosur-911579",1988-03-13,2708216624069384,9115.7,2026-06-08,E-Commerce,False,2026-08-11T09:10:59.937700+00:00,retail_pos_ecommerce_extract,50832887
TXN000079,CUST0177,Shravya Sagar,udantsama@example.net,918363910174,"09/002, Varty Chowk, Bellary-197098",1979-05-09,5363831823300767,4045.72,2026-05-08,E-Commerce,False,2026-08-11T09:10:59.937700+00:00,retail_pos_ecommerce_extract,50832887
TXN000080,CUST0140,Jagrati Srinivas,parmarirya@example.net,913892977115,"846, Kamdar, Nellore 391168",1965-01-24,2296353489862286,741.08,2026-03-29,E-Commerce,False,2026-08-11T09:10:59.937700+00:00,retail_pos_ecommerce_extract,50832887
TXN000081,CUST0095,Darsh Rout,chokshiqadim@example.net,6833155208,"09/55, Wadhwa Circle, Ludhiana-002438",2002-04-11,2285919457434721,3528.59,2026-07-01,E-Commerce,False,2026-08-11T09:10:59.937700+00:00,retail_pos_ecommerce_extract,50832887
TXN000082,CUST0111,Yamini Mitter,bhandariyash@example.com,2339208098,"131, Aggarwal Street, Madhyamgram 988534",1988-07-08,5228338087857669,3142.56,2026-05-07,E-Commerce,False,2026-08-11T09:10:59.937700+00:00,retail_pos_ecommerce_extract,50832887
TXN000083,CUST0011,Ranbir Modi,kashvi57@example.com,913750310686,"H.No. 75, Virk Ganj, Kulti-991563",1960-09-03,5331706056995633,842.7,2026-06-26,POS-Store,False,2026-08-11T09:10:59.937700+00:00,retail_pos_ecommerce_extract,50832887
TXN000084,CUST0094,Urishilla Sami,ektaperi@example.org,914459496015,"371, Chana, Chapra 283951",2003-09-18,5482430620546049,227.01,2026-05-07,E-Commerce,False,2026-08-11T09:10:59.937700+00:00,retail_pos_ecommerce_extract,50832887
TXN000085,CUST0092,Lakshit Choudhry,ubikasunder@example.org,1435235,"20/816, Wable Street, Bally-036134",1977-09-04,2287522731558147,610.76,2026-07-23,E-Commerce,False,2026-08-11T09:10:59.937700+00:00,retail_pos_ecommerce_extract,50832887
TXN000086,CUST0175,Samaksh Palan,teerthlanka@example.com,4257548247,"H.No. 362, Brahmbhatt Chowk, Jorhat 857049",1964-05-10,2704956157296557,1066.33,2026-03-01,E-Commerce,False,2026-08-11T09:10:59.937700+00:00,retail_pos_ecommerce_extract,50832887
TXN000087,CUST0171,Lopa Kurian,ovirk@example.net,4417345455,"87/660, Bhandari Marg, Raurkela Industrial Township 622766",1978-07-16,2486733777555470,1905.76,2026-03-07,E-Commerce,False,2026-08-11T09:10:59.937700+00:00,retail_pos_ecommerce_extract,50832887
TXN000088,CUST0091,Lajita Sami,krish65@example.com,2581881388,"68, Dyal Road, Surat 879272",1990-06-23,2675921473975115,1697.29,2026-07-16,POS-Store,False,2026-08-11T09:10:59.937700+00:00,retail_pos_ecommerce_extract,50832887
TXN000089,CUST0159,Jasmit Bakshi,bhatyamini@example.com,917798317531,"79/18, Manda Marg, Serampore-153240",1998-07-04,2292268303955559,2546.55,2026-02-24,E-Commerce,False,2026-08-11T09:10:59.937700+00:00,retail_pos_ecommerce_extract,50832887
TXN000090,CUST0061,Logan Sidhu,samakshdivan@example.net,918374908364,"H.No. 98, Mahal Path, Sagar 878951",1964-05-28,5255707873194030,7338.72,2026-07-17,E-Commerce,False,2026-08-11T09:10:59.937700+00:00,retail_pos_ecommerce_extract,50832887
TXN000091,CUST0046,Mekhala Atwal,esarraf@example.org,919394551606,"16/067, Srinivasan, Nagpur 718357",1962-02-10,5170182990203282,1453.78,2026-02-23,POS-Store,False,2026-08-11T09:10:59.937700+00:00,retail_pos_ecommerce_extract,50832887
TXN000092,CUST0007,Neha Pant,ekansh43@example.org,917040648538,"44, Prabhu Ganj, Miryalaguda 887300",1967-03-13,5219877075206232,19914.89,2026-05-30,E-Commerce,False,2026-08-11T09:10:59.937700+00:00,retail_pos_ecommerce_extract,50832887
TXN000093,CUST0086,Zinal Modi,maya71@example.com,9373066001,"83, Chada Marg, Gulbarga-850949",1970-07-12,5307155831403523,676.32,2026-07-26,POS-Store,False,2026-08-11T09:10:59.937700+00:00,retail_pos_ecommerce_extract,50832887
TXN000094,CUST0172,Luke Mani,harinisem@example.com,6098767430,"H.No. 871, Chakraborty Marg, Tinsukia-617559",1964-01-18,5480451529348727,14438.86,2026-07-04,E-Commerce,False,2026-08-11T09:10:59.937700+00:00,retail_pos_ecommerce_extract,50832887
TXN000095,CUST0069,Azad Ramakrishnan,tsandal@example.com,914580704974,"H.No. 676, Kulkarni Zila, Tiruvottiyur 478629",1977-09-14,5162452723278392,1967.17,2026-06-02,E-Commerce,False,2026-08-11T09:10:59.937700+00:00,retail_pos_ecommerce_extract,50832887
TXN000096,CUST0180,Tripti Pingle,tdar@example.com,2949642214,"248, Dhingra, Vasai-Virar-098400",1977-03-22,2293171397242984,901.46,2026-03-03,E-Commerce,False,2026-08-11T09:10:59.937700+00:00,retail_pos_ecommerce_extract,50832887
TXN000097,CUST0098,Nirja Doctor,madhav98@example.com,918141197799,"06, Uppal Path, Asansol-277008",1967-11-02,2223403563242919,15763.09,2026-07-06,E-Commerce,False,2026-08-11T09:10:59.937700+00:00,retail_pos_ecommerce_extract,50832887
TXN000098,CUST0121,Ishani Agate,shravyadua@example.com,917822678081,"05/279, Ahuja Marg, Silchar 815845",2003-07-19,2557974237630347,2396.49,2026-02-24,E-Commerce,False,2026-08-11T09:10:59.937700+00:00,retail_pos_ecommerce_extract,50832887
TXN000099,CUST0052,Gopal Halder,nbaral@example.net,910676797741,"39, Narayanan Ganj, Kulti 272507",1992-02-07,2548198296317305,4587.54,2026-03-29,POS-Store,False,2026-08-11T09:10:59.937700+00:00,retail_pos_ecommerce_extract,50832887
TXN000100,CUST0090,Simon Srinivasan,nikita82@example.net,914482437348,"13/806, Gopal Zila, Aligarh 229846",1993-10-31,2277826792021263,18258.1,2026-05-14,POS-Store,False,2026-08-11T09:10:59.937700+00:00,retail_pos_ecommerce_extract,50832887
TXN000101,CUST0059,Ganga Muni,xtiwari@example.com,7302250344,"H.No. 931, Naidu Marg, Pali-560389",1976-10-18,2262564190856553,1336.48,2026-03-21,E-Commerce,False,2026-08-11T09:10:59.937700+00:00,retail_pos_ecommerce_extract,50832887
TXN000102,CUST0007,Neha Pant,ekansh43@example.org,917040648538,"44, Prabhu Ganj, Miryalaguda 887300",1967-03-13,2262316195854384,902.73,2026-05-31,E-Commerce,False,2026-08-11T09:10:59.937700+00:00,retail_pos_ecommerce_extract,50832887
TXN000103,CUST0103,Rachita Ravel,osur@example.com,8206940028,"H.No. 048, Sagar Road, Pudukkottai-982337",1992-07-09,5521059173696043,1036.78,2026-04-15,POS-Store,False,2026-08-11T09:10:59.937700+00:00,retail_pos_ecommerce_extract,50832887
TXN000104,CUST0072,Sarthak Suresh,zehaanbuch@example.org,5822445060,"45, Ben Circle, Deoghar 389790",1978-07-20,2296916945174049,679.66,2026-07-23,E-Commerce,False,2026-08-11T09:10:59.937700+00:00,retail_pos_ecommerce_extract,50832887
TXN000105,CUST0072,Sarthak Suresh,zehaanbuch@example.org,5822445060,"45, Ben Circle, Deoghar 389790",1978-07-20,2283518576487735,202.61,2026-08-04,POS-Store,False,2026-08-11T09:10:59.937700+00:00,retail_pos_ecommerce_extract,50832887
TXN000106,CUST0165,Azaan Varughese,shravyamitra@example.com,1551972465,"H.No. 437, Sharma Zila, Kharagpur-526012",1959-11-21,5432988603766182,3766.89,2026-07-28,POS-Store,False,2026-08-11T09:10:59.937700+00:00,retail_pos_ecommerce_extract,50832887
TXN000107,CUST0174,Ridhi Gala,teerthkrishna@example.org,916020548258,"14/45, Chawla, Muzaffarnagar-030690",1987-08-24,2264052015960287,1896.85,2026-07-23,POS-Store,False,2026-08-11T09:10:59.937700+00:00,retail_pos_ecommerce_extract,50832887
TXN000108,CUST0008,Udant Lalla,mmuni@example.com,915445316486,"H.No. 464, Mohanty Zila, Machilipatnam-241929",1965-10-19,2616389389302208,1948.76,2026-06-08,E-Commerce,False,2026-08-11T09:10:59.937700+00:00,retail_pos_ecommerce_extract,50832887
TXN000109,CUST0067,Indrajit Raju,yochana34@example.com,915745466157,"80, Rege Nagar, Pali-271668",1992-01-16,5516981547265261,758.42,2026-05-15,E-Commerce,False,2026-08-11T09:10:59.937700+00:00,retail_pos_ecommerce_extract,50832887
TXN000110,CUST0149,Udyati Kohli,zaitrarao@example.net,4558774315,"H.No. 698, Minhas Path, Tinsukia 740228",1981-10-12,2230267373517575,4396.04,2026-04-18,POS-Store,False,2026-08-11T09:10:59.937700+00:00,retail_pos_ecommerce_extract,50832887
TXN000111,CUST0010,Joshua Brar,pallakamala@example.org,9754295521,"041, Chawla Zila, Noida-449007",1960-11-07,2346431097685586,3272.67,2026-05-06,E-Commerce,False,2026-08-11T09:10:59.937700+00:00,retail_pos_ecommerce_extract,50832887
TXN000112,CUST0153,Jairaj Ramanathan,harrison29@example.org,7686617991,"H.No. 720, Ben Zila, Ballia 984360",1976-01-18,2489972634916114,398.96,2026-04-11,POS-Store,False,2026-08-11T09:10:59.937700+00:00,retail_pos_ecommerce_extract,50832887
TXN000113,CUST0089,Tara Bir,klalla@example.com,918814190235,"H.No. 05, Peri Marg, Akola-176683",1996-06-08,2720398382774993,281.55,2026-08-08,POS-Store,False,2026-08-11T09:10:59.937700+00:00,retail_pos_ecommerce_extract,50832887
TXN000114,CUST0112,Jai Nanda,ekbal93@example.com,919781223351,"H.No. 94, Nadig Street, Katni 557238",1968-01-04,5221586391661832,11683.27,2026-03-20,E-Commerce,False,2026-08-11T09:10:59.937700+00:00,retail_pos_ecommerce_extract,50832887
TXN000115,CUST0099,Vinaya Manda,fchoudhury@example.com,6034575744,"H.No. 52, Dhar Zila, Tadipatri 917745",1971-09-18,2718241586060104,15729.73,2026-05-14,E-Commerce,False,2026-08-11T09:10:59.937700+00:00,retail_pos_ecommerce_extract,50832887
TXN000116,CUST0066,Lajita Khosla,jason36@example.org,4999680837,"11, Chana Road, Nanded-693249",1999-06-22,2276855386771075,3010.05,2026-07-18,E-Commerce,False,2026-08-11T09:10:59.937700+00:00,retail_pos_ecommerce_extract,50832887
TXN000117,CUST0112,Jai Nanda,ekbal93@example.com,919781223351,"H.No. 94, Nadig Street, Katni 557238",1968-01-04,5304252558597489,2969.58,2026-07-20,E-Commerce,False,2026-08-11T09:10:59.937700+00:00,retail_pos_ecommerce_extract,50832887
TXN000118,CUST0134,Idika Bir,vpradhan@example.net,911207236827,"H.No. 887, Lal Street, Ahmedabad-330891",1968-01-14,5536616465398191,735.61,2026-07-27,E-Commerce,False,2026-08-11T09:10:59.937700+00:00,retail_pos_ecommerce_extract,50832887
TXN000119,CUST0094,Urishilla Sami,ektaperi@example.org,914459496015,"371, Chana, Chapra 283951",2003-09-18,2290852995187746,73.08,2026-06-17,POS-Store,False,2026-08-11T09:10:59.937700+00:00,retail_pos_ecommerce_extract,50832887
TXN000120,CUST0018,Ridhi Savant,virajradhakrishnan@example.com,911173124919,"H.No. 80, Bhatia Ganj, South Dumdum 602888",1995-08-21,2259620998620354,1708.27,2026-04-03,POS-Store,False,2026-08-11T09:10:59.937700+00:00,retail_pos_ecommerce_extract,50832887
TXN000121,CUST0160,Saumya Apte,ramanudant@example.org,913616182151,"372, Kalita Zila, Narasaraopet-682474",1968-11-09,5182682911392060,21216.83,2026-07-29,POS-Store,False,2026-08-11T09:10:59.937700+00:00,retail_pos_ecommerce_extract,50832887
TXN000122,CUST0170,Chandresh Mohanty,rishi25@example.com,826613606,"90/25, Kalita Zila, Singrauli 660367",1963-04-14,5293376193461331,11293.33,2026-06-30,E-Commerce,False,2026-08-11T09:10:59.937700+00:00,retail_pos_ecommerce_extract,50832887
TXN000123,CUST0077,Aahana Varughese,binakota@example.net,2209703704,"54/913, Bal Chowk, Mangalore-284417",1963-12-09,5360668342491252,930.97,2026-03-17,POS-Store,False,2026-08-11T09:10:59.937700+00:00,retail_pos_ecommerce_extract,50832887
TXN000124,CUST0171,Lopa Kurian,ovirk@example.net,4417345455,"87/660, Bhandari Marg, Raurkela Industrial Township 622766",1978-07-16,2470976515065207,4865.65,2026-04-17,POS-Store,False,2026-08-11T09:10:59.937700+00:00,retail_pos_ecommerce_extract,50832887
TXN000125,CUST0084,Nitara Vig,lallajai@example.org,913049331522,"H.No. 469, Subramanian Chowk, Barasat-097640",1970-10-26,5375626565207386,19501.31,2026-05-30,POS-Store,False,2026-08-11T09:10:59.937700+00:00,retail_pos_ecommerce_extract,50832887
TXN000126,CUST0179,Triveni Kadakia,etahegde@example.org,916666300629,"47, Gour Ganj, Berhampore-992736",2001-07-20,2281508096351232,415.46,2026-03-03,POS-Store,False,2026-08-11T09:10:59.937700+00:00,retail_pos_ecommerce_extract,50832887
TXN000127,CUST0142,Joshua Issac,snehabalakrishnan@example.net,919933142491,"23, Cheema Ganj, Singrauli 840601",2001-08-07,5336355227121409,10388.36,2026-06-05,E-Commerce,False,2026-08-11T09:10:59.937700+00:00,retail_pos_ecommerce_extract,50832887
TXN000128,CUST0050,Odika Brahmbhatt,praneelzacharia@example.net,918864756220,"00/91, Pau Circle, Asansol-673988",1978-11-20,2720155485323882,578.4,2026-05-22,POS-Store,False,2026-08-11T09:10:59.937700+00:00,retail_pos_ecommerce_extract,50832887
TXN000129,CUST0171,Lopa Kurian,ovirk@example.net,4417345455,"87/660, Bhandari Marg, Raurkela Industrial Township 622766",1978-07-16,2299866223310814,16832.81,2026-05-05,POS-Store,False,2026-08-11T09:10:59.937700+00:00,retail_pos_ecommerce_extract,50832887
TXN000130,CUST0174,Ridhi Gala,teerthkrishna@example.org,916020548258,"14/45, Chawla, Muzaffarnagar-030690",1987-08-24,2256346374785172,1388.61,2026-05-22,E-Commerce,False,2026-08-11T09:10:59.937700+00:00,retail_pos_ecommerce_extract,50832887
TXN000131,CUST0158,Zansi Khalsa,kamala99@example.org,7888040151,"29/830, Deshpande Path, Bihar Sharif 809429",2004-06-07,2511812771558182,4959.23,2026-05-06,POS-Store,False,2026-08-11T09:10:59.937700+00:00,retail_pos_ecommerce_extract,50832887
TXN000132,CUST0104,Alexander Rege,amrita25@example.com,4584929505,"H.No. 412, Sankar Street, Anantapur-432245",1992-03-27,2236878949645395,541.89,2026-04-23,E-Commerce,False,2026-08-11T09:10:59.937700+00:00,retail_pos_ecommerce_extract,50832887
TXN000133,CUST0078,Shivansh Nagy,joshua26@example.com,6812149397,"07/21, Palan Zila, Malda 577083",1976-12-05,2718312773833643,17593.33,2026-04-12,POS-Store,False,2026-08-11T09:10:59.937700+00:00,retail_pos_ecommerce_extract,50832887
TXN000134,CUST0054,Garima Yadav,anthonymukherjee@example.org,4047668649,"38/38, Kalita Path, Ahmedabad-233041",1998-09-05,5252806723499137,3809.23,2026-04-11,POS-Store,False,2026-08-11T09:10:59.937700+00:00,retail_pos_ecommerce_extract,50832887
TXN000135,CUST0149,Udyati Kohli,zaitrarao@example.net,4558774315,"H.No. 698, Minhas Path, Tinsukia 740228",1981-10-12,2256158787610347,2174.07,2026-04-05,POS-Store,False,2026-08-11T09:10:59.937700+00:00,retail_pos_ecommerce_extract,50832887
TXN000136,CUST0120,Lohit Kala,zaid37@example.org,4669583880,"H.No. 550, Pai Ganj, Saharanpur 876372",1974-01-11,5141175314638338,4239.64,2026-08-02,POS-Store,False,2026-08-11T09:10:59.937700+00:00,retail_pos_ecommerce_extract,50832887
TXN000137,CUST0114,Chaitaly Viswanathan,sarkarnaveen@example.org,8310384926,"H.No. 744, Sidhu Nagar, Dehri-540494",1997-01-02,2366837306627919,20525.18,2026-07-06,E-Commerce,False,2026-08-11T09:10:59.937700+00:00,retail_pos_ecommerce_extract,50832887
TXN000138,CUST0131,Upma Karnik,manderturvi@example.org,628008475,"365, Johal Circle, Anantapur 654548",1987-01-30,5350689255403508,3005.56,2026-06-18,POS-Store,False,2026-08-11T09:10:59.937700+00:00,retail_pos_ecommerce_extract,50832887
TXN000139,CUST0044,Chaaya Handa,jacobdhar@example.com,8152390753,"H.No. 04, Nath Nagar, Aizawl-030007",1975-04-02,5587566584221766,3599.21,2026-06-21,E-Commerce,False,2026-08-11T09:10:59.937700+00:00,retail_pos_ecommerce_extract,50832887
TXN000140,CUST0073,Ekta Mitra,anushamitra@example.com,7400080896,"65/285, Pathak Nagar, Mangalore 300710",1960-11-17,2255599853920873,4182.37,2026-05-17,POS-Store,False,2026-08-11T09:10:59.937700+00:00,retail_pos_ecommerce_extract,50832887
TXN000141,CUST0024,Rudra Handa,irarana@example.net,2446616770,"636, Jani Road, Raipur-693937",1995-12-01,2550947318177658,10746.58,2026-06-01,E-Commerce,False,2026-08-11T09:10:59.937700+00:00,retail_pos_ecommerce_extract,50832887
TXN000142,CUST0173,Jagrati Purohit,muttiaryan@example.com,7044021975,"H.No. 05, Sehgal Ganj, Proddatur 739407",1960-10-26,2720701322357201,1375.83,2026-05-22,POS-Store,False,2026-08-11T09:10:59.937700+00:00,retail_pos_ecommerce_extract,50832887
TXN000143,CUST0058,Ojasvi Jain,cheemaamara@example.org,7592637377,"271, Shukla Chowk, Dehri 269473",1989-11-15,5371616944608382,1143.73,2026-04-27,E-Commerce,False,2026-08-11T09:10:59.937700+00:00,retail_pos_ecommerce_extract,50832887
TXN000144,CUST0038,Girindra Dhillon,saanviswamy@example.net,5201491862,"25/91, Mander Street, Allahabad 336164",1999-03-21,2253082407408457,3170.04,2026-06-26,E-Commerce,False,2026-08-11T09:10:59.937700+00:00,retail_pos_ecommerce_extract,50832887
TXN000145,CUST0012,Harini Sodhi,ravalojasvi@example.net,8462637222,"H.No. 05, Mital, Rajkot-175042",1966-05-29,2514506010588953,610.7,2026-02-17,E-Commerce,False,2026-08-11T09:10:59.937700+00:00,retail_pos_ecommerce_extract,50832887
TXN000146,CUST0122,Kritika Kunda,kantmason@example.org,911430893051,"H.No. 86, Gulati Chowk, Madurai 624931",1967-07-19,5476269920382822,85.44,2026-03-29,E-Commerce,False,2026-08-11T09:10:59.937700+00:00,retail_pos_ecommerce_extract,50832887
TXN000147,CUST0117,Xalak Gokhale,baghyawatitank@example.com,912963264634,"H.No. 423, Lad Ganj, Mau 442346",1958-04-17,5177150332319945,11123.88,2026-03-25,POS-Store,False,2026-08-11T09:10:59.937700+00:00,retail_pos_ecommerce_extract,50832887
TXN000148,CUST0162,Onveer Misra,mgarde@example.org,7568123914,"05/401, Kulkarni Street, Jamnagar 538665",1978-02-27,2702387484330103,545.61,2026-07-17,E-Commerce,False,2026-08-11T09:10:59.937700+00:00,retail_pos_ecommerce_extract,50832887
TXN000149,CUST0179,Triveni Kadakia,etahegde@example.org,916666300629,"47, Gour Ganj, Berhampore-992736",2001-07-20,5398588360366259,1863.07,2026-05-30,POS-Store,False,2026-08-11T09:10:59.937700+00:00,retail_pos_ecommerce_extract,50832887
TXN000150,CUST0127,Krisha Kari,majumdarharinakshi@example.net,5414769752,"73/68, Dube Zila, Kottayam-612498",1991-07-19,5406378758143522,1341.3,2026-02-27,POS-Store,False,2026-08-11T09:10:59.937700+00:00,retail_pos_ecommerce_extract,50832887
TXN000151,CUST0063,Siya Sehgal,narayanandarsh@example.com,913485657051,"H.No. 565, Kothari Nagar, Dharmavaram-742540",2005-12-02,2290467574754889,554.26,2026-03-08,E-Commerce,False,2026-08-11T09:10:59.937700+00:00,retail_pos_ecommerce_extract,50832887
TXN000152,CUST0168,Unni Bhatt,mutticharan@example.net,4300090556,"75/31, Shanker Nagar, Aizawl 830688",1958-08-24,2282597964633887,3549.08,2026-05-27,E-Commerce,False,2026-08-11T09:10:59.937700+00:00,retail_pos_ecommerce_extract,50832887
TXN000153,CUST0028,Jai Saraf,panchalchasmum@example.com,9596719024,"17/27, More Chowk, Pudukkottai 272929",1977-04-26,2544010777499193,4902.43,2026-06-30,POS-Store,False,2026-08-11T09:10:59.937700+00:00,retail_pos_ecommerce_extract,50832887
TXN000154,CUST0057,Neha Sule,maanaspai@example.net,4210122796,"H.No. 39, Warrior Zila, Nellore 279833",1991-03-19,5373018201931383,2291.5,2026-06-23,E-Commerce,False,2026-08-11T09:10:59.937700+00:00,retail_pos_ecommerce_extract,50832887
TXN000155,CUST0179,Triveni Kadakia,etahegde@example.org,916666300629,"47, Gour Ganj, Berhampore-992736",2001-07-20,2292538886998097,2083.06,2026-08-02,POS-Store,False,2026-08-11T09:10:59.937700+00:00,retail_pos_ecommerce_extract,50832887
TXN000156,CUST0013,Rachana Bhat,balveer20@example.com,917541157451,"52, Dasgupta Street, Sasaram 475131",1977-08-13,2273362208110692,1313.75,2026-06-11,E-Commerce,False,2026-08-11T09:10:59.937700+00:00,retail_pos_ecommerce_extract,50832887
TXN000157,CUST0032,Yug Thaman,khalsaati@example.org,913780126147,"688, Hari Path, Firozabad 567299",1992-02-01,2720950781770749,963.55,2026-07-29,POS-Store,False,2026-08-11T09:10:59.937700+00:00,retail_pos_ecommerce_extract,50832887
TXN000158,CUST0035,Pahal Basak,balanodika@example.org,4947889608,"23/919, Mannan Circle, Ajmer 197668",1988-11-09,2256667264286066,16831.87,2026-04-05,POS-Store,False,2026-08-11T09:10:59.937700+00:00,retail_pos_ecommerce_extract,50832887
TXN000159,CUST0171,Lopa Kurian,ovirk@example.net,4417345455,"87/660, Bhandari Marg, Raurkela Industrial Township 622766",1978-07-16,5475720418832810,1693.0,2026-05-11,POS-Store,False,2026-08-11T09:10:59.937700+00:00,retail_pos_ecommerce_extract,50832887
TXN000160,CUST0114,Chaitaly Viswanathan,sarkarnaveen@example.org,8310384926,"H.No. 744, Sidhu Nagar, Dehri-540494",1997-01-02,2703574998777247,287.48,2026-06-23,POS-Store,False,2026-08-11T09:10:59.937700+00:00,retail_pos_ecommerce_extract,50832887
TXN000161,CUST0141,Nimrat Sanghvi,shafaraj@example.com,9432073231,"H.No. 48, Sandal Street, Mehsana 281248",1965-09-07,2228593357876578,3857.67,2026-06-12,POS-Store,False,2026-08-11T09:10:59.937700+00:00,retail_pos_ecommerce_extract,50832887
TXN000162,CUST0041,Saumya Sharma,boasewarda@example.org,552258999,"H.No. 531, Saraf Path, Bellary-822942",1965-01-26,2718184264127912,2119.46,2026-04-19,POS-Store,False,2026-08-11T09:10:59.937700+00:00,retail_pos_ecommerce_extract,50832887
TXN000163,CUST0116,Ucchal Nair,misraanmol@example.net,9428688174,"92/70, Raval Nagar, Mysore-816868",1998-09-15,2484995774749016,17544.51,2026-07-12,POS-Store,False,2026-08-11T09:10:59.937700+00:00,retail_pos_ecommerce_extract,50832887
TXN000164,CUST0064,Leela Magar,shankerayaan@example.net,916954051388,"H.No. 232, Iyer Path, Saharsa-473520",1979-12-18,2720899382548691,3446.27,2026-07-26,POS-Store,False,2026-08-11T09:10:59.937700+00:00,retail_pos_ecommerce_extract,50832887
TXN000165,CUST0134,Idika Bir,vpradhan@example.net,911207236827,"H.No. 887, Lal Street, Ahmedabad-330891",1968-01-14,2234619943874488,1990.68,2026-06-18,POS-Store,False,2026-08-11T09:10:59.937700+00:00,retail_pos_ecommerce_extract,50832887
TXN000166,CUST0161,Xalak Trivedi,chavvitalwar@example.org,4796024025,"15/767, Vora Ganj, Tinsukia-159266",1980-03-29,2705021645595760,4030.63,2026-03-19,E-Commerce,False,2026-08-11T09:10:59.937700+00:00,retail_pos_ecommerce_extract,50832887
TXN000167,CUST0071,Dhruv Lala,yoshita33@example.com,9340109705,"H.No. 73, Hans Marg, Kulti 209409",1963-01-07,5413165215780082,160.15,2026-07-21,POS-Store,False,2026-08-11T09:10:59.937700+00:00,retail_pos_ecommerce_extract,50832887
TXN000168,CUST0020,Logan Grewal,brahmbhattnisha@example.org,6987176478,"H.No. 637, Luthra, Berhampur 430242",1998-04-20,5419632719156899,88.65,2026-07-26,POS-Store,False,2026-08-11T09:10:59.937700+00:00,retail_pos_ecommerce_extract,50832887
TXN000169,CUST0061,Logan Sidhu,samakshdivan@example.net,918374908364,"H.No. 98, Mahal Path, Sagar 878951",1964-05-28,2253566099298317,16962.48,2026-03-17,POS-Store,False,2026-08-11T09:10:59.937700+00:00,retail_pos_ecommerce_extract,50832887
TXN000170,CUST0086,Zinal Modi,maya71@example.com,9373066001,"83, Chada Marg, Gulbarga-850949",1970-07-12,2453641065569070,1391.24,2026-03-11,POS-Store,False,2026-08-11T09:10:59.937700+00:00,retail_pos_ecommerce_extract,50832887
TXN000171,CUST0139,Tanvi Badami,kshere@example.net,8132962188,"93/648, Bedi Road, Sikar 671868",1979-08-11,2717020190438802,2893.41,2026-06-21,E-Commerce,False,2026-08-11T09:10:59.937700+00:00,retail_pos_ecommerce_extract,50832887
TXN000172,CUST0036,Ayushman Dara,siddharth45@example.org,1148944160,"H.No. 121, Saxena Path, Chennai-309608",1981-09-24,2712575573270325,461.73,2026-03-10,E-Commerce,False,2026-08-11T09:10:59.937700+00:00,retail_pos_ecommerce_extract,50832887
TXN000173,CUST0060,Umang Buch,timothy24@example.org,1103195546,"H.No. 725, Gala Road, Pimpri-Chinchwad 667057",1981-12-14,2270010395928177,3462.78,2026-07-17,POS-Store,False,2026-08-11T09:10:59.937700+00:00,retail_pos_ecommerce_extract,50832887
TXN000174,CUST0178,Nitara Jha,reddydevika@example.net,4351137548,"H.No. 20, Mistry Marg, Pali-206101",1982-12-26,2625707903025600,1181.17,2026-03-03,E-Commerce,False,2026-08-11T09:10:59.937700+00:00,retail_pos_ecommerce_extract,50832887
TXN000175,CUST0055,Wazir Kant,basakyauvani@example.org,9053368317,"H.No. 54, Ganesan Circle, Junagadh 221312",1990-09-24,2387103789092880,3502.81,2026-05-30,E-Commerce,False,2026-08-11T09:10:59.937700+00:00,retail_pos_ecommerce_extract,50832887
TXN000176,CUST0107,Eta Swaminathan,jack92@example.com,6319195366,"66, Pradhan Marg, Chittoor-432039",1980-07-22,2254690927153566,4425.1,2026-05-07,POS-Store,False,2026-08-11T09:10:59.937700+00:00,retail_pos_ecommerce_extract,50832887
TXN000177,CUST0085,Urishilla Tandon,ojasvisaxena@example.com,2467883077,"12, Chawla Path, Tenali 440630",1981-10-06,2662339658295420,1651.57,2026-04-04,POS-Store,False,2026-08-11T09:10:59.937700+00:00,retail_pos_ecommerce_extract,50832887
TXN000178,CUST0107,Eta Swaminathan,jack92@example.com,6319195366,"66, Pradhan Marg, Chittoor-432039",1980-07-22,5537042796442013,659.66,2026-02-20,E-Commerce,False,2026-08-11T09:10:59.937700+00:00,retail_pos_ecommerce_extract,50832887
TXN000179,CUST0053,Oeshi Sampath,bhavsarkamya@example.net,4119018831,"H.No. 99, Banik Zila, Shivpuri-078393",1982-12-09,5534598006681859,605.9,2026-06-30,POS-Store,False,2026-08-11T09:10:59.937700+00:00,retail_pos_ecommerce_extract,50832887
TXN000180,CUST0100,Chaitanya Gulati,boasedarika@example.com,1428458750,"70/97, De Nagar, Siliguri 989075",1972-05-09,2705198886523543,14783.49,2026-04-18,E-Commerce,False,2026-08-11T09:10:59.937700+00:00,retail_pos_ecommerce_extract,50832887
TXN000181,CUST0148,Niharika Mangal,sandhudarpan@example.com,917212395088,"H.No. 01, Jani Road, Guwahati-185200",1972-10-24,5191395887785907,3572.51,2026-03-05,POS-Store,False,2026-08-11T09:10:59.937700+00:00,retail_pos_ecommerce_extract,50832887
TXN000182,CUST0123,Jalsa Taneja,samuelwalla@example.net,4472357842,"H.No. 49, Setty Nagar, Ballia 501443",1984-10-10,5204661943106643,3181.92,2026-05-10,E-Commerce,False,2026-08-11T09:10:59.937700+00:00,retail_pos_ecommerce_extract,50832887
TXN000183,CUST0091,Lajita Sami,krish65@example.com,2581881388,"68, Dyal Road, Surat 879272",1990-06-23,5119358093407293,11564.36,2026-03-30,POS-Store,False,2026-08-11T09:10:59.937700+00:00,retail_pos_ecommerce_extract,50832887
TXN000184,CUST0100,Chaitanya Gulati,boasedarika@example.com,1428458750,"70/97, De Nagar, Siliguri 989075",1972-05-09,2254123485193212,20391.06,2026-05-11,POS-Store,False,2026-08-11T09:10:59.937700+00:00,retail_pos_ecommerce_extract,50832887
TXN000185,CUST0138,Saanvi Chandra,pranav65@example.net,919164224243,"75/523, Bumb Chowk, Jaipur-939707",1963-03-14,2547616346606758,115.82,2026-04-07,E-Commerce,False,2026-08-11T09:10:59.937700+00:00,retail_pos_ecommerce_extract,50832887
TXN000186,CUST0125,Yash Bakshi,gaurav20@example.com,6483162569,"61/69, Bhatia Zila, Bhatpara 918109",1975-11-05,2594261467433328,67.29,2026-06-18,E-Commerce,False,2026-08-11T09:10:59.937700+00:00,retail_pos_ecommerce_extract,50832887
TXN000187,CUST0070,Lopa Amble,warinder49@example.net,8421025811,"644, Sachdev Marg, Bahraich-443264",1987-02-04,5286789375201581,698.17,2026-04-23,POS-Store,False,2026-08-11T09:10:59.937700+00:00,retail_pos_ecommerce_extract,50832887
TXN000188,CUST0125,Yash Bakshi,gaurav20@example.com,6483162569,"61/69, Bhatia Zila, Bhatpara 918109",1975-11-05,5206893813985263,352.71,2026-06-29,E-Commerce,False,2026-08-11T09:10:59.937700+00:00,retail_pos_ecommerce_extract,50832887
TXN000189,CUST0100,Chaitanya Gulati,boasedarika@example.com,1428458750,"70/97, De Nagar, Siliguri 989075",1972-05-09,5497886699211281,5396.6,2026-05-17,POS-Store,False,2026-08-11T09:10:59.937700+00:00,retail_pos_ecommerce_extract,50832887
TXN000190,CUST0172,Luke Mani,harinisem@example.com,6098767430,"H.No. 871, Chakraborty Marg, Tinsukia-617559",1964-01-18,5588960806468975,9792.25,2026-03-21,POS-Store,False,2026-08-11T09:10:59.937700+00:00,retail_pos_ecommerce_extract,50832887
TXN000191,CUST0043,Nilima Dara,unadkarni@example.org,4868507284,"25, Das Street, Jalgaon 673784",1990-06-12,5457494882147707,711.2,2026-03-02,POS-Store,False,2026-08-11T09:10:59.937700+00:00,retail_pos_ecommerce_extract,50832887
TXN000192,CUST0033,Nihal Prabhakar,phora@example.net,5300616156,"51/42, Banerjee Path, Bhubaneswar 359546",1966-09-05,5123518004494300,4509.01,2026-04-03,E-Commerce,False,2026-08-11T09:10:59.937700+00:00,retail_pos_ecommerce_extract,50832887
TXN000193,CUST0101,Guneet Mann,ijaya58@example.org,8444137335,"43, Sinha Ganj, Sambhal-909428",1995-11-16,2435669734814216,4213.12,2026-08-07,E-Commerce,False,2026-08-11T09:10:59.937700+00:00,retail_pos_ecommerce_extract,50832887
TXN000194,CUST0022,Isha Bora,isami@example.net,7979903950,"75, Ben Path, Burhanpur 019054",1958-08-01,2233972376741166,218.39,2026-04-22,POS-Store,False,2026-08-11T09:10:59.937700+00:00,retail_pos_ecommerce_extract,50832887
TXN000195,CUST0035,Pahal Basak,balanodika@example.org,4947889608,"23/919, Mannan Circle, Ajmer 197668",1988-11-09,5325552988357379,4226.53,2026-08-04,POS-Store,False,2026-08-11T09:10:59.937700+00:00,retail_pos_ecommerce_extract,50832887
TXN000196,CUST0047,Zilmil Kuruvilla,uvenkataraman@example.net,913071233063,"H.No. 96, Shankar Street, Jabalpur-490517",1978-06-12,2248197949699724,12015.09,2026-05-20,E-Commerce,False,2026-08-11T09:10:59.937700+00:00,retail_pos_ecommerce_extract,50832887
TXN000197,CUST0067,Indrajit Raju,yochana34@example.com,915745466157,"80, Rege Nagar, Pali-271668",1992-01-16,2229944346191968,4104.88,2026-08-04,POS-Store,False,2026-08-11T09:10:59.937700+00:00,retail_pos_ecommerce_extract,50832887
TXN000198,CUST0084,Nitara Vig,lallajai@example.org,913049331522,"H.No. 469, Subramanian Chowk, Barasat-097640",1970-10-26,2257907762347161,4722.1,2026-04-14,E-Commerce,False,2026-08-11T09:10:59.937700+00:00,retail_pos_ecommerce_extract,50832887
TXN000199,CUST0117,Xalak Gokhale,baghyawatitank@example.com,912963264634,"H.No. 423, Lad Ganj, Mau 442346",1958-04-17,2719027650474076,12293.47,2026-07-19,POS-Store,False,2026-08-11T09:10:59.937700+00:00,retail_pos_ecommerce_extract,50832887
TXN000200,CUST0087,Adya Chakrabarti,dateekani@example.org,6322946418,"24/25, Raghavan Chowk, Gandhidham-301064",1980-02-16,2221614030398462,4017.42,2026-08-05,POS-Store,False,2026-08-11T09:10:59.937700+00:00,retail_pos_ecommerce_extract,50832887
TXN000201,CUST0072,Sarthak Suresh,zehaanbuch@example.org,5822445060,"45, Ben Circle, Deoghar 389790",1978-07-20,2720682559569504,906.52,2026-03-25,POS-Store,False,2026-08-11T09:10:59.937700+00:00,retail_pos_ecommerce_extract,50832887
TXN000202,CUST0065,Warjas Sarkar,trau@example.org,8971303403,"81, Dash Marg, Jalna 615968",1972-08-29,2701657905043472,4305.0,2026-04-11,E-Commerce,False,2026-08-11T09:10:59.937700+00:00,retail_pos_ecommerce_extract,50832887
TXN000203,CUST0121,Ishani Agate,shravyadua@example.com,917822678081,"05/279, Ahuja Marg, Silchar 815845",2003-07-19,2520745135150214,899.85,2026-05-07,E-Commerce,False,2026-08-11T09:10:59.937700+00:00,retail_pos_ecommerce_extract,50832887
TXN000204,CUST0139,Tanvi Badami,kshere@example.net,8132962188,"93/648, Bedi Road, Sikar 671868",1979-08-11,2518024075917956,1043.34,2026-04-21,E-Commerce,False,2026-08-11T09:10:59.937700+00:00,retail_pos_ecommerce_extract,50832887
TXN000205,CUST0090,Simon Srinivasan,nikita82@example.net,914482437348,"13/806, Gopal Zila, Aligarh 229846",1993-10-31,5347505170847890,6552.78,2026-04-14,E-Commerce,False,2026-08-11T09:10:59.937700+00:00,retail_pos_ecommerce_extract,50832887
TXN000206,CUST0167,Anusha Bobal,davenathaniel@example.com,8783095844,"H.No. 409, Bhandari Path, Phusro 646458",1977-10-04,2271028898808414,951.61,2026-03-09,E-Commerce,False,2026-08-11T09:10:59.937700+00:00,retail_pos_ecommerce_extract,50832887
TXN000207,CUST0167,Anusha Bobal,davenathaniel@example.com,8783095844,"H.No. 409, Bhandari Path, Phusro 646458",1977-10-04,5453183205743052,14748.87,2026-07-12,E-Commerce,False,2026-08-11T09:10:59.937700+00:00,retail_pos_ecommerce_extract,50832887
TXN000208,CUST0008,Udant Lalla,mmuni@example.com,915445316486,"H.No. 464, Mohanty Zila, Machilipatnam-241929",1965-10-19,2263219217569072,2793.33,2026-07-03,E-Commerce,False,2026-08-11T09:10:59.937700+00:00,retail_pos_ecommerce_extract,50832887
TXN000209,CUST0052,Gopal Halder,nbaral@example.net,910676797741,"39, Narayanan Ganj, Kulti 272507",1992-02-07,5433973566855643,361.9,2026-06-06,E-Commerce,False,2026-08-11T09:10:59.937700+00:00,retail_pos_ecommerce_extract,50832887
TXN000210,CUST0160,Saumya Apte,ramanudant@example.org,913616182151,"372, Kalita Zila, Narasaraopet-682474",1968-11-09,2234952218889091,4008.75,2026-07-16,E-Commerce,False,2026-08-11T09:10:59.937700+00:00,retail_pos_ecommerce_extract,50832887
TXN000211,CUST0062,Patrick Wali,priya39@example.net,3674335304,"H.No. 097, Sawhney Marg, Amaravati-644395",1973-05-09,2286344738546749,4157.68,2026-06-02,E-Commerce,False,2026-08-11T09:10:59.937700+00:00,retail_pos_ecommerce_extract,50832887
TXN000212,CUST0122,Kritika Kunda,kantmason@example.org,911430893051,"H.No. 86, Gulati Chowk, Madurai 624931",1967-07-19,2229770192545704,519.2,2026-04-12,E-Commerce,False,2026-08-11T09:10:59.937700+00:00,retail_pos_ecommerce_extract,50832887
TXN000213,CUST0145,Patrick Saxena,rzachariah@example.net,7271139188,"H.No. 62, Devan Chowk, Deoghar 628523",1969-04-13,2239218668871814,571.5,2026-03-31,E-Commerce,False,2026-08-11T09:10:59.937700+00:00,retail_pos_ecommerce_extract,50832887
TXN000214,CUST0120,Lohit Kala,zaid37@example.org,4669583880,"H.No. 550, Pai Ganj, Saharanpur 876372",1974-01-11,2231906491150905,4549.93,2026-06-12,POS-Store,False,2026-08-11T09:10:59.937700+00:00,retail_pos_ecommerce_extract,50832887
TXN000215,CUST0095,Darsh Rout,chokshiqadim@example.net,6833155208,"09/55, Wadhwa Circle, Ludhiana-002438",2002-04-11,2269443819551023,1468.15,2026-04-12,E-Commerce,False,2026-08-11T09:10:59.937700+00:00,retail_pos_ecommerce_extract,50832887
TXN000216,CUST0156,Isaac Contractor,omkaarpradhan@example.net,6212666222,"92/970, Bedi Nagar, Rajkot 503243",1991-07-03,5329332702045907,772.67,2026-04-21,E-Commerce,False,2026-08-11T09:10:59.937700+00:00,retail_pos_ecommerce_extract,50832887
TXN000217,CUST0042,Omya Grover,abhimanyu84@example.org,4734288665,"81, Ratta Zila, Tadipatri-448557",1984-04-20,2257172770712860,1404.39,2026-06-04,POS-Store,False,2026-08-11T09:10:59.937700+00:00,retail_pos_ecommerce_extract,50832887
TXN000218,CUST0028,Jai Saraf,panchalchasmum@example.com,9596719024,"17/27, More Chowk, Pudukkottai 272929",1977-04-26,5599488482116152,715.22,2026-07-22,E-Commerce,False,2026-08-11T09:10:59.937700+00:00,retail_pos_ecommerce_extract,50832887
TXN000219,CUST0080,Timothy Randhawa,hdevan@example.org,3579734915,"619, Dewan Marg, Bangalore 631518",1977-01-28,2701145532793545,829.95,2026-03-10,POS-Store,False,2026-08-11T09:10:59.937700+00:00,retail_pos_ecommerce_extract,50832887
TXN000220,CUST0102,Nimrat Ramakrishnan,iryalala@example.net,915139316400,"55, Saini, Nashik-371364",1963-09-13,2256928603029694,1325.31,2026-03-30,E-Commerce,False,2026-08-11T09:10:59.937700+00:00,retail_pos_ecommerce_extract,50832887
TXN000221,CUST0020,Logan Grewal,brahmbhattnisha@example.org,6987176478,"H.No. 637, Luthra, Berhampur 430242",1998-04-20,2620097483712636,986.32,2026-05-14,E-Commerce,False,2026-08-11T09:10:59.937700+00:00,retail_pos_ecommerce_extract,50832887
TXN000222,CUST0027,Akshay Uppal,ronith40@example.com,913914529489,"79, Thakkar Ganj, Jorhat-336852",1971-12-13,5581844380928728,2482.2,2026-07-05,POS-Store,False,2026-08-11T09:10:59.937700+00:00,retail_pos_ecommerce_extract,50832887
TXN000223,CUST0176,Yashvi Chana,tarak27@example.org,9417632598,"224, Buch Zila, Medininagar 260443",2004-02-16,2707282275313415,21103.28,2026-06-17,E-Commerce,False,2026-08-11T09:10:59.937700+00:00,retail_pos_ecommerce_extract,50832887
TXN000224,CUST0145,Patrick Saxena,rzachariah@example.net,7271139188,"H.No. 62, Devan Chowk, Deoghar 628523",1969-04-13,2221617177500899,17807.68,2026-03-06,E-Commerce,False,2026-08-11T09:10:59.937700+00:00,retail_pos_ecommerce_extract,50832887
TXN000225,CUST0089,Tara Bir,klalla@example.com,918814190235,"H.No. 05, Peri Marg, Akola-176683",1996-06-08,5459279416700156,1333.92,2026-08-06,POS-Store,False,2026-08-11T09:10:59.937700+00:00,retail_pos_ecommerce_extract,50832887
TXN000226,CUST0170,Chandresh Mohanty,rishi25@example.com,826613606,"90/25, Kalita Zila, Singrauli 660367",1963-04-14,2708990856413672,3233.06,2026-05-18,POS-Store,False,2026-08-11T09:10:59.937700+00:00,retail_pos_ecommerce_extract,50832887
TXN000227,CUST0018,Ridhi Savant,virajradhakrishnan@example.com,911173124919,"H.No. 80, Bhatia Ganj, South Dumdum 602888",1995-08-21,5184835336308271,4624.51,2026-03-25,POS-Store,False,2026-08-11T09:10:59.937700+00:00,retail_pos_ecommerce_extract,50832887
TXN000228,CUST0004,Inaya Kota,pdara@example.net,8372962231,"76, Srinivasan Road, Bareilly-093979",1979-12-21,2254491556103166,517.5,2026-03-08,POS-Store,False,2026-08-11T09:10:59.937700+00:00,retail_pos_ecommerce_extract,50832887
TXN000229,CUST0126,Sathvik Bala,shora@example.org,1284292279,"46/82, Karan Path, Deoghar-060833",1971-09-18,2562491039579039,494.76,2026-05-26,E-Commerce,False,2026-08-11T09:10:59.937700+00:00,retail_pos_ecommerce_extract,50832887
TXN000230,CUST0111,Yamini Mitter,bhandariyash@example.com,2339208098,"131, Aggarwal Street, Madhyamgram 988534",1988-07-08,5240473651649582,162.76,2026-03-04,POS-Store,False,2026-08-11T09:10:59.937700+00:00,retail_pos_ecommerce_extract,50832887
TXN000231,CUST0163,Jalsa Wali,aradhana04@example.com,5267163298,"H.No. 562, Loke Street, Jehanabad-932079",1963-09-30,2224385287938311,666.1,2026-04-15,POS-Store,False,2026-08-11T09:10:59.937700+00:00,retail_pos_ecommerce_extract,50832887
TXN000232,CUST0040,Zarna Pandey,puriraagini@example.net,4239185009,"H.No. 04, Sethi Road, Ambala 307405",1991-12-17,2259600049324941,3332.89,2026-02-19,POS-Store,False,2026-08-11T09:10:59.937700+00:00,retail_pos_ecommerce_extract,50832887
TXN000233,CUST0046,Mekhala Atwal,esarraf@example.org,919394551606,"16/067, Srinivasan, Nagpur 718357",1962-02-10,5166093780859850,11373.42,2026-03-03,POS-Store,False,2026-08-11T09:10:59.937700+00:00,retail_pos_ecommerce_extract,50832887
TXN000234,CUST0158,Zansi Khalsa,kamala99@example.org,7888040151,"29/830, Deshpande Path, Bihar Sharif 809429",2004-06-07,2720327567736329,874.3,2026-05-16,POS-Store,False,2026-08-11T09:10:59.937700+00:00,retail_pos_ecommerce_extract,50832887
TXN000235,CUST0120,Lohit Kala,zaid37@example.org,4669583880,"H.No. 550, Pai Ganj, Saharanpur 876372",1974-01-11,2292091242998609,964.1,2026-04-17,POS-Store,False,2026-08-11T09:10:59.937700+00:00,retail_pos_ecommerce_extract,50832887
TXN000236,CUST0152,Nidhi Narayanan,mitaljyoti@example.org,919872233493,"87, Divan Path, Chapra-081974",1977-01-01,2715162910153477,970.42,2026-03-23,POS-Store,False,2026-08-11T09:10:59.937700+00:00,retail_pos_ecommerce_extract,50832887
TXN000237,CUST0083,Hamsini Kara,anvi19@example.com,8002415929,"H.No. 696, Sem Path, Vijayawada-120991",1999-03-02,2255989660895709,895.69,2026-04-08,E-Commerce,False,2026-08-11T09:10:59.937700+00:00,retail_pos_ecommerce_extract,50832887
TXN000238,CUST0023,Raksha Ahluwalia,hiral98@example.net,8274422926,"354, Khare Marg, Jalgaon-947585",1972-04-28,2638749205351636,4970.87,2026-04-04,POS-Store,False,2026-08-11T09:10:59.937700+00:00,retail_pos_ecommerce_extract,50832887
TXN000239,CUST0116,Ucchal Nair,misraanmol@example.net,9428688174,"92/70, Raval Nagar, Mysore-816868",1998-09-15,2274808454594269,575.61,2026-05-18,E-Commerce,False,2026-08-11T09:10:59.937700+00:00,retail_pos_ecommerce_extract,50832887
TXN000240,CUST0119,Nikita Tailor,warhi98@example.net,8118992226,"12/24, Kannan Road, Jammu-224630",2002-11-29,2395426876759990,13893.14,2026-07-03,POS-Store,False,2026-08-11T09:10:59.937700+00:00,retail_pos_ecommerce_extract,50832887
TXN000241,CUST0087,Adya Chakrabarti,dateekani@example.org,6322946418,"24/25, Raghavan Chowk, Gandhidham-301064",1980-02-16,2280994695736646,3782.3,2026-06-11,E-Commerce,False,2026-08-11T09:10:59.937700+00:00,retail_pos_ecommerce_extract,50832887
TXN000242,CUST0127,Krisha Kari,majumdarharinakshi@example.net,5414769752,"73/68, Dube Zila, Kottayam-612498",1991-07-19,5451764659336170,3509.6,2026-03-04,POS-Store,False,2026-08-11T09:10:59.937700+00:00,retail_pos_ecommerce_extract,50832887
TXN000243,CUST0047,Zilmil Kuruvilla,uvenkataraman@example.net,913071233063,"H.No. 96, Shankar Street, Jabalpur-490517",1978-06-12,2253008139649936,4603.73,2026-04-18,POS-Store,False,2026-08-11T09:10:59.937700+00:00,retail_pos_ecommerce_extract,50832887
TXN000244,CUST0055,Wazir Kant,basakyauvani@example.org,9053368317,"H.No. 54, Ganesan Circle, Junagadh 221312",1990-09-24,5561596901352580,316.63,2026-07-09,POS-Store,False,2026-08-11T09:10:59.937700+00:00,retail_pos_ecommerce_extract,50832887
TXN000245,CUST0067,Indrajit Raju,yochana34@example.com,915745466157,"80, Rege Nagar, Pali-271668",1992-01-16,5348516938616187,20134.59,2026-06-27,POS-Store,False,2026-08-11T09:10:59.937700+00:00,retail_pos_ecommerce_extract,50832887
TXN000246,CUST0072,Sarthak Suresh,zehaanbuch@example.org,5822445060,"45, Ben Circle, Deoghar 389790",1978-07-20,2298493549643637,3479.91,2026-06-21,POS-Store,False,2026-08-11T09:10:59.937700+00:00,retail_pos_ecommerce_extract,50832887
TXN000247,CUST0143,Upadhriti Ratti,qbansal@example.com,916981260648,"H.No. 686, De Path, Jamnagar 975909",1964-03-17,2271562089911371,228.53,2026-07-01,E-Commerce,False,2026-08-11T09:10:59.937700+00:00,retail_pos_ecommerce_extract,50832887
TXN000248,CUST0133,Janya Rege,ypalla@example.net,914445120610,"64, Raju Zila, Rewa 164474",1959-10-01,2241439374241086,2413.06,2026-03-23,E-Commerce,False,2026-08-11T09:10:59.937700+00:00,retail_pos_ecommerce_extract,50832887
TXN000249,CUST0022,Isha Bora,isami@example.net,7979903950,"75, Ben Path, Burhanpur 019054",1958-08-01,2266365061369577,1310.86,2026-03-24,E-Commerce,False,2026-08-11T09:10:59.937700+00:00,retail_pos_ecommerce_extract,50832887
TXN000250,CUST0105,Suhani Kapur,kamdarsara@example.org,8992022637,"43, Warrior Path, Khammam 104974",1999-12-29,2564973250974872,21765.6,2026-05-11,POS-Store,False,2026-08-11T09:10:59.937700+00:00,retail_pos_ecommerce_extract,50832887
TXN000251,CUST0143,Upadhriti Ratti,qbansal@example.com,916981260648,"H.No. 686, De Path, Jamnagar 975909",1964-03-17,2518052690978327,3143.85,2026-05-10,E-Commerce,False,2026-08-11T09:10:59.937700+00:00,retail_pos_ecommerce_extract,50832887
TXN000252,CUST0177,Shravya Sagar,udantsama@example.net,918363910174,"09/002, Varty Chowk, Bellary-197098",1979-05-09,5504536051693458,822.29,2026-07-05,POS-Store,False,2026-08-11T09:10:59.937700+00:00,retail_pos_ecommerce_extract,50832887
TXN000253,CUST0166,Gaurika Chakraborty,sathvik30@example.com,4730150514,"33/106, Mandal Street, Ramagundam 898234",1978-08-24,2238897820930450,1650.31,2026-07-17,POS-Store,False,2026-08-11T09:10:59.937700+00:00,retail_pos_ecommerce_extract,50832887
TXN000254,CUST0115,Bimala Gala,zdeo@example.com,6114054452,"82/042, Kota Marg, Bhilwara-195235",1972-03-10,2268983329767123,18983.31,2026-04-05,E-Commerce,False,2026-08-11T09:10:59.937700+00:00,retail_pos_ecommerce_extract,50832887
TXN000255,CUST0024,Rudra Handa,irarana@example.net,2446616770,"636, Jani Road, Raipur-693937",1995-12-01,2295718207245488,17337.51,2026-04-17,POS-Store,False,2026-08-11T09:10:59.937700+00:00,retail_pos_ecommerce_extract,50832887
TXN000256,CUST0057,Neha Sule,maanaspai@example.net,4210122796,"H.No. 39, Warrior Zila, Nellore 279833",1991-03-19,2283363028100085,2672.55,2026-06-14,POS-Store,False,2026-08-11T09:10:59.937700+00:00,retail_pos_ecommerce_extract,50832887
TXN000257,CUST0178,Nitara Jha,reddydevika@example.net,4351137548,"H.No. 20, Mistry Marg, Pali-206101",1982-12-26,2298304022127370,19723.22,2026-06-15,E-Commerce,False,2026-08-11T09:10:59.937700+00:00,retail_pos_ecommerce_extract,50832887
TXN000258,CUST0079,Indrajit Cherian,mshroff@example.net,913182588014,"H.No. 237, Patla Nagar, Allahabad 889115",1986-03-26,2720175779460422,75.02,2026-03-10,POS-Store,False,2026-08-11T09:10:59.937700+00:00,retail_pos_ecommerce_extract,50832887
TXN000259,CUST0122,Kritika Kunda,kantmason@example.org,911430893051,"H.No. 86, Gulati Chowk, Madurai 624931",1967-07-19,5380997573485725,4241.4,2026-05-08,POS-Store,False,2026-08-11T09:10:59.937700+00:00,retail_pos_ecommerce_extract,50832887
TXN000260,CUST0109,Siddharth Purohit,kashyapazad@example.net,916428252224,"23/17, Sami Street, Panihati-580429",1968-04-11,2245368408800623,7557.94,2026-03-01,POS-Store,False,2026-08-11T09:10:59.937700+00:00,retail_pos_ecommerce_extract,50832887
TXN000261,CUST0091,Lajita Sami,krish65@example.com,2581881388,"68, Dyal Road, Surat 879272",1990-06-23,5422359539766351,2523.18,2026-08-01,POS-Store,False,2026-08-11T09:10:59.937700+00:00,retail_pos_ecommerce_extract,50832887
TXN000262,CUST0070,Lopa Amble,warinder49@example.net,8421025811,"644, Sachdev Marg, Bahraich-443264",1987-02-04,2296244560981527,19316.18,2026-06-14,POS-Store,False,2026-08-11T09:10:59.937700+00:00,retail_pos_ecommerce_extract,50832887
TXN000263,CUST0065,Warjas Sarkar,trau@example.org,8971303403,"81, Dash Marg, Jalna 615968",1972-08-29,2419757340424171,12968.32,2026-06-24,E-Commerce,False,2026-08-11T09:10:59.937700+00:00,retail_pos_ecommerce_extract,50832887
TXN000264,CUST0031,Jhalak Gala,wsami@example.org,1922670320,"H.No. 99, Uppal Nagar, Malegaon 940044",1966-04-28,5591674234585434,2093.35,2026-02-22,E-Commerce,False,2026-08-11T09:10:59.937700+00:00,retail_pos_ecommerce_extract,50832887
TXN000265,CUST0081,Qushi Kala,agarwalsamaksh@example.net,1031862060,"H.No. 74, Parmar Marg, Kanpur 478078",2002-10-15,2716481264039887,870.62,2026-03-03,E-Commerce,False,2026-08-11T09:10:59.937700+00:00,retail_pos_ecommerce_extract,50832887
TXN000266,CUST0138,Saanvi Chandra,pranav65@example.net,919164224243,"75/523, Bumb Chowk, Jaipur-939707",1963-03-14,5320949614983773,21995.2,2026-03-09,E-Commerce,False,2026-08-11T09:10:59.937700+00:00,retail_pos_ecommerce_extract,50832887
TXN000267,CUST0050,Odika Brahmbhatt,praneelzacharia@example.net,918864756220,"00/91, Pau Circle, Asansol-673988",1978-11-20,2286600401183486,14442.78,2026-03-03,E-Commerce,False,2026-08-11T09:10:59.937700+00:00,retail_pos_ecommerce_extract,50832887
TXN000268,CUST0124,Ekanta Sant,saumya73@example.net,917164913546,"H.No. 80, Kunda Chowk, Durg-904069",2003-07-19,2286306427416880,4778.12,2026-05-10,POS-Store,False,2026-08-11T09:10:59.937700+00:00,retail_pos_ecommerce_extract,50832887
TXN000269,CUST0151,Om Chand,buchanirudh@example.net,6514747208,"966, Prashad Ganj, Kishanganj 389819",1995-12-18,2224001358473449,9205.67,2026-03-26,POS-Store,False,2026-08-11T09:10:59.937700+00:00,retail_pos_ecommerce_extract,50832887
TXN000270,CUST0026,Victor Pau,ravalanika@example.net,6985375708,"H.No. 263, Dube Ganj, Gangtok 607216",1982-12-06,2711363394476855,1516.51,2026-08-04,E-Commerce,False,2026-08-11T09:10:59.937700+00:00,retail_pos_ecommerce_extract,50832887
TXN000271,CUST0076,Warda Loyal,jsaran@example.org,919763975853,"H.No. 51, Karnik Circle, Vijayawada 393231",1982-01-08,2272971643386070,15305.36,2026-03-12,E-Commerce,False,2026-08-11T09:10:59.937700+00:00,retail_pos_ecommerce_extract,50832887
TXN000272,CUST0093,Aadi Kant,qrege@example.com,3023935819,"29, Thakkar Nagar, Shimla 380176",1970-05-30,2701821186973324,687.44,2026-04-24,E-Commerce,False,2026-08-11T09:10:59.937700+00:00,retail_pos_ecommerce_extract,50832887
TXN000273,CUST0078,Shivansh Nagy,joshua26@example.com,6812149397,"07/21, Palan Zila, Malda 577083",1976-12-05,2295110238225681,2432.29,2026-06-16,E-Commerce,False,2026-08-11T09:10:59.937700+00:00,retail_pos_ecommerce_extract,50832887
TXN000274,CUST0137,Nathaniel Rau,simon30@example.com,912506647898,"32/93, Ben, Amroha-245447",1979-06-26,2240650233491974,687.32,2026-05-17,E-Commerce,False,2026-08-11T09:10:59.937700+00:00,retail_pos_ecommerce_extract,50832887
TXN000275,CUST0071,Dhruv Lala,yoshita33@example.com,9340109705,"H.No. 73, Hans Marg, Kulti 209409",1963-01-07,2609015096302129,4088.5,2026-07-04,E-Commerce,False,2026-08-11T09:10:59.937700+00:00,retail_pos_ecommerce_extract,50832887
TXN000276,CUST0014,Mason Comar,andrewtank@example.org,913392865349,"H.No. 77, Babu Street, Amritsar-666053",1978-11-15,2299045546881211,4407.87,2026-05-14,POS-Store,False,2026-08-11T09:10:59.937700+00:00,retail_pos_ecommerce_extract,50832887
TXN000277,CUST0179,Triveni Kadakia,etahegde@example.org,916666300629,"47, Gour Ganj, Berhampore-992736",2001-07-20,2716870323000387,3243.19,2026-02-22,E-Commerce,False,2026-08-11T09:10:59.937700+00:00,retail_pos_ecommerce_extract,50832887
TXN000278,CUST0164,Ojasvi Chaudhary,ekanta46@example.org,3770482067,"H.No. 26, Din Chowk, Jodhpur 203562",1988-05-01,2297196400814970,11859.81,2026-04-11,POS-Store,False,2026-08-11T09:10:59.937700+00:00,retail_pos_ecommerce_extract,50832887
TXN000279,CUST0027,Akshay Uppal,ronith40@example.com,913914529489,"79, Thakkar Ganj, Jorhat-336852",1971-12-13,2223075857484546,77.31,2026-03-14,E-Commerce,False,2026-08-11T09:10:59.937700+00:00,retail_pos_ecommerce_extract,50832887
TXN000280,CUST0147,Yashoda Nanda,ddugar@example.net,6047074746,"606, Solanki, Nellore 091292",2000-08-22,5571295084718505,3480.62,2026-07-18,POS-Store,False,2026-08-11T09:10:59.937700+00:00,retail_pos_ecommerce_extract,50832887
TXN000281,CUST0121,Ishani Agate,shravyadua@example.com,917822678081,"05/279, Ahuja Marg, Silchar 815845",2003-07-19,5452432547227501,1851.64,2026-03-25,POS-Store,False,2026-08-11T09:10:59.937700+00:00,retail_pos_ecommerce_extract,50832887
TXN000282,CUST0113,Divya Chaudhry,advikchander@example.com,915146793963,"20/12, Sridhar Chowk, Durgapur 535695",1984-05-01,5597415829279833,63.8,2026-06-05,POS-Store,False,2026-08-11T09:10:59.937700+00:00,retail_pos_ecommerce_extract,50832887
TXN000283,CUST0048,Ishanvi Kunda,akshay36@example.org,6961535839,"75/316, Krishnan Chowk, Cuttack-606189",1983-12-18,2296858060156395,3359.08,2026-03-07,E-Commerce,False,2026-08-11T09:10:59.937700+00:00,retail_pos_ecommerce_extract,50832887
TXN000284,CUST0065,Warjas Sarkar,trau@example.org,8971303403,"81, Dash Marg, Jalna 615968",1972-08-29,2324612652794550,2749.46,2026-07-26,POS-Store,False,2026-08-11T09:10:59.937700+00:00,retail_pos_ecommerce_extract,50832887
TXN000285,CUST0030,Ryan Dutt,dubeyekavir@example.com,3506857479,"388, Goda Path, Berhampur 933323",1967-03-04,2259746917207468,10920.99,2026-02-18,E-Commerce,False,2026-08-11T09:10:59.937700+00:00,retail_pos_ecommerce_extract,50832887
TXN000286,CUST0103,Rachita Ravel,osur@example.com,8206940028,"H.No. 048, Sagar Road, Pudukkottai-982337",1992-07-09,5101682234789180,4133.83,2026-05-21,POS-Store,False,2026-08-11T09:10:59.937700+00:00,retail_pos_ecommerce_extract,50832887
TXN000287,CUST0019,Nikita Master,anigam@example.org,913847487091,"67/595, Bains Chowk, Aurangabad 368095",1977-10-11,2226222417550450,3487.72,2026-06-25,E-Commerce,False,2026-08-11T09:10:59.937700+00:00,retail_pos_ecommerce_extract,50832887
TXN000288,CUST0039,Anirudh Kibe,mohantylogan@example.com,912762642514,"H.No. 36, Nigam Ganj, Etawah-571776",1969-03-14,5294465608351028,21141.9,2026-02-16,E-Commerce,False,2026-08-11T09:10:59.937700+00:00,retail_pos_ecommerce_extract,50832887
TXN000289,CUST0145,Patrick Saxena,rzachariah@example.net,7271139188,"H.No. 62, Devan Chowk, Deoghar 628523",1969-04-13,5336171382261355,929.33,2026-02-13,POS-Store,False,2026-08-11T09:10:59.937700+00:00,retail_pos_ecommerce_extract,50832887
TXN000290,CUST0022,Isha Bora,isami@example.net,7979903950,"75, Ben Path, Burhanpur 019054",1958-08-01,2238868046855870,2032.72,2026-08-07,E-Commerce,False,2026-08-11T09:10:59.937700+00:00,retail_pos_ecommerce_extract,50832887
TXN000291,CUST0031,Jhalak Gala,wsami@example.org,1922670320,"H.No. 99, Uppal Nagar, Malegaon 940044",1966-04-28,2365484461718471,4919.15,2026-06-03,POS-Store,False,2026-08-11T09:10:59.937700+00:00,retail_pos_ecommerce_extract,50832887
TXN000292,CUST0156,Isaac Contractor,omkaarpradhan@example.net,6212666222,"92/970, Bedi Nagar, Rajkot 503243",1991-07-03,2299365737422025,2314.68,2026-04-18,E-Commerce,False,2026-08-11T09:10:59.937700+00:00,retail_pos_ecommerce_extract,50832887
TXN000293,CUST0134,Idika Bir,vpradhan@example.net,911207236827,"H.No. 887, Lal Street, Ahmedabad-330891",1968-01-14,2716026778842050,1960.34,2026-07-08,POS-Store,False,2026-08-11T09:10:59.937700+00:00,retail_pos_ecommerce_extract,50832887
TXN000294,CUST0116,Ucchal Nair,misraanmol@example.net,9428688174,"92/70, Raval Nagar, Mysore-816868",1998-09-15,2720519057792255,172.31,2026-03-28,POS-Store,False,2026-08-11T09:10:59.937700+00:00,retail_pos_ecommerce_extract,50832887
TXN000295,CUST0077,Aahana Varughese,binakota@example.net,2209703704,"54/913, Bal Chowk, Mangalore-284417",1963-12-09,2310594694754030,194.16,2026-06-06,POS-Store,False,2026-08-11T09:10:59.937700+00:00,retail_pos_ecommerce_extract,50832887
TXN000296,CUST0079,Indrajit Cherian,mshroff@example.net,913182588014,"H.No. 237, Patla Nagar, Allahabad 889115",1986-03-26,5239164865770735,658.19,2026-04-22,E-Commerce,False,2026-08-11T09:10:59.937700+00:00,retail_pos_ecommerce_extract,50832887
TXN000297,CUST0157,Henry Kala,ctailor@example.net,3388376436,"76/62, Dubey Circle, Ulhasnagar 501303",1997-04-21,5333176427209585,378.04,2026-06-01,E-Commerce,False,2026-08-11T09:10:59.937700+00:00,retail_pos_ecommerce_extract,50832887
TXN000298,CUST0054,Garima Yadav,anthonymukherjee@example.org,4047668649,"38/38, Kalita Path, Ahmedabad-233041",1998-09-05,5343443575317737,13057.87,2026-05-29,E-Commerce,False,2026-08-11T09:10:59.937700+00:00,retail_pos_ecommerce_extract,50832887
TXN000299,CUST0068,Yauvani Chand,zmerchant@example.com,915193179610,"209, More Zila, Anantapuram 766010",1982-03-21,2260055907001924,1689.11,2026-08-08,E-Commerce,False,2026-08-11T09:10:59.937700+00:00,retail_pos_ecommerce_extract,50832887
TXN000300,CUST0041,Saumya Sharma,boasewarda@example.org,552258999,"H.No. 531, Saraf Path, Bellary-822942",1965-01-26,2709829926000151,88.78,2026-05-11,E-Commerce,False,2026-08-11T09:10:59.937700+00:00,retail_pos_ecommerce_extract,50832887
TXN000301,CUST0045,Jacob Bhatnagar,chadagautami@example.com,9355247230,"H.No. 80, Sur, Giridih-428587",1964-03-29,5269584335278410,314.38,2026-05-26,E-Commerce,False,2026-08-11T09:10:59.937700+00:00,retail_pos_ecommerce_extract,50832887
TXN000302,CUST0041,Saumya Sharma,boasewarda@example.org,552258999,"H.No. 531, Saraf Path, Bellary-822942",1965-01-26,2626606545323267,134.18,2026-05-24,E-Commerce,False,2026-08-11T09:10:59.937700+00:00,retail_pos_ecommerce_extract,50832887
TXN000303,CUST0105,Suhani Kapur,kamdarsara@example.org,8992022637,"43, Warrior Path, Khammam 104974",1999-12-29,2472749017953198,487.28,2026-05-02,POS-Store,False,2026-08-11T09:10:59.937700+00:00,retail_pos_ecommerce_extract,50832887
TXN000304,CUST0177,Shravya Sagar,udantsama@example.net,918363910174,"09/002, Varty Chowk, Bellary-197098",1979-05-09,5171643351015051,395.69,2026-03-15,POS-Store,False,2026-08-11T09:10:59.937700+00:00,retail_pos_ecommerce_extract,50832887
TXN000305,CUST0075,Chakrika Mittal,morarmadhavi@example.org,3017732058,"87/478, Ramaswamy Road, Noida 731550",1993-12-28,5485875229101777,3760.89,2026-05-10,E-Commerce,False,2026-08-11T09:10:59.937700+00:00,retail_pos_ecommerce_extract,50832887
TXN000306,CUST0060,Umang Buch,timothy24@example.org,1103195546,"H.No. 725, Gala Road, Pimpri-Chinchwad 667057",1981-12-14,2399717905592527,808.64,2026-06-15,POS-Store,False,2026-08-11T09:10:59.937700+00:00,retail_pos_ecommerce_extract,50832887
TXN000307,CUST0073,Ekta Mitra,anushamitra@example.com,7400080896,"65/285, Pathak Nagar, Mangalore 300710",1960-11-17,2230978460998961,1326.95,2026-07-23,POS-Store,False,2026-08-11T09:10:59.937700+00:00,retail_pos_ecommerce_extract,50832887
TXN000308,CUST0019,Nikita Master,anigam@example.org,913847487091,"67/595, Bains Chowk, Aurangabad 368095",1977-10-11,2571992253734241,20654.91,2026-03-20,E-Commerce,False,2026-08-11T09:10:59.937700+00:00,retail_pos_ecommerce_extract,50832887
TXN000309,CUST0068,Yauvani Chand,zmerchant@example.com,915193179610,"209, More Zila, Anantapuram 766010",1982-03-21,2426433200147200,312.76,2026-06-28,E-Commerce,False,2026-08-11T09:10:59.937700+00:00,retail_pos_ecommerce_extract,50832887
TXN000310,CUST0109,Siddharth Purohit,kashyapazad@example.net,916428252224,"23/17, Sami Street, Panihati-580429",1968-04-11,5428387404600847,3992.29,2026-05-01,E-Commerce,False,2026-08-11T09:10:59.937700+00:00,retail_pos_ecommerce_extract,50832887
TXN000311,CUST0140,Jagrati Srinivas,parmarirya@example.net,913892977115,"846, Kamdar, Nellore 391168",1965-01-24,2719655779219582,248.67,2026-05-29,E-Commerce,False,2026-08-11T09:10:59.937700+00:00,retail_pos_ecommerce_extract,50832887
TXN000312,CUST0166,Gaurika Chakraborty,sathvik30@example.com,4730150514,"33/106, Mandal Street, Ramagundam 898234",1978-08-24,5353161140391394,2937.61,2026-03-15,E-Commerce,False,2026-08-11T09:10:59.937700+00:00,retail_pos_ecommerce_extract,50832887
TXN000313,CUST0069,Azad Ramakrishnan,tsandal@example.com,914580704974,"H.No. 676, Kulkarni Zila, Tiruvottiyur 478629",1977-09-14,2240218810476642,2475.29,2026-07-27,E-Commerce,False,2026-08-11T09:10:59.937700+00:00,retail_pos_ecommerce_extract,50832887
TXN000314,CUST0019,Nikita Master,anigam@example.org,913847487091,"67/595, Bains Chowk, Aurangabad 368095",1977-10-11,2290410059881462,3989.14,2026-06-16,E-Commerce,False,2026-08-11T09:10:59.937700+00:00,retail_pos_ecommerce_extract,50832887
TXN000315,CUST0043,Nilima Dara,unadkarni@example.org,4868507284,"25, Das Street, Jalgaon 673784",1990-06-12,2660005067037768,289.56,2026-04-07,POS-Store,False,2026-08-11T09:10:59.937700+00:00,retail_pos_ecommerce_extract,50832887
TXN000316,CUST0153,Jairaj Ramanathan,harrison29@example.org,7686617991,"H.No. 720, Ben Zila, Ballia 984360",1976-01-18,2272943242516803,4579.93,2026-04-19,POS-Store,False,2026-08-11T09:10:59.937700+00:00,retail_pos_ecommerce_extract,50832887
TXN000317,CUST0113,Divya Chaudhry,advikchander@example.com,915146793963,"20/12, Sridhar Chowk, Durgapur 535695",1984-05-01,2283725292490956,3127.92,2026-02-12,E-Commerce,False,2026-08-11T09:10:59.937700+00:00,retail_pos_ecommerce_extract,50832887
TXN000318,CUST0120,Lohit Kala,zaid37@example.org,4669583880,"H.No. 550, Pai Ganj, Saharanpur 876372",1974-01-11,2261954066243690,474.59,2026-06-30,POS-Store,False,2026-08-11T09:10:59.937700+00:00,retail_pos_ecommerce_extract,50832887
TXN000319,CUST0180,Tripti Pingle,tdar@example.com,2949642214,"248, Dhingra, Vasai-Virar-098400",1977-03-22,2304114517434401,1969.64,2026-08-06,POS-Store,False,2026-08-11T09:10:59.937700+00:00,retail_pos_ecommerce_extract,50832887
TXN000320,CUST0070,Lopa Amble,warinder49@example.net,8421025811,"644, Sachdev Marg, Bahraich-443264",1987-02-04,2235613724281301,408.04,2026-05-08,POS-Store,False,2026-08-11T09:10:59.937700+00:00,retail_pos_ecommerce_extract,50832887
TXN000321,CUST0113,Divya Chaudhry,advikchander@example.com,915146793963,"20/12, Sridhar Chowk, Durgapur 535695",1984-05-01,2289449273804259,355.65,2026-07-06,E-Commerce,False,2026-08-11T09:10:59.937700+00:00,retail_pos_ecommerce_extract,50832887
TXN000322,CUST0154,Bakhshi Bakshi,bhavya28@example.net,7489273312,"06/38, Rajan Marg, Hubli–Dharwad-782910",1985-12-19,2284139448382159,360.79,2026-03-24,E-Commerce,False,2026-08-11T09:10:59.937700+00:00,retail_pos_ecommerce_extract,50832887
TXN000323,CUST0111,Yamini Mitter,bhandariyash@example.com,2339208098,"131, Aggarwal Street, Madhyamgram 988534",1988-07-08,2251963969657866,895.11,2026-05-02,POS-Store,False,2026-08-11T09:10:59.937700+00:00,retail_pos_ecommerce_extract,50832887
TXN000324,CUST0155,Lavanya Grewal,fradosinha@example.net,4324726049,"95, Nadig Street, Sangli-Miraj & Kupwad 316176",1993-10-18,2236041510201425,3715.73,2026-07-18,POS-Store,False,2026-08-11T09:10:59.937700+00:00,retail_pos_ecommerce_extract,50832887
TXN000325,CUST0007,Neha Pant,ekansh43@example.org,917040648538,"44, Prabhu Ganj, Miryalaguda 887300",1967-03-13,2236343568198937,2993.27,2026-03-08,E-Commerce,False,2026-08-11T09:10:59.937700+00:00,retail_pos_ecommerce_extract,50832887
TXN000326,CUST0059,Ganga Muni,xtiwari@example.com,7302250344,"H.No. 931, Naidu Marg, Pali-560389",1976-10-18,2295850485220287,559.71,2026-03-06,E-Commerce,False,2026-08-11T09:10:59.937700+00:00,retail_pos_ecommerce_extract,50832887
TXN000327,CUST0173,Jagrati Purohit,muttiaryan@example.com,7044021975,"H.No. 05, Sehgal Ganj, Proddatur 739407",1960-10-26,2261014687251752,3981.01,2026-02-22,POS-Store,False,2026-08-11T09:10:59.937700+00:00,retail_pos_ecommerce_extract,50832887
TXN000328,CUST0148,Niharika Mangal,sandhudarpan@example.com,917212395088,"H.No. 01, Jani Road, Guwahati-185200",1972-10-24,5389995209208603,1510.19,2026-02-27,E-Commerce,False,2026-08-11T09:10:59.937700+00:00,retail_pos_ecommerce_extract,50832887
TXN000329,CUST0045,Jacob Bhatnagar,chadagautami@example.com,9355247230,"H.No. 80, Sur, Giridih-428587",1964-03-29,2639161958846789,394.57,2026-06-21,POS-Store,False,2026-08-11T09:10:59.937700+00:00,retail_pos_ecommerce_extract,50832887
TXN000330,CUST0133,Janya Rege,ypalla@example.net,914445120610,"64, Raju Zila, Rewa 164474",1959-10-01,5447460495074144,3282.54,2026-02-28,POS-Store,False,2026-08-11T09:10:59.937700+00:00,retail_pos_ecommerce_extract,50832887
TXN000331,CUST0072,Sarthak Suresh,zehaanbuch@example.org,5822445060,"45, Ben Circle, Deoghar 389790",1978-07-20,2720348974956813,4945.07,2026-06-28,E-Commerce,False,2026-08-11T09:10:59.937700+00:00,retail_pos_ecommerce_extract,50832887
TXN000332,CUST0150,Vanya Bhakta,epall@example.org,911424714068,"553, Ahluwalia, Anantapur-312017",2005-05-04,5458053263910304,1948.67,2026-05-21,POS-Store,False,2026-08-11T09:10:59.937700+00:00,retail_pos_ecommerce_extract,50832887
TXN000333,CUST0163,Jalsa Wali,aradhana04@example.com,5267163298,"H.No. 562, Loke Street, Jehanabad-932079",1963-09-30,2226303921772606,195.06,2026-06-09,POS-Store,False,2026-08-11T09:10:59.937700+00:00,retail_pos_ecommerce_extract,50832887
TXN000334,CUST0024,Rudra Handa,irarana@example.net,2446616770,"636, Jani Road, Raipur-693937",1995-12-01,2222252101616261,202.49,2026-04-17,POS-Store,False,2026-08-11T09:10:59.937700+00:00,retail_pos_ecommerce_extract,50832887
TXN000335,CUST0090,Simon Srinivasan,nikita82@example.net,914482437348,"13/806, Gopal Zila, Aligarh 229846",1993-10-31,2271749592890990,320.56,2026-03-28,POS-Store,False,2026-08-11T09:10:59.937700+00:00,retail_pos_ecommerce_extract,50832887
TXN000336,CUST0086,Zinal Modi,maya71@example.com,9373066001,"83, Chada Marg, Gulbarga-850949",1970-07-12,2299853396189597,901.03,2026-08-02,POS-Store,False,2026-08-11T09:10:59.937700+00:00,retail_pos_ecommerce_extract,50832887
TXN000337,CUST0172,Luke Mani,harinisem@example.com,6098767430,"H.No. 871, Chakraborty Marg, Tinsukia-617559",1964-01-18,2296004570915208,547.76,2026-07-27,E-Commerce,False,2026-08-11T09:10:59.937700+00:00,retail_pos_ecommerce_extract,50832887
TXN000338,CUST0042,Omya Grover,abhimanyu84@example.org,4734288665,"81, Ratta Zila, Tadipatri-448557",1984-04-20,2617802065818221,4928.53,2026-05-06,POS-Store,False,2026-08-11T09:10:59.937700+00:00,retail_pos_ecommerce_extract,50832887
TXN000339,CUST0106,Chanakya Vohra,chaudryfalan@example.net,287765846,"01/575, Sheth Marg, Kota 924271",2005-06-21,2713907713882785,427.56,2026-04-04,POS-Store,False,2026-08-11T09:10:59.937700+00:00,retail_pos_ecommerce_extract,50832887
TXN000340,CUST0074,Bhavini Anand,chandranbalhaar@example.org,6600725503,"77, Dayal Zila, Pudukkottai 232922",1986-04-20,2245490273627103,19713.76,2026-05-26,POS-Store,False,2026-08-11T09:10:59.937700+00:00,retail_pos_ecommerce_extract,50832887
TXN000341,CUST0141,Nimrat Sanghvi,shafaraj@example.com,9432073231,"H.No. 48, Sandal Street, Mehsana 281248",1965-09-07,2673946531123186,9385.09,2026-07-15,E-Commerce,False,2026-08-11T09:10:59.937700+00:00,retail_pos_ecommerce_extract,50832887
TXN000342,CUST0117,Xalak Gokhale,baghyawatitank@example.com,912963264634,"H.No. 423, Lad Ganj, Mau 442346",1958-04-17,2720123035030910,684.54,2026-02-13,E-Commerce,False,2026-08-11T09:10:59.937700+00:00,retail_pos_ecommerce_extract,50832887
TXN000343,CUST0081,Qushi Kala,agarwalsamaksh@example.net,1031862060,"H.No. 74, Parmar Marg, Kanpur 478078",2002-10-15,2454753361426399,14465.41,2026-04-28,POS-Store,False,2026-08-11T09:10:59.937700+00:00,retail_pos_ecommerce_extract,50832887
TXN000344,CUST0083,Hamsini Kara,anvi19@example.com,8002415929,"H.No. 696, Sem Path, Vijayawada-120991",1999-03-02,2238175388865420,2119.64,2026-04-26,E-Commerce,False,2026-08-11T09:10:59.937700+00:00,retail_pos_ecommerce_extract,50832887
TXN000345,CUST0104,Alexander Rege,amrita25@example.com,4584929505,"H.No. 412, Sankar Street, Anantapur-432245",1992-03-27,5143656496242526,1747.99,2026-07-30,E-Commerce,False,2026-08-11T09:10:59.937700+00:00,retail_pos_ecommerce_extract,50832887
TXN000346,CUST0169,Eshana Bansal,ishani34@example.net,2193565750,"99, Apte Chowk, Rajpur Sonarpur-830651",1964-05-15,5554227941058206,453.74,2026-05-14,POS-Store,False,2026-08-11T09:10:59.937700+00:00,retail_pos_ecommerce_extract,50832887
TXN000347,CUST0106,Chanakya Vohra,chaudryfalan@example.net,287765846,"01/575, Sheth Marg, Kota 924271",2005-06-21,2705814814958748,1969.4,2026-07-05,E-Commerce,False,2026-08-11T09:10:59.937700+00:00,retail_pos_ecommerce_extract,50832887
TXN000348,CUST0049,Netra Gour,palladavid@example.com,912515101554,"H.No. 382, Ben Path, New Delhi 046736",1965-02-27,2254379163450403,629.48,2026-06-09,POS-Store,False,2026-08-11T09:10:59.937700+00:00,retail_pos_ecommerce_extract,50832887
TXN000349,CUST0160,Saumya Apte,ramanudant@example.org,913616182151,"372, Kalita Zila, Narasaraopet-682474",1968-11-09,5252341607795517,601.6,2026-03-29,POS-Store,False,2026-08-11T09:10:59.937700+00:00,retail_pos_ecommerce_extract,50832887
TXN000350,CUST0161,Xalak Trivedi,chavvitalwar@example.org,4796024025,"15/767, Vora Ganj, Tinsukia-159266",1980-03-29,5451373931071546,506.6,2026-06-11,POS-Store,False,2026-08-11T09:10:59.937700+00:00,retail_pos_ecommerce_extract,50832887
TXN000351,CUST0014,Mason Comar,andrewtank@example.org,913392865349,"H.No. 77, Babu Street, Amritsar-666053",1978-11-15,2258097426389277,1207.24,2026-03-01,E-Commerce,False,2026-08-11T09:10:59.937700+00:00,retail_pos_ecommerce_extract,50832887
TXN000352,CUST0069,Azad Ramakrishnan,tsandal@example.com,914580704974,"H.No. 676, Kulkarni Zila, Tiruvottiyur 478629",1977-09-14,2524713070583985,1537.52,2026-02-16,E-Commerce,False,2026-08-11T09:10:59.937700+00:00,retail_pos_ecommerce_extract,50832887
TXN000353,CUST0074,Bhavini Anand,chandranbalhaar@example.org,6600725503,"77, Dayal Zila, Pudukkottai 232922",1986-04-20,5275171338495662,989.47,2026-02-20,POS-Store,False,2026-08-11T09:10:59.937700+00:00,retail_pos_ecommerce_extract,50832887
TXN000354,CUST0179,Triveni Kadakia,etahegde@example.org,916666300629,"47, Gour Ganj, Berhampore-992736",2001-07-20,2260093481041222,818.57,2026-03-08,POS-Store,False,2026-08-11T09:10:59.937700+00:00,retail_pos_ecommerce_extract,50832887
TXN000355,CUST0032,Yug Thaman,khalsaati@example.org,913780126147,"688, Hari Path, Firozabad 567299",1992-02-01,2268880691857963,696.75,2026-08-02,E-Commerce,False,2026-08-11T09:10:59.937700+00:00,retail_pos_ecommerce_extract,50832887
TXN000356,CUST0162,Onveer Misra,mgarde@example.org,7568123914,"05/401, Kulkarni Street, Jamnagar 538665",1978-02-27,2701473800240563,3381.96,2026-02-18,E-Commerce,False,2026-08-11T09:10:59.937700+00:00,retail_pos_ecommerce_extract,50832887
TXN000357,CUST0041,Saumya Sharma,boasewarda@example.org,552258999,"H.No. 531, Saraf Path, Bellary-822942",1965-01-26,5285808760287673,2646.95,2026-06-06,POS-Store,False,2026-08-11T09:10:59.937700+00:00,retail_pos_ecommerce_extract,50832887
TXN000358,CUST0142,Joshua Issac,snehabalakrishnan@example.net,919933142491,"23, Cheema Ganj, Singrauli 840601",2001-08-07,2247024653172741,4717.19,2026-03-21,E-Commerce,False,2026-08-11T09:10:59.937700+00:00,retail_pos_ecommerce_extract,50832887
TXN000359,CUST0142,Joshua Issac,snehabalakrishnan@example.net,919933142491,"23, Cheema Ganj, Singrauli 840601",2001-08-07,2233019951332035,21405.49,2026-07-06,POS-Store,False,2026-08-11T09:10:59.937700+00:00,retail_pos_ecommerce_extract,50832887
TXN000360,CUST0024,Rudra Handa,irarana@example.net,2446616770,"636, Jani Road, Raipur-693937",1995-12-01,5566573625744488,743.59,2026-06-19,E-Commerce,False,2026-08-11T09:10:59.937700+00:00,retail_pos_ecommerce_extract,50832887
TXN000361,CUST0030,Ryan Dutt,dubeyekavir@example.com,3506857479,"388, Goda Path, Berhampur 933323",1967-03-04,2241629847522407,8081.78,2026-04-26,POS-Store,False,2026-08-11T09:10:59.937700+00:00,retail_pos_ecommerce_extract,50832887
TXN000362,CUST0031,Jhalak Gala,wsami@example.org,1922670320,"H.No. 99, Uppal Nagar, Malegaon 940044",1966-04-28,2232321808852798,753.32,2026-04-26,E-Commerce,False,2026-08-11T09:10:59.937700+00:00,retail_pos_ecommerce_extract,50832887
TXN000363,CUST0128,Tanmayi Barman,tchander@example.com,910455887635,"H.No. 34, Ravel Chowk, Mysore 938423",1972-06-29,2246300977123847,4366.47,2026-04-16,POS-Store,False,2026-08-11T09:10:59.937700+00:00,retail_pos_ecommerce_extract,50832887
TXN000364,CUST0131,Upma Karnik,manderturvi@example.org,628008475,"365, Johal Circle, Anantapur 654548",1987-01-30,2529241080070525,804.71,2026-03-27,POS-Store,False,2026-08-11T09:10:59.937700+00:00,retail_pos_ecommerce_extract,50832887
TXN000365,CUST0107,Eta Swaminathan,jack92@example.com,6319195366,"66, Pradhan Marg, Chittoor-432039",1980-07-22,2706976922899087,205.31,2026-02-22,POS-Store,False,2026-08-11T09:10:59.937700+00:00,retail_pos_ecommerce_extract,50832887
TXN000366,CUST0121,Ishani Agate,shravyadua@example.com,917822678081,"05/279, Ahuja Marg, Silchar 815845",2003-07-19,2705232814057199,823.03,2026-02-21,E-Commerce,False,2026-08-11T09:10:59.937700+00:00,retail_pos_ecommerce_extract,50832887
TXN000367,CUST0117,Xalak Gokhale,baghyawatitank@example.com,912963264634,"H.No. 423, Lad Ganj, Mau 442346",1958-04-17,2279318415034020,3091.74,2026-02-17,E-Commerce,False,2026-08-11T09:10:59.937700+00:00,retail_pos_ecommerce_extract,50832887
TXN000368,CUST0099,Vinaya Manda,fchoudhury@example.com,6034575744,"H.No. 52, Dhar Zila, Tadipatri 917745",1971-09-18,2690379800920281,4507.92,2026-03-14,E-Commerce,False,2026-08-11T09:10:59.937700+00:00,retail_pos_ecommerce_extract,50832887
TXN000369,CUST0154,Bakhshi Bakshi,bhavya28@example.net,7489273312,"06/38, Rajan Marg, Hubli–Dharwad-782910",1985-12-19,2586400509240412,4265.58,2026-03-12,E-Commerce,False,2026-08-11T09:10:59.937700+00:00,retail_pos_ecommerce_extract,50832887
TXN000370,CUST0018,Ridhi Savant,virajradhakrishnan@example.com,911173124919,"H.No. 80, Bhatia Ganj, South Dumdum 602888",1995-08-21,2643783588298737,2507.4,2026-05-08,POS-Store,False,2026-08-11T09:10:59.937700+00:00,retail_pos_ecommerce_extract,50832887
TXN000371,CUST0107,Eta Swaminathan,jack92@example.com,6319195366,"66, Pradhan Marg, Chittoor-432039",1980-07-22,2491852529471134,2205.21,2026-05-05,POS-Store,False,2026-08-11T09:10:59.937700+00:00,retail_pos_ecommerce_extract,50832887
TXN000372,CUST0130,Samuel Bath,desainathaniel@example.org,9818472762,"H.No. 405, Borde Nagar, Ichalkaranji 097568",1958-01-19,5381208093820089,3010.38,2026-06-19,POS-Store,False,2026-08-11T09:10:59.937700+00:00,retail_pos_ecommerce_extract,50832887
TXN000373,CUST0001,Girish Hans,yseshadri@example.org,957036897,"68, Warrior Road, Ulhasnagar-028568",1967-12-28,2280533035745071,903.7,2026-03-18,POS-Store,False,2026-08-11T09:10:59.937700+00:00,retail_pos_ecommerce_extract,50832887
TXN000374,CUST0077,Aahana Varughese,binakota@example.net,2209703704,"54/913, Bal Chowk, Mangalore-284417",1963-12-09,5219946204708218,3173.67,2026-07-21,POS-Store,False,2026-08-11T09:10:59.937700+00:00,retail_pos_ecommerce_extract,50832887
TXN000375,CUST0039,Anirudh Kibe,mohantylogan@example.com,912762642514,"H.No. 36, Nigam Ganj, Etawah-571776",1969-03-14,2498446339028805,15612.42,2026-04-15,POS-Store,False,2026-08-11T09:10:59.937700+00:00,retail_pos_ecommerce_extract,50832887
TXN000376,CUST0138,Saanvi Chandra,pranav65@example.net,919164224243,"75/523, Bumb Chowk, Jaipur-939707",1963-03-14,2701646028500716,941.9,2026-06-25,POS-Store,False,2026-08-11T09:10:59.937700+00:00,retail_pos_ecommerce_extract,50832887
TXN000377,CUST0089,Tara Bir,klalla@example.com,918814190235,"H.No. 05, Peri Marg, Akola-176683",1996-06-08,5259118715140999,2339.29,2026-07-30,POS-Store,False,2026-08-11T09:10:59.937700+00:00,retail_pos_ecommerce_extract,50832887
TXN000378,CUST0142,Joshua Issac,snehabalakrishnan@example.net,919933142491,"23, Cheema Ganj, Singrauli 840601",2001-08-07,2282259389286110,803.53,2026-02-20,POS-Store,False,2026-08-11T09:10:59.937700+00:00,retail_pos_ecommerce_extract,50832887
TXN000379,CUST0117,Xalak Gokhale,baghyawatitank@example.com,912963264634,"H.No. 423, Lad Ganj, Mau 442346",1958-04-17,5578438622500257,3133.31,2026-03-13,POS-Store,False,2026-08-11T09:10:59.937700+00:00,retail_pos_ecommerce_extract,50832887
TXN000380,CUST0049,Netra Gour,palladavid@example.com,912515101554,"H.No. 382, Ben Path, New Delhi 046736",1965-02-27,2571386912152400,18406.36,2026-04-11,E-Commerce,False,2026-08-11T09:10:59.937700+00:00,retail_pos_ecommerce_extract,50832887
TXN000381,CUST0147,Yashoda Nanda,ddugar@example.net,6047074746,"606, Solanki, Nellore 091292",2000-08-22,5374338531650936,345.82,2026-04-09,POS-Store,False,2026-08-11T09:10:59.937700+00:00,retail_pos_ecommerce_extract,50832887
TXN000382,CUST0060,Umang Buch,timothy24@example.org,1103195546,"H.No. 725, Gala Road, Pimpri-Chinchwad 667057",1981-12-14,5344491243309262,756.01,2026-04-16,POS-Store,False,2026-08-11T09:10:59.937700+00:00,retail_pos_ecommerce_extract,50832887
TXN000383,CUST0012,Harini Sodhi,ravalojasvi@example.net,8462637222,"H.No. 05, Mital, Rajkot-175042",1966-05-29,5575826431845397,590.83,2026-03-09,POS-Store,False,2026-08-11T09:10:59.937700+00:00,retail_pos_ecommerce_extract,50832887
TXN000384,CUST0122,Kritika Kunda,kantmason@example.org,911430893051,"H.No. 86, Gulati Chowk, Madurai 624931",1967-07-19,5559364055294346,4506.19,2026-06-19,POS-Store,False,2026-08-11T09:10:59.937700+00:00,retail_pos_ecommerce_extract,50832887
TXN000385,CUST0099,Vinaya Manda,fchoudhury@example.com,6034575744,"H.No. 52, Dhar Zila, Tadipatri 917745",1971-09-18,2556194224220959,4284.21,2026-07-19,E-Commerce,False,2026-08-11T09:10:59.937700+00:00,retail_pos_ecommerce_extract,50832887
TXN000386,CUST0127,Krisha Kari,majumdarharinakshi@example.net,5414769752,"73/68, Dube Zila, Kottayam-612498",1991-07-19,5199479981320183,853.28,2026-08-05,E-Commerce,False,2026-08-11T09:10:59.937700+00:00,retail_pos_ecommerce_extract,50832887
TXN000387,CUST0033,Nihal Prabhakar,phora@example.net,5300616156,"51/42, Banerjee Path, Bhubaneswar 359546",1966-09-05,2248493512384368,427.03,2026-05-20,POS-Store,False,2026-08-11T09:10:59.937700+00:00,retail_pos_ecommerce_extract,50832887
TXN000388,CUST0026,Victor Pau,ravalanika@example.net,6985375708,"H.No. 263, Dube Ganj, Gangtok 607216",1982-12-06,5251665746531289,1599.52,2026-06-18,POS-Store,False,2026-08-11T09:10:59.937700+00:00,retail_pos_ecommerce_extract,50832887
TXN000389,CUST0026,Victor Pau,ravalanika@example.net,6985375708,"H.No. 263, Dube Ganj, Gangtok 607216",1982-12-06,2276311870909748,735.42,2026-03-24,POS-Store,False,2026-08-11T09:10:59.937700+00:00,retail_pos_ecommerce_extract,50832887
TXN000390,CUST0004,Inaya Kota,pdara@example.net,8372962231,"76, Srinivasan Road, Bareilly-093979",1979-12-21,2253623071345697,3563.95,2026-03-06,E-Commerce,False,2026-08-11T09:10:59.937700+00:00,retail_pos_ecommerce_extract,50832887
TXN000391,CUST0105,Suhani Kapur,kamdarsara@example.org,8992022637,"43, Warrior Path, Khammam 104974",1999-12-29,2555255130686566,3170.36,2026-05-23,E-Commerce,False,2026-08-11T09:10:59.937700+00:00,retail_pos_ecommerce_extract,50832887
TXN000392,CUST0020,Logan Grewal,brahmbhattnisha@example.org,6987176478,"H.No. 637, Luthra, Berhampur 430242",1998-04-20,2272277200185958,378.07,2026-03-18,POS-Store,False,2026-08-11T09:10:59.937700+00:00,retail_pos_ecommerce_extract,50832887
TXN000393,CUST0068,Yauvani Chand,zmerchant@example.com,915193179610,"209, More Zila, Anantapuram 766010",1982-03-21,2262544894491105,912.12,2026-06-12,POS-Store,False,2026-08-11T09:10:59.937700+00:00,retail_pos_ecommerce_extract,50832887
TXN000394,CUST0160,Saumya Apte,ramanudant@example.org,913616182151,"372, Kalita Zila, Narasaraopet-682474",1968-11-09,2246794378697146,2603.0,2026-05-07,POS-Store,False,2026-08-11T09:10:59.937700+00:00,retail_pos_ecommerce_extract,50832887
TXN000395,CUST0167,Anusha Bobal,davenathaniel@example.com,8783095844,"H.No. 409, Bhandari Path, Phusro 646458",1977-10-04,2703091609556282,4788.19,2026-07-11,E-Commerce,False,2026-08-11T09:10:59.937700+00:00,retail_pos_ecommerce_extract,50832887
TXN000396,CUST0085,Urishilla Tandon,ojasvisaxena@example.com,2467883077,"12, Chawla Path, Tenali 440630",1981-10-06,5401300042896223,606.33,2026-03-28,POS-Store,False,2026-08-11T09:10:59.937700+00:00,retail_pos_ecommerce_extract,50832887
TXN000397,CUST0082,Urishilla Batta,girikbuch@example.net,917795907625,"49/41, Parmar Marg, Berhampore 301474",1993-06-30,2417319531816541,3445.21,2026-05-26,POS-Store,False,2026-08-11T09:10:59.937700+00:00,retail_pos_ecommerce_extract,50832887
TXN000398,CUST0139,Tanvi Badami,kshere@example.net,8132962188,"93/648, Bedi Road, Sikar 671868",1979-08-11,2663037478226620,877.65,2026-03-27,E-Commerce,False,2026-08-11T09:10:59.937700+00:00,retail_pos_ecommerce_extract,50832887
TXN000399,CUST0159,Jasmit Bakshi,bhatyamini@example.com,917798317531,"79/18, Manda Marg, Serampore-153240",1998-07-04,2274024416232960,14607.7,2026-02-27,E-Commerce,False,2026-08-11T09:10:59.937700+00:00,retail_pos_ecommerce_extract,50832887
TXN000400,CUST0061,Logan Sidhu,samakshdivan@example.net,918374908364,"H.No. 98, Mahal Path, Sagar 878951",1964-05-28,5375656165863247,4689.08,2026-05-09,POS-Store,False,2026-08-11T09:10:59.937700+00:00,retail_pos_ecommerce_extract,50832887
TXN000401,CUST0059,Ganga Muni,xtiwari@example.com,7302250344,"H.No. 931, Naidu Marg, Pali-560389",1976-10-18,2437845531725874,1610.0,2026-06-24,E-Commerce,False,2026-08-11T09:10:59.937700+00:00,retail_pos_ecommerce_extract,50832887
TXN000402,CUST0112,Jai Nanda,ekbal93@example.com,919781223351,"H.No. 94, Nadig Street, Katni 557238",1968-01-04,2290820438812980,3426.25,2026-05-10,E-Commerce,False,2026-08-11T09:10:59.937700+00:00,retail_pos_ecommerce_extract,50832887
TXN000403,CUST0163,Jalsa Wali,aradhana04@example.com,5267163298,"H.No. 562, Loke Street, Jehanabad-932079",1963-09-30,2244763887841349,3945.04,2026-04-30,E-Commerce,False,2026-08-11T09:10:59.937700+00:00,retail_pos_ecommerce_extract,50832887
TXN000404,CUST0114,Chaitaly Viswanathan,sarkarnaveen@example.org,8310384926,"H.No. 744, Sidhu Nagar, Dehri-540494",1997-01-02,2488501400412387,20734.74,2026-06-19,E-Commerce,False,2026-08-11T09:10:59.937700+00:00,retail_pos_ecommerce_extract,50832887
TXN000405,CUST0178,Nitara Jha,reddydevika@example.net,4351137548,"H.No. 20, Mistry Marg, Pali-206101",1982-12-26,2223608139263567,1452.84,2026-06-06,POS-Store,False,2026-08-11T09:10:59.937700+00:00,retail_pos_ecommerce_extract,50832887
TXN000406,CUST0008,Udant Lalla,mmuni@example.com,915445316486,"H.No. 464, Mohanty Zila, Machilipatnam-241929",1965-10-19,2294096118834992,19261.43,2026-02-17,E-Commerce,False,2026-08-11T09:10:59.937700+00:00,retail_pos_ecommerce_extract,50832887
TXN000407,CUST0084,Nitara Vig,lallajai@example.org,913049331522,"H.No. 469, Subramanian Chowk, Barasat-097640",1970-10-26,2720132253997759,923.88,2026-03-13,E-Commerce,False,2026-08-11T09:10:59.937700+00:00,retail_pos_ecommerce_extract,50832887
TXN000408,CUST0076,Warda Loyal,jsaran@example.org,919763975853,"H.No. 51, Karnik Circle, Vijayawada 393231",1982-01-08,2720367257449809,13820.73,2026-03-15,POS-Store,False,2026-08-11T09:10:59.937700+00:00,retail_pos_ecommerce_extract,50832887
TXN000409,CUST0096,Kevin Dada,valabalveer@example.org,915725827792,"46/75, Ahluwalia Street, Bettiah 055820",1966-02-26,2247905734965568,2595.61,2026-06-20,POS-Store,False,2026-08-11T09:10:59.937700+00:00,retail_pos_ecommerce_extract,50832887
TXN000410,CUST0038,Girindra Dhillon,saanviswamy@example.net,5201491862,"25/91, Mander Street, Allahabad 336164",1999-03-21,2298037069819455,368.1,2026-03-25,E-Commerce,False,2026-08-11T09:10:59.937700+00:00,retail_pos_ecommerce_extract,50832887
TXN000411,CUST0136,Zarna Dua,ryan48@example.com,917660128556,"H.No. 15, Toor Nagar, Sambalpur-063652",1985-08-03,5401722897848258,1018.52,2026-03-28,POS-Store,False,2026-08-11T09:10:59.937700+00:00,retail_pos_ecommerce_extract,50832887
TXN000412,CUST0145,Patrick Saxena,rzachariah@example.net,7271139188,"H.No. 62, Devan Chowk, Deoghar 628523",1969-04-13,2278909627420493,2592.28,2026-03-20,E-Commerce,False,2026-08-11T09:10:59.937700+00:00,retail_pos_ecommerce_extract,50832887
TXN000413,CUST0044,Chaaya Handa,jacobdhar@example.com,8152390753,"H.No. 04, Nath Nagar, Aizawl-030007",1975-04-02,2561796782362727,4678.5,2026-02-14,E-Commerce,False,2026-08-11T09:10:59.937700+00:00,retail_pos_ecommerce_extract,50832887
TXN000414,CUST0021,Tanveer Tailor,ubiswas@example.org,3692754548,"H.No. 015, Mody Street, Anantapuram 489895",1982-12-16,2629649743193790,2387.47,2026-04-16,POS-Store,False,2026-08-11T09:10:59.937700+00:00,retail_pos_ecommerce_extract,50832887
TXN000415,CUST0159,Jasmit Bakshi,bhatyamini@example.com,917798317531,"79/18, Manda Marg, Serampore-153240",1998-07-04,2262202452511364,2808.42,2026-02-17,E-Commerce,False,2026-08-11T09:10:59.937700+00:00,retail_pos_ecommerce_extract,50832887
TXN000416,CUST0128,Tanmayi Barman,tchander@example.com,910455887635,"H.No. 34, Ravel Chowk, Mysore 938423",1972-06-29,2238559521966205,479.37,2026-06-24,E-Commerce,False,2026-08-11T09:10:59.937700+00:00,retail_pos_ecommerce_extract,50832887
TXN000417,CUST0060,Umang Buch,timothy24@example.org,1103195546,"H.No. 725, Gala Road, Pimpri-Chinchwad 667057",1981-12-14,2256648126914905,217.39,2026-02-27,POS-Store,False,2026-08-11T09:10:59.937700+00:00,retail_pos_ecommerce_extract,50832887
TXN000418,CUST0164,Ojasvi Chaudhary,ekanta46@example.org,3770482067,"H.No. 26, Din Chowk, Jodhpur 203562",1988-05-01,2274263342193421,2675.28,2026-05-04,POS-Store,False,2026-08-11T09:10:59.937700+00:00,retail_pos_ecommerce_extract,50832887
TXN000419,CUST0118,Girindra Karnik,sawhneyishaan@example.org,1245267540,"39/74, Ramachandran Street, Kolhapur 757355",1981-08-18,2229826348913137,11161.33,2026-02-24,POS-Store,False,2026-08-11T09:10:59.937700+00:00,retail_pos_ecommerce_extract,50832887
TXN000420,CUST0171,Lopa Kurian,ovirk@example.net,4417345455,"87/660, Bhandari Marg, Raurkela Industrial Township 622766",1978-07-16,2226182794742783,3528.42,2026-03-08,E-Commerce,False,2026-08-11T09:10:59.937700+00:00,retail_pos_ecommerce_extract,50832887
TXN000421,CUST0120,Lohit Kala,zaid37@example.org,4669583880,"H.No. 550, Pai Ganj, Saharanpur 876372",1974-01-11,2223855721639155,679.7,2026-08-01,POS-Store,False,2026-08-11T09:10:59.937700+00:00,retail_pos_ecommerce_extract,50832887
TXN000422,CUST0174,Ridhi Gala,teerthkrishna@example.org,916020548258,"14/45, Chawla, Muzaffarnagar-030690",1987-08-24,2256627548067690,962.06,2026-07-17,E-Commerce,False,2026-08-11T09:10:59.937700+00:00,retail_pos_ecommerce_extract,50832887
TXN000423,CUST0019,Nikita Master,anigam@example.org,913847487091,"67/595, Bains Chowk, Aurangabad 368095",1977-10-11,2271821033942068,443.48,2026-05-13,POS-Store,False,2026-08-11T09:10:59.937700+00:00,retail_pos_ecommerce_extract,50832887
TXN000424,CUST0089,Tara Bir,klalla@example.com,918814190235,"H.No. 05, Peri Marg, Akola-176683",1996-06-08,2716627352585161,996.03,2026-06-25,POS-Store,False,2026-08-11T09:10:59.937700+00:00,retail_pos_ecommerce_extract,50832887
TXN000425,CUST0164,Ojasvi Chaudhary,ekanta46@example.org,3770482067,"H.No. 26, Din Chowk, Jodhpur 203562",1988-05-01,5427898361492094,3380.94,2026-06-23,POS-Store,False,2026-08-11T09:10:59.937700+00:00,retail_pos_ecommerce_extract,50832887
TXN000426,CUST0177,Shravya Sagar,udantsama@example.net,918363910174,"09/002, Varty Chowk, Bellary-197098",1979-05-09,2295459558840193,761.71,2026-05-29,POS-Store,False,2026-08-11T09:10:59.937700+00:00,retail_pos_ecommerce_extract,50832887
TXN000427,CUST0117,Xalak Gokhale,baghyawatitank@example.com,912963264634,"H.No. 423, Lad Ganj, Mau 442346",1958-04-17,2273092895873399,902.25,2026-08-06,POS-Store,False,2026-08-11T09:10:59.937700+00:00,retail_pos_ecommerce_extract,50832887
TXN000428,CUST0051,Meghana Dani,azad54@example.net,7170955381,"H.No. 332, Tara, Karaikudi 769071",1967-01-23,2250481333890585,230.96,2026-07-29,POS-Store,False,2026-08-11T09:10:59.937700+00:00,retail_pos_ecommerce_extract,50832887
TXN000429,CUST0124,Ekanta Sant,saumya73@example.net,917164913546,"H.No. 80, Kunda Chowk, Durg-904069",2003-07-19,2221901446397505,497.99,2026-07-06,E-Commerce,False,2026-08-11T09:10:59.937700+00:00,retail_pos_ecommerce_extract,50832887
TXN000430,CUST0061,Logan Sidhu,samakshdivan@example.net,918374908364,"H.No. 98, Mahal Path, Sagar 878951",1964-05-28,2287960961957052,1262.77,2026-07-22,POS-Store,False,2026-08-11T09:10:59.937700+00:00,retail_pos_ecommerce_extract,50832887
TXN000431,CUST0147,Yashoda Nanda,ddugar@example.net,6047074746,"606, Solanki, Nellore 091292",2000-08-22,2292370978271468,2812.7,2026-03-25,POS-Store,False,2026-08-11T09:10:59.937700+00:00,retail_pos_ecommerce_extract,50832887
TXN000432,CUST0148,Niharika Mangal,sandhudarpan@example.com,917212395088,"H.No. 01, Jani Road, Guwahati-185200",1972-10-24,5170177626217342,2762.61,2026-07-13,POS-Store,False,2026-08-11T09:10:59.937700+00:00,retail_pos_ecommerce_extract,50832887
TXN000433,CUST0180,Tripti Pingle,tdar@example.com,2949642214,"248, Dhingra, Vasai-Virar-098400",1977-03-22,2225419631552194,3238.0,2026-05-05,POS-Store,False,2026-08-11T09:10:59.937700+00:00,retail_pos_ecommerce_extract,50832887
TXN000434,CUST0006,Sai Zachariah,avnizachariah@example.com,872537545,"H.No. 59, Patla Road, Saharanpur 872967",1970-07-09,2297133503154871,222.65,2026-02-25,POS-Store,False,2026-08-11T09:10:59.937700+00:00,retail_pos_ecommerce_extract,50832887
TXN000435,CUST0071,Dhruv Lala,yoshita33@example.com,9340109705,"H.No. 73, Hans Marg, Kulti 209409",1963-01-07,2335808535299703,21084.02,2026-06-13,E-Commerce,False,2026-08-11T09:10:59.937700+00:00,retail_pos_ecommerce_extract,50832887
TXN000436,CUST0145,Patrick Saxena,rzachariah@example.net,7271139188,"H.No. 62, Devan Chowk, Deoghar 628523",1969-04-13,2479174406514241,2082.71,2026-06-27,E-Commerce,False,2026-08-11T09:10:59.937700+00:00,retail_pos_ecommerce_extract,50832887
TXN000437,CUST0156,Isaac Contractor,omkaarpradhan@example.net,6212666222,"92/970, Bedi Nagar, Rajkot 503243",1991-07-03,2531448305992435,2634.53,2026-03-02,POS-Store,False,2026-08-11T09:10:59.937700+00:00,retail_pos_ecommerce_extract,50832887
TXN000438,CUST0074,Bhavini Anand,chandranbalhaar@example.org,6600725503,"77, Dayal Zila, Pudukkottai 232922",1986-04-20,2453165656110953,198.19,2026-05-28,E-Commerce,False,2026-08-11T09:10:59.937700+00:00,retail_pos_ecommerce_extract,50832887
TXN000439,CUST0156,Isaac Contractor,omkaarpradhan@example.net,6212666222,"92/970, Bedi Nagar, Rajkot 503243",1991-07-03,2269722303390190,3635.04,2026-05-04,POS-Store,False,2026-08-11T09:10:59.937700+00:00,retail_pos_ecommerce_extract,50832887
TXN000440,CUST0057,Neha Sule,maanaspai@example.net,4210122796,"H.No. 39, Warrior Zila, Nellore 279833",1991-03-19,2630056287738450,260.65,2026-04-06,E-Commerce,False,2026-08-11T09:10:59.937700+00:00,retail_pos_ecommerce_extract,50832887
TXN000441,CUST0159,Jasmit Bakshi,bhatyamini@example.com,917798317531,"79/18, Manda Marg, Serampore-153240",1998-07-04,2253140881897460,687.63,2026-05-28,POS-Store,False,2026-08-11T09:10:59.937700+00:00,retail_pos_ecommerce_extract,50832887
TXN000442,CUST0174,Ridhi Gala,teerthkrishna@example.org,916020548258,"14/45, Chawla, Muzaffarnagar-030690",1987-08-24,2298917412227110,148.8,2026-05-24,E-Commerce,False,2026-08-11T09:10:59.937700+00:00,retail_pos_ecommerce_extract,50832887
TXN000443,CUST0161,Xalak Trivedi,chavvitalwar@example.org,4796024025,"15/767, Vora Ganj, Tinsukia-159266",1980-03-29,2289447530404525,1714.0,2026-08-08,E-Commerce,False,2026-08-11T09:10:59.937700+00:00,retail_pos_ecommerce_extract,50832887
TXN000444,CUST0161,Xalak Trivedi,chavvitalwar@example.org,4796024025,"15/767, Vora Ganj, Tinsukia-159266",1980-03-29,2703197289568503,1952.49,2026-06-27,E-Commerce,False,2026-08-11T09:10:59.937700+00:00,retail_pos_ecommerce_extract,50832887
TXN000445,CUST0080,Timothy Randhawa,hdevan@example.org,3579734915,"619, Dewan Marg, Bangalore 631518",1977-01-28,2287037749713907,280.77,2026-06-17,POS-Store,False,2026-08-11T09:10:59.937700+00:00,retail_pos_ecommerce_extract,50832887
TXN000446,CUST0009,Upma Dewan,parthbanik@example.com,4420346905,"H.No. 887, Mukhopadhyay Road, Bharatpur-951092",1995-11-08,2563272387346844,4421.93,2026-03-15,POS-Store,False,2026-08-11T09:10:59.937700+00:00,retail_pos_ecommerce_extract,50832887
TXN000447,CUST0034,Isaac Mukherjee,anika06@example.com,914073249210,"12/829, Varma Circle, Orai 051463",1990-03-17,2243199034552946,11752.72,2026-05-07,E-Commerce,False,2026-08-11T09:10:59.937700+00:00,retail_pos_ecommerce_extract,50832887
TXN000448,CUST0076,Warda Loyal,jsaran@example.org,919763975853,"H.No. 51, Karnik Circle, Vijayawada 393231",1982-01-08,5409313389275176,1819.73,2026-05-29,POS-Store,False,2026-08-11T09:10:59.937700+00:00,retail_pos_ecommerce_extract,50832887
TXN000449,CUST0107,Eta Swaminathan,jack92@example.com,6319195366,"66, Pradhan Marg, Chittoor-432039",1980-07-22,2720952867933191,900.62,2026-08-09,E-Commerce,False,2026-08-11T09:10:59.937700+00:00,retail_pos_ecommerce_extract,50832887
TXN000450,CUST0052,Gopal Halder,nbaral@example.net,910676797741,"39, Narayanan Ganj, Kulti 272507",1992-02-07,5346896020839315,131.15,2026-03-14,E-Commerce,False,2026-08-11T09:10:59.937700+00:00,retail_pos_ecommerce_extract,50832887
TXN000451,CUST0139,Tanvi Badami,kshere@example.net,8132962188,"93/648, Bedi Road, Sikar 671868",1979-08-11,2708299414591387,75.18,2026-04-16,POS-Store,False,2026-08-11T09:10:59.937700+00:00,retail_pos_ecommerce_extract,50832887
TXN000452,CUST0136,Zarna Dua,ryan48@example.com,917660128556,"H.No. 15, Toor Nagar, Sambalpur-063652",1985-08-03,2369609236713938,603.31,2026-08-07,POS-Store,False,2026-08-11T09:10:59.937700+00:00,retail_pos_ecommerce_extract,50832887
TXN000453,CUST0043,Nilima Dara,unadkarni@example.org,4868507284,"25, Das Street, Jalgaon 673784",1990-06-12,2224711571840592,4569.79,2026-05-13,POS-Store,False,2026-08-11T09:10:59.937700+00:00,retail_pos_ecommerce_extract,50832887
TXN000454,CUST0124,Ekanta Sant,saumya73@example.net,917164913546,"H.No. 80, Kunda Chowk, Durg-904069",2003-07-19,2272220990541931,10811.55,2026-08-03,POS-Store,False,2026-08-11T09:10:59.937700+00:00,retail_pos_ecommerce_extract,50832887
TXN000455,CUST0087,Adya Chakrabarti,dateekani@example.org,6322946418,"24/25, Raghavan Chowk, Gandhidham-301064",1980-02-16,2288607670100727,410.33,2026-08-08,E-Commerce,False,2026-08-11T09:10:59.937700+00:00,retail_pos_ecommerce_extract,50832887
TXN000456,CUST0120,Lohit Kala,zaid37@example.org,4669583880,"H.No. 550, Pai Ganj, Saharanpur 876372",1974-01-11,5341911120815001,2071.99,2026-02-22,E-Commerce,False,2026-08-11T09:10:59.937700+00:00,retail_pos_ecommerce_extract,50832887
TXN000457,CUST0037,Baljiwan Lad,jeremiah48@example.com,910385821986,"H.No. 71, Nayak Marg, Dindigul-630004",1961-11-24,2708359027707554,2637.24,2026-02-17,E-Commerce,False,2026-08-11T09:10:59.937700+00:00,retail_pos_ecommerce_extract,50832887
TXN000458,CUST0174,Ridhi Gala,teerthkrishna@example.org,916020548258,"14/45, Chawla, Muzaffarnagar-030690",1987-08-24,5288804062829798,2744.07,2026-07-10,POS-Store,False,2026-08-11T09:10:59.937700+00:00,retail_pos_ecommerce_extract,50832887
TXN000459,CUST0143,Upadhriti Ratti,qbansal@example.com,916981260648,"H.No. 686, De Path, Jamnagar 975909",1964-03-17,2292880972252678,950.08,2026-03-23,POS-Store,False,2026-08-11T09:10:59.937700+00:00,retail_pos_ecommerce_extract,50832887
TXN000460,CUST0024,Rudra Handa,irarana@example.net,2446616770,"636, Jani Road, Raipur-693937",1995-12-01,2275162611030224,1560.31,2026-06-02,POS-Store,False,2026-08-11T09:10:59.937700+00:00,retail_pos_ecommerce_extract,50832887
TXN000461,CUST0004,Inaya Kota,pdara@example.net,8372962231,"76, Srinivasan Road, Bareilly-093979",1979-12-21,2706102305521541,13286.84,2026-03-12,POS-Store,False,2026-08-11T09:10:59.937700+00:00,retail_pos_ecommerce_extract,50832887
TXN000462,CUST0138,Saanvi Chandra,pranav65@example.net,919164224243,"75/523, Bumb Chowk, Jaipur-939707",1963-03-14,2720498277073319,18597.74,2026-06-12,E-Commerce,False,2026-08-11T09:10:59.937700+00:00,retail_pos_ecommerce_extract,50832887
TXN000463,CUST0117,Xalak Gokhale,baghyawatitank@example.com,912963264634,"H.No. 423, Lad Ganj, Mau 442346",1958-04-17,2222519340979894,1089.85,2026-05-13,POS-Store,False,2026-08-11T09:10:59.937700+00:00,retail_pos_ecommerce_extract,50832887
TXN000464,CUST0173,Jagrati Purohit,muttiaryan@example.com,7044021975,"H.No. 05, Sehgal Ganj, Proddatur 739407",1960-10-26,2705440681689917,564.01,2026-04-20,POS-Store,False,2026-08-11T09:10:59.937700+00:00,retail_pos_ecommerce_extract,50832887
TXN000465,CUST0150,Vanya Bhakta,epall@example.org,911424714068,"553, Ahluwalia, Anantapur-312017",2005-05-04,2720916281353500,2031.29,2026-03-10,POS-Store,False,2026-08-11T09:10:59.937700+00:00,retail_pos_ecommerce_extract,50832887
TXN000466,CUST0164,Ojasvi Chaudhary,ekanta46@example.org,3770482067,"H.No. 26, Din Chowk, Jodhpur 203562",1988-05-01,2247031777283122,842.35,2026-06-22,POS-Store,False,2026-08-11T09:10:59.937700+00:00,retail_pos_ecommerce_extract,50832887
TXN000467,CUST0028,Jai Saraf,panchalchasmum@example.com,9596719024,"17/27, More Chowk, Pudukkottai 272929",1977-04-26,2250913222655901,13937.21,2026-05-08,E-Commerce,False,2026-08-11T09:10:59.937700+00:00,retail_pos_ecommerce_extract,50832887
TXN000468,CUST0121,Ishani Agate,shravyadua@example.com,917822678081,"05/279, Ahuja Marg, Silchar 815845",2003-07-19,2262187594676359,308.42,2026-07-04,E-Commerce,False,2026-08-11T09:10:59.937700+00:00,retail_pos_ecommerce_extract,50832887
TXN000469,CUST0159,Jasmit Bakshi,bhatyamini@example.com,917798317531,"79/18, Manda Marg, Serampore-153240",1998-07-04,2226287922344699,917.67,2026-05-06,POS-Store,False,2026-08-11T09:10:59.937700+00:00,retail_pos_ecommerce_extract,50832887
TXN000470,CUST0157,Henry Kala,ctailor@example.net,3388376436,"76/62, Dubey Circle, Ulhasnagar 501303",1997-04-21,2265924307056413,597.11,2026-05-27,E-Commerce,False,2026-08-11T09:10:59.937700+00:00,retail_pos_ecommerce_extract,50832887
TXN000471,CUST0166,Gaurika Chakraborty,sathvik30@example.com,4730150514,"33/106, Mandal Street, Ramagundam 898234",1978-08-24,2243189915341477,575.91,2026-07-05,E-Commerce,False,2026-08-11T09:10:59.937700+00:00,retail_pos_ecommerce_extract,50832887
TXN000472,CUST0163,Jalsa Wali,aradhana04@example.com,5267163298,"H.No. 562, Loke Street, Jehanabad-932079",1963-09-30,5416229939981751,4318.14,2026-05-29,POS-Store,False,2026-08-11T09:10:59.937700+00:00,retail_pos_ecommerce_extract,50832887
TXN000473,CUST0180,Tripti Pingle,tdar@example.com,2949642214,"248, Dhingra, Vasai-Virar-098400",1977-03-22,2349375950791857,60.44,2026-07-12,POS-Store,False,2026-08-11T09:10:59.937700+00:00,retail_pos_ecommerce_extract,50832887
TXN000474,CUST0167,Anusha Bobal,davenathaniel@example.com,8783095844,"H.No. 409, Bhandari Path, Phusro 646458",1977-10-04,2713689570770796,904.12,2026-06-28,POS-Store,False,2026-08-11T09:10:59.937700+00:00,retail_pos_ecommerce_extract,50832887
TXN000475,CUST0030,Ryan Dutt,dubeyekavir@example.com,3506857479,"388, Goda Path, Berhampur 933323",1967-03-04,2294912777848703,15156.43,2026-06-12,E-Commerce,False,2026-08-11T09:10:59.937700+00:00,retail_pos_ecommerce_extract,50832887
TXN000476,CUST0012,Harini Sodhi,ravalojasvi@example.net,8462637222,"H.No. 05, Mital, Rajkot-175042",1966-05-29,2712858852833827,3659.48,2026-04-03,E-Commerce,False,2026-08-11T09:10:59.937700+00:00,retail_pos_ecommerce_extract,50832887
TXN000477,CUST0078,Shivansh Nagy,joshua26@example.com,6812149397,"07/21, Palan Zila, Malda 577083",1976-12-05,2414167997801074,917.78,2026-07-02,POS-Store,False,2026-08-11T09:10:59.937700+00:00,retail_pos_ecommerce_extract,50832887
TXN000478,CUST0030,Ryan Dutt,dubeyekavir@example.com,3506857479,"388, Goda Path, Berhampur 933323",1967-03-04,2429681296015478,2532.17,2026-05-24,E-Commerce,False,2026-08-11T09:10:59.937700+00:00,retail_pos_ecommerce_extract,50832887
TXN000479,CUST0061,Logan Sidhu,samakshdivan@example.net,918374908364,"H.No. 98, Mahal Path, Sagar 878951",1964-05-28,2701459895766786,1187.82,2026-04-21,E-Commerce,False,2026-08-11T09:10:59.937700+00:00,retail_pos_ecommerce_extract,50832887
TXN000480,CUST0100,Chaitanya Gulati,boasedarika@example.com,1428458750,"70/97, De Nagar, Siliguri 989075",1972-05-09,2241474852234337,750.39,2026-08-10,POS-Store,False,2026-08-11T09:10:59.937700+00:00,retail_pos_ecommerce_extract,50832887
TXN000481,CUST0095,Darsh Rout,chokshiqadim@example.net,6833155208,"09/55, Wadhwa Circle, Ludhiana-002438",2002-04-11,2285958303272299,622.39,2026-07-06,POS-Store,False,2026-08-11T09:10:59.937700+00:00,retail_pos_ecommerce_extract,50832887
TXN000482,CUST0151,Om Chand,buchanirudh@example.net,6514747208,"966, Prashad Ganj, Kishanganj 389819",1995-12-18,5542804432607421,419.44,2026-04-24,E-Commerce,False,2026-08-11T09:10:59.937700+00:00,retail_pos_ecommerce_extract,50832887
TXN000483,CUST0107,Eta Swaminathan,jack92@example.com,6319195366,"66, Pradhan Marg, Chittoor-432039",1980-07-22,2720251081095048,387.53,2026-06-13,E-Commerce,False,2026-08-11T09:10:59.937700+00:00,retail_pos_ecommerce_extract,50832887
TXN000484,CUST0126,Sathvik Bala,shora@example.org,1284292279,"46/82, Karan Path, Deoghar-060833",1971-09-18,5581771025348477,2188.19,2026-03-18,POS-Store,False,2026-08-11T09:10:59.937700+00:00,retail_pos_ecommerce_extract,50832887
TXN000485,CUST0072,Sarthak Suresh,zehaanbuch@example.org,5822445060,"45, Ben Circle, Deoghar 389790",1978-07-20,2710790804010190,2903.73,2026-04-21,E-Commerce,False,2026-08-11T09:10:59.937700+00:00,retail_pos_ecommerce_extract,50832887
TXN000486,CUST0177,Shravya Sagar,udantsama@example.net,918363910174,"09/002, Varty Chowk, Bellary-197098",1979-05-09,2720499800775966,4746.38,2026-04-07,POS-Store,False,2026-08-11T09:10:59.937700+00:00,retail_pos_ecommerce_extract,50832887
TXN000487,CUST0056,Mahika Tiwari,mahika09@example.org,915775161344,"82, Chanda Chowk, Mehsana-811530",1972-08-04,2377813820431234,1859.55,2026-07-04,POS-Store,False,2026-08-11T09:10:59.937700+00:00,retail_pos_ecommerce_extract,50832887
TXN000488,CUST0114,Chaitaly Viswanathan,sarkarnaveen@example.org,8310384926,"H.No. 744, Sidhu Nagar, Dehri-540494",1997-01-02,2245510714502803,298.89,2026-06-22,E-Commerce,False,2026-08-11T09:10:59.937700+00:00,retail_pos_ecommerce_extract,50832887
TXN000489,CUST0093,Aadi Kant,qrege@example.com,3023935819,"29, Thakkar Nagar, Shimla 380176",1970-05-30,2525647306718594,1205.65,2026-04-19,E-Commerce,False,2026-08-11T09:10:59.937700+00:00,retail_pos_ecommerce_extract,50832887
TXN000490,CUST0176,Yashvi Chana,tarak27@example.org,9417632598,"224, Buch Zila, Medininagar 260443",2004-02-16,2275430073280029,3386.77,2026-02-25,POS-Store,False,2026-08-11T09:10:59.937700+00:00,retail_pos_ecommerce_extract,50832887
TXN000491,CUST0140,Jagrati Srinivas,parmarirya@example.net,913892977115,"846, Kamdar, Nellore 391168",1965-01-24,2247728905712985,4082.88,2026-02-17,POS-Store,False,2026-08-11T09:10:59.937700+00:00,retail_pos_ecommerce_extract,50832887
TXN000492,CUST0016,Yashica Ghose,urvinayak@example.net,9704566971,"H.No. 993, Goyal Circle, Udupi 699433",1960-05-19,2278497366021243,121.31,2026-03-25,POS-Store,False,2026-08-11T09:10:59.937700+00:00,retail_pos_ecommerce_extract,50832887
TXN000493,CUST0071,Dhruv Lala,yoshita33@example.com,9340109705,"H.No. 73, Hans Marg, Kulti 209409",1963-01-07,2248369984581873,2981.47,2026-05-24,E-Commerce,False,2026-08-11T09:10:59.937700+00:00,retail_pos_ecommerce_extract,50832887
TXN000494,CUST0032,Yug Thaman,khalsaati@example.org,913780126147,"688, Hari Path, Firozabad 567299",1992-02-01,2283208466357251,2738.87,2026-07-04,POS-Store,False,2026-08-11T09:10:59.937700+00:00,retail_pos_ecommerce_extract,50832887
TXN000495,CUST0024,Rudra Handa,irarana@example.net,2446616770,"636, Jani Road, Raipur-693937",1995-12-01,5379361508205232,827.33,2026-03-14,E-Commerce,False,2026-08-11T09:10:59.937700+00:00,retail_pos_ecommerce_extract,50832887
TXN000496,CUST0165,Azaan Varughese,shravyamitra@example.com,1551972465,"H.No. 437, Sharma Zila, Kharagpur-526012",1959-11-21,2273873899173419,3778.09,2026-04-05,E-Commerce,False,2026-08-11T09:10:59.937700+00:00,retail_pos_ecommerce_extract,50832887
TXN000497,CUST0013,Rachana Bhat,balveer20@example.com,917541157451,"52, Dasgupta Street, Sasaram 475131",1977-08-13,2297353688579599,610.13,2026-06-04,POS-Store,False,2026-08-11T09:10:59.937700+00:00,retail_pos_ecommerce_extract,50832887
TXN000498,CUST0063,Siya Sehgal,narayanandarsh@example.com,913485657051,"H.No. 565, Kothari Nagar, Dharmavaram-742540",2005-12-02,2239723658579970,1366.24,2026-06-02,E-Commerce,False,2026-08-11T09:10:59.937700+00:00,retail_pos_ecommerce_extract,50832887
TXN000499,CUST0145,Patrick Saxena,rzachariah@example.net,7271139188,"H.No. 62, Devan Chowk, Deoghar 628523",1969-04-13,2718208850077692,7326.78,2026-07-04,E-Commerce,False,2026-08-11T09:10:59.937700+00:00,retail_pos_ecommerce_extract,50832887
TXN000500,CUST0018,Ridhi Savant,virajradhakrishnan@example.com,911173124919,"H.No. 80, Bhatia Ganj, South Dumdum 602888",1995-08-21,2467451193006191,12582.65,2026-03-07,E-Commerce,False,2026-08-11T09:10:59.937700+00:00,retail_pos_ecommerce_extract,50832887
TXN000501,CUST0151,Om Chand,buchanirudh@example.net,6514747208,"966, Prashad Ganj, Kishanganj 389819",1995-12-18,2272624337441673,564.26,2026-06-07,E-Commerce,False,2026-08-11T09:10:59.937700+00:00,retail_pos_ecommerce_extract,50832887
TXN000502,CUST0060,Umang Buch,timothy24@example.org,1103195546,"H.No. 725, Gala Road, Pimpri-Chinchwad 667057",1981-12-14,5348665946899036,17448.09,2026-05-09,POS-Store,False,2026-08-11T09:10:59.937700+00:00,retail_pos_ecommerce_extract,50832887
TXN000503,CUST0038,Girindra Dhillon,saanviswamy@example.net,5201491862,"25/91, Mander Street, Allahabad 336164",1999-03-21,5454143698603691,3634.47,2026-05-06,E-Commerce,False,2026-08-11T09:10:59.937700+00:00,retail_pos_ecommerce_extract,50832887
TXN000504,CUST0071,Dhruv Lala,yoshita33@example.com,9340109705,"H.No. 73, Hans Marg, Kulti 209409",1963-01-07,2564317400212991,4395.93,2026-03-18,E-Commerce,False,2026-08-11T09:10:59.937700+00:00,retail_pos_ecommerce_extract,50832887
TXN000505,CUST0034,Isaac Mukherjee,anika06@example.com,914073249210,"12/829, Varma Circle, Orai 051463",1990-03-17,2223072616772857,514.46,2026-06-03,POS-Store,False,2026-08-11T09:10:59.937700+00:00,retail_pos_ecommerce_extract,50832887
TXN000506,CUST0045,Jacob Bhatnagar,chadagautami@example.com,9355247230,"H.No. 80, Sur, Giridih-428587",1964-03-29,5426114268806894,987.3,2026-05-10,E-Commerce,False,2026-08-11T09:10:59.937700+00:00,retail_pos_ecommerce_extract,50832887
TXN000507,CUST0170,Chandresh Mohanty,rishi25@example.com,826613606,"90/25, Kalita Zila, Singrauli 660367",1963-04-14,5302114850396279,5671.22,2026-06-03,E-Commerce,False,2026-08-11T09:10:59.937700+00:00,retail_pos_ecommerce_extract,50832887
TXN000508,CUST0034,Isaac Mukherjee,anika06@example.com,914073249210,"12/829, Varma Circle, Orai 051463",1990-03-17,5456130234374281,4700.07,2026-06-18,E-Commerce,False,2026-08-11T09:10:59.937700+00:00,retail_pos_ecommerce_extract,50832887
TXN000509,CUST0092,Lakshit Choudhry,ubikasunder@example.org,1435235,"20/816, Wable Street, Bally-036134",1977-09-04,2265326486296937,588.98,2026-06-09,E-Commerce,False,2026-08-11T09:10:59.937700+00:00,retail_pos_ecommerce_extract,50832887
TXN000510,CUST0151,Om Chand,buchanirudh@example.net,6514747208,"966, Prashad Ganj, Kishanganj 389819",1995-12-18,2238113837404012,5578.05,2026-05-07,POS-Store,False,2026-08-11T09:10:59.937700+00:00,retail_pos_ecommerce_extract,50832887
TXN000511,CUST0005,Jhalak Sabharwal,sathvik78@example.org,1587311589,"06/72, Lad Road, Davanagere-605576",1978-01-10,2720706034743150,2189.1,2026-06-05,E-Commerce,False,2026-08-11T09:10:59.937700+00:00,retail_pos_ecommerce_extract,50832887
TXN000512,CUST0068,Yauvani Chand,zmerchant@example.com,915193179610,"209, More Zila, Anantapuram 766010",1982-03-21,2253784146669816,21508.02,2026-05-14,E-Commerce,False,2026-08-11T09:10:59.937700+00:00,retail_pos_ecommerce_extract,50832887
TXN000513,CUST0033,Nihal Prabhakar,phora@example.net,5300616156,"51/42, Banerjee Path, Bhubaneswar 359546",1966-09-05,5295830709380177,13062.17,2026-04-09,POS-Store,False,2026-08-11T09:10:59.937700+00:00,retail_pos_ecommerce_extract,50832887
TXN000514,CUST0135,Harinakshi Iyer,sodhibina@example.org,916892505848,"H.No. 686, Natarajan Ganj, Ahmednagar 425765",1990-07-26,2285345550978416,19357.5,2026-08-01,E-Commerce,False,2026-08-11T09:10:59.937700+00:00,retail_pos_ecommerce_extract,50832887
TXN000515,CUST0017,Abhiram Shanker,warinder43@example.net,911268402770,"967, Chaudhary Street, Chandrapur 809533",1975-11-03,5565529932283876,836.64,2026-06-19,POS-Store,False,2026-08-11T09:10:59.937700+00:00,retail_pos_ecommerce_extract,50832887
TXN000516,CUST0115,Bimala Gala,zdeo@example.com,6114054452,"82/042, Kota Marg, Bhilwara-195235",1972-03-10,2501618699927330,615.86,2026-07-28,POS-Store,False,2026-08-11T09:10:59.937700+00:00,retail_pos_ecommerce_extract,50832887
TXN000517,CUST0132,Bhavini Randhawa,pushti15@example.org,3788353502,"H.No. 119, Grover Zila, Asansol 506088",2001-11-01,2597446942445818,164.42,2026-03-14,E-Commerce,False,2026-08-11T09:10:59.937700+00:00,retail_pos_ecommerce_extract,50832887
TXN000518,CUST0116,Ucchal Nair,misraanmol@example.net,9428688174,"92/70, Raval Nagar, Mysore-816868",1998-09-15,5301192264729062,710.78,2026-07-04,E-Commerce,False,2026-08-11T09:10:59.937700+00:00,retail_pos_ecommerce_extract,50832887
TXN000519,CUST0158,Zansi Khalsa,kamala99@example.org,7888040151,"29/830, Deshpande Path, Bihar Sharif 809429",2004-06-07,2298094356396093,3898.34,2026-07-09,E-Commerce,False,2026-08-11T09:10:59.937700+00:00,retail_pos_ecommerce_extract,50832887
TXN000520,CUST0169,Eshana Bansal,ishani34@example.net,2193565750,"99, Apte Chowk, Rajpur Sonarpur-830651",1964-05-15,2720118905211566,349.21,2026-04-23,POS-Store,False,2026-08-11T09:10:59.937700+00:00,retail_pos_ecommerce_extract,50832887
TXN000521,CUST0118,Girindra Karnik,sawhneyishaan@example.org,1245267540,"39/74, Ramachandran Street, Kolhapur 757355",1981-08-18,2287206473410812,4162.1,2026-04-03,E-Commerce,False,2026-08-11T09:10:59.937700+00:00,retail_pos_ecommerce_extract,50832887
TXN000522,CUST0016,Yashica Ghose,urvinayak@example.net,9704566971,"H.No. 993, Goyal Circle, Udupi 699433",1960-05-19,5476010375375592,643.97,2026-07-08,POS-Store,False,2026-08-11T09:10:59.937700+00:00,retail_pos_ecommerce_extract,50832887
TXN000523,CUST0103,Rachita Ravel,osur@example.com,8206940028,"H.No. 048, Sagar Road, Pudukkottai-982337",1992-07-09,2247190032169128,15470.06,2026-06-22,POS-Store,False,2026-08-11T09:10:59.937700+00:00,retail_pos_ecommerce_extract,50832887
TXN000524,CUST0176,Yashvi Chana,tarak27@example.org,9417632598,"224, Buch Zila, Medininagar 260443",2004-02-16,5288743826151034,73.16,2026-08-01,E-Commerce,False,2026-08-11T09:10:59.937700+00:00,retail_pos_ecommerce_extract,50832887
TXN000525,CUST0126,Sathvik Bala,shora@example.org,1284292279,"46/82, Karan Path, Deoghar-060833",1971-09-18,2720110954468270,5362.56,2026-07-04,POS-Store,False,2026-08-11T09:10:59.937700+00:00,retail_pos_ecommerce_extract,50832887
TXN000526,CUST0019,Nikita Master,anigam@example.org,913847487091,"67/595, Bains Chowk, Aurangabad 368095",1977-10-11,2619992465848841,13992.4,2026-08-01,E-Commerce,False,2026-08-11T09:10:59.937700+00:00,retail_pos_ecommerce_extract,50832887
TXN000527,CUST0083,Hamsini Kara,anvi19@example.com,8002415929,"H.No. 696, Sem Path, Vijayawada-120991",1999-03-02,5134079782760955,18579.52,2026-06-20,E-Commerce,False,2026-08-11T09:10:59.937700+00:00,retail_pos_ecommerce_extract,50832887
TXN000528,CUST0017,Abhiram Shanker,warinder43@example.net,911268402770,"967, Chaudhary Street, Chandrapur 809533",1975-11-03,2293534247804487,10962.75,2026-06-18,E-Commerce,False,2026-08-11T09:10:59.937700+00:00,retail_pos_ecommerce_extract,50832887
TXN000529,CUST0071,Dhruv Lala,yoshita33@example.com,9340109705,"H.No. 73, Hans Marg, Kulti 209409",1963-01-07,2633089211373232,2607.32,2026-05-04,POS-Store,False,2026-08-11T09:10:59.937700+00:00,retail_pos_ecommerce_extract,50832887
TXN000530,CUST0098,Nirja Doctor,madhav98@example.com,918141197799,"06, Uppal Path, Asansol-277008",1967-11-02,5372063374153838,3509.39,2026-07-07,POS-Store,False,2026-08-11T09:10:59.937700+00:00,retail_pos_ecommerce_extract,50832887
TXN000531,CUST0117,Xalak Gokhale,baghyawatitank@example.com,912963264634,"H.No. 423, Lad Ganj, Mau 442346",1958-04-17,5325499550885223,21729.43,2026-06-18,POS-Store,False,2026-08-11T09:10:59.937700+00:00,retail_pos_ecommerce_extract,50832887
TXN000532,CUST0026,Victor Pau,ravalanika@example.net,6985375708,"H.No. 263, Dube Ganj, Gangtok 607216",1982-12-06,2270215809264974,2670.65,2026-05-26,E-Commerce,False,2026-08-11T09:10:59.937700+00:00,retail_pos_ecommerce_extract,50832887
TXN000533,CUST0168,Unni Bhatt,mutticharan@example.net,4300090556,"75/31, Shanker Nagar, Aizawl 830688",1958-08-24,2720141976708203,3949.59,2026-04-23,E-Commerce,False,2026-08-11T09:10:59.937700+00:00,retail_pos_ecommerce_extract,50832887
TXN000534,CUST0111,Yamini Mitter,bhandariyash@example.com,2339208098,"131, Aggarwal Street, Madhyamgram 988534",1988-07-08,2240799715433184,154.84,2026-05-16,POS-Store,False,2026-08-11T09:10:59.937700+00:00,retail_pos_ecommerce_extract,50832887
TXN000535,CUST0059,Ganga Muni,xtiwari@example.com,7302250344,"H.No. 931, Naidu Marg, Pali-560389",1976-10-18,2704253906860127,2148.67,2026-05-29,POS-Store,False,2026-08-11T09:10:59.937700+00:00,retail_pos_ecommerce_extract,50832887
TXN000536,CUST0087,Adya Chakrabarti,dateekani@example.org,6322946418,"24/25, Raghavan Chowk, Gandhidham-301064",1980-02-16,2543974417576184,271.69,2026-05-16,POS-Store,False,2026-08-11T09:10:59.937700+00:00,retail_pos_ecommerce_extract,50832887
TXN000537,CUST0103,Rachita Ravel,osur@example.com,8206940028,"H.No. 048, Sagar Road, Pudukkottai-982337",1992-07-09,2292574670872271,66.96,2026-05-02,POS-Store,False,2026-08-11T09:10:59.937700+00:00,retail_pos_ecommerce_extract,50832887
TXN000538,CUST0025,Dayamai Ravel,tanmayimane@example.com,913992959958,"052, Chawla Street, Chandrapur-949558",1988-07-11,2632479252479553,12272.72,2026-07-16,POS-Store,False,2026-08-11T09:10:59.937700+00:00,retail_pos_ecommerce_extract,50832887
TXN000539,CUST0110,Kamala Krishnamurthy,palanalka@example.com,3608937596,"H.No. 53, Chander Nagar, Uluberia 091539",1981-12-09,2274255787369490,3717.91,2026-04-05,POS-Store,False,2026-08-11T09:10:59.937700+00:00,retail_pos_ecommerce_extract,50832887
TXN000540,CUST0171,Lopa Kurian,ovirk@example.net,4417345455,"87/660, Bhandari Marg, Raurkela Industrial Township 622766",1978-07-16,2716864311064307,951.51,2026-02-22,POS-Store,False,2026-08-11T09:10:59.937700+00:00,retail_pos_ecommerce_extract,50832887
TXN000541,CUST0096,Kevin Dada,valabalveer@example.org,915725827792,"46/75, Ahluwalia Street, Bettiah 055820",1966-02-26,2231301182305242,1357.55,2026-04-25,E-Commerce,False,2026-08-11T09:10:59.937700+00:00,retail_pos_ecommerce_extract,50832887
TXN000542,CUST0176,Yashvi Chana,tarak27@example.org,9417632598,"224, Buch Zila, Medininagar 260443",2004-02-16,2581461795086880,4515.59,2026-03-30,POS-Store,False,2026-08-11T09:10:59.937700+00:00,retail_pos_ecommerce_extract,50832887
TXN000543,CUST0018,Ridhi Savant,virajradhakrishnan@example.com,911173124919,"H.No. 80, Bhatia Ganj, South Dumdum 602888",1995-08-21,2269305026480652,12946.36,2026-04-07,E-Commerce,False,2026-08-11T09:10:59.937700+00:00,retail_pos_ecommerce_extract,50832887
TXN000544,CUST0022,Isha Bora,isami@example.net,7979903950,"75, Ben Path, Burhanpur 019054",1958-08-01,2231487942555471,1667.97,2026-06-06,E-Commerce,False,2026-08-11T09:10:59.937700+00:00,retail_pos_ecommerce_extract,50832887
TXN000545,CUST0111,Yamini Mitter,bhandariyash@example.com,2339208098,"131, Aggarwal Street, Madhyamgram 988534",1988-07-08,5450909699701872,8939.19,2026-06-26,E-Commerce,False,2026-08-11T09:10:59.937700+00:00,retail_pos_ecommerce_extract,50832887
TXN000546,CUST0096,Kevin Dada,valabalveer@example.org,915725827792,"46/75, Ahluwalia Street, Bettiah 055820",1966-02-26,2615430149272579,16044.34,2026-06-13,E-Commerce,False,2026-08-11T09:10:59.937700+00:00,retail_pos_ecommerce_extract,50832887
TXN000547,CUST0143,Upadhriti Ratti,qbansal@example.com,916981260648,"H.No. 686, De Path, Jamnagar 975909",1964-03-17,2688297826316470,3050.24,2026-03-23,E-Commerce,False,2026-08-11T09:10:59.937700+00:00,retail_pos_ecommerce_extract,50832887
TXN000548,CUST0151,Om Chand,buchanirudh@example.net,6514747208,"966, Prashad Ganj, Kishanganj 389819",1995-12-18,5284382109461507,217.53,2026-02-25,POS-Store,False,2026-08-11T09:10:59.937700+00:00,retail_pos_ecommerce_extract,50832887
TXN000549,CUST0172,Luke Mani,harinisem@example.com,6098767430,"H.No. 871, Chakraborty Marg, Tinsukia-617559",1964-01-18,2274945190821232,226.93,2026-06-18,E-Commerce,False,2026-08-11T09:10:59.937700+00:00,retail_pos_ecommerce_extract,50832887
TXN000550,CUST0106,Chanakya Vohra,chaudryfalan@example.net,287765846,"01/575, Sheth Marg, Kota 924271",2005-06-21,2246472406553686,2400.15,2026-04-01,POS-Store,False,2026-08-11T09:10:59.937700+00:00,retail_pos_ecommerce_extract,50832887
TXN000551,CUST0171,Lopa Kurian,ovirk@example.net,4417345455,"87/660, Bhandari Marg, Raurkela Industrial Township 622766",1978-07-16,2261840686707927,969.68,2026-08-03,POS-Store,False,2026-08-11T09:10:59.937700+00:00,retail_pos_ecommerce_extract,50832887
TXN000552,CUST0014,Mason Comar,andrewtank@example.org,913392865349,"H.No. 77, Babu Street, Amritsar-666053",1978-11-15,5178436584358809,20771.86,2026-05-24,POS-Store,False,2026-08-11T09:10:59.937700+00:00,retail_pos_ecommerce_extract,50832887
TXN000553,CUST0154,Bakhshi Bakshi,bhavya28@example.net,7489273312,"06/38, Rajan Marg, Hubli–Dharwad-782910",1985-12-19,5556057423862405,7957.05,2026-02-27,POS-Store,False,2026-08-11T09:10:59.937700+00:00,retail_pos_ecommerce_extract,50832887
TXN000554,CUST0091,Lajita Sami,krish65@example.com,2581881388,"68, Dyal Road, Surat 879272",1990-06-23,2719822048788231,4032.2,2026-05-28,E-Commerce,False,2026-08-11T09:10:59.937700+00:00,retail_pos_ecommerce_extract,50832887
TXN000555,CUST0148,Niharika Mangal,sandhudarpan@example.com,917212395088,"H.No. 01, Jani Road, Guwahati-185200",1972-10-24,2497312446594694,1615.43,2026-02-25,E-Commerce,False,2026-08-11T09:10:59.937700+00:00,retail_pos_ecommerce_extract,50832887
TXN000556,CUST0040,Zarna Pandey,puriraagini@example.net,4239185009,"H.No. 04, Sethi Road, Ambala 307405",1991-12-17,2396340065539635,8816.27,2026-07-13,POS-Store,False,2026-08-11T09:10:59.937700+00:00,retail_pos_ecommerce_extract,50832887
TXN000557,CUST0058,Ojasvi Jain,cheemaamara@example.org,7592637377,"271, Shukla Chowk, Dehri 269473",1989-11-15,2705526451771693,559.59,2026-06-18,E-Commerce,False,2026-08-11T09:10:59.937700+00:00,retail_pos_ecommerce_extract,50832887
TXN000558,CUST0090,Simon Srinivasan,nikita82@example.net,914482437348,"13/806, Gopal Zila, Aligarh 229846",1993-10-31,2685027834070006,3319.76,2026-05-01,POS-Store,False,2026-08-11T09:10:59.937700+00:00,retail_pos_ecommerce_extract,50832887
TXN000559,CUST0030,Ryan Dutt,dubeyekavir@example.com,3506857479,"388, Goda Path, Berhampur 933323",1967-03-04,5246073219315918,882.71,2026-04-25,POS-Store,False,2026-08-11T09:10:59.937700+00:00,retail_pos_ecommerce_extract,50832887
TXN000560,CUST0147,Yashoda Nanda,ddugar@example.net,6047074746,"606, Solanki, Nellore 091292",2000-08-22,5114641867386818,172.91,2026-07-31,E-Commerce,False,2026-08-11T09:10:59.937700+00:00,retail_pos_ecommerce_extract,50832887
TXN000561,CUST0110,Kamala Krishnamurthy,palanalka@example.com,3608937596,"H.No. 53, Chander Nagar, Uluberia 091539",1981-12-09,5119306812216164,21246.12,2026-07-05,E-Commerce,False,2026-08-11T09:10:59.937700+00:00,retail_pos_ecommerce_extract,50832887
TXN000562,CUST0156,Isaac Contractor,omkaarpradhan@example.net,6212666222,"92/970, Bedi Nagar, Rajkot 503243",1991-07-03,2313137511469817,18761.96,2026-03-25,POS-Store,False,2026-08-11T09:10:59.937700+00:00,retail_pos_ecommerce_extract,50832887
TXN000563,CUST0008,Udant Lalla,mmuni@example.com,915445316486,"H.No. 464, Mohanty Zila, Machilipatnam-241929",1965-10-19,2262855752843173,3202.88,2026-04-14,E-Commerce,False,2026-08-11T09:10:59.937700+00:00,retail_pos_ecommerce_extract,50832887
TXN000564,CUST0070,Lopa Amble,warinder49@example.net,8421025811,"644, Sachdev Marg, Bahraich-443264",1987-02-04,2279052530347112,437.62,2026-02-16,POS-Store,False,2026-08-11T09:10:59.937700+00:00,retail_pos_ecommerce_extract,50832887
TXN000565,CUST0087,Adya Chakrabarti,dateekani@example.org,6322946418,"24/25, Raghavan Chowk, Gandhidham-301064",1980-02-16,5447545480477367,2038.76,2026-04-13,POS-Store,False,2026-08-11T09:10:59.937700+00:00,retail_pos_ecommerce_extract,50832887
TXN000566,CUST0002,Azad Venkatesh,manbirpau@example.org,915017000534,"H.No. 11, Sha Marg, Baranagar 783987",1960-03-30,2272378530118931,2983.01,2026-03-09,E-Commerce,False,2026-08-11T09:10:59.937700+00:00,retail_pos_ecommerce_extract,50832887
TXN000567,CUST0037,Baljiwan Lad,jeremiah48@example.com,910385821986,"H.No. 71, Nayak Marg, Dindigul-630004",1961-11-24,5368789866443891,258.95,2026-02-28,POS-Store,False,2026-08-11T09:10:59.937700+00:00,retail_pos_ecommerce_extract,50832887
TXN000568,CUST0018,Ridhi Savant,virajradhakrishnan@example.com,911173124919,"H.No. 80, Bhatia Ganj, South Dumdum 602888",1995-08-21,2255715274881318,1304.45,2026-06-15,E-Commerce,False,2026-08-11T09:10:59.937700+00:00,retail_pos_ecommerce_extract,50832887
TXN000569,CUST0163,Jalsa Wali,aradhana04@example.com,5267163298,"H.No. 562, Loke Street, Jehanabad-932079",1963-09-30,2720852411385593,13418.0,2026-02-22,E-Commerce,False,2026-08-11T09:10:59.937700+00:00,retail_pos_ecommerce_extract,50832887
TXN000570,CUST0024,Rudra Handa,irarana@example.net,2446616770,"636, Jani Road, Raipur-693937",1995-12-01,2496808252269769,3369.04,2026-05-20,E-Commerce,False,2026-08-11T09:10:59.937700+00:00,retail_pos_ecommerce_extract,50832887
TXN000571,CUST0097,Aadi Mutti,tbahl@example.com,913874516144,"192, Sundaram Marg, Katihar 444040",1962-03-24,2241739072438086,10913.41,2026-02-27,POS-Store,False,2026-08-11T09:10:59.937700+00:00,retail_pos_ecommerce_extract,50832887
TXN000572,CUST0117,Xalak Gokhale,baghyawatitank@example.com,912963264634,"H.No. 423, Lad Ganj, Mau 442346",1958-04-17,2256434194616494,3262.36,2026-03-25,POS-Store,False,2026-08-11T09:10:59.937700+00:00,retail_pos_ecommerce_extract,50832887
TXN000573,CUST0041,Saumya Sharma,boasewarda@example.org,552258999,"H.No. 531, Saraf Path, Bellary-822942",1965-01-26,5328359972193878,883.82,2026-05-16,POS-Store,False,2026-08-11T09:10:59.937700+00:00,retail_pos_ecommerce_extract,50832887
TXN000574,CUST0080,Timothy Randhawa,hdevan@example.org,3579734915,"619, Dewan Marg, Bangalore 631518",1977-01-28,5481699878211552,3633.15,2026-02-17,POS-Store,False,2026-08-11T09:10:59.937700+00:00,retail_pos_ecommerce_extract,50832887
TXN000575,CUST0146,Unni Balasubramanian,kamdarnicholas@example.org,912234977459,"H.No. 666, Suresh Zila, Visakhapatnam-195727",1969-07-09,2707369434443165,19744.13,2026-04-30,E-Commerce,False,2026-08-11T09:10:59.937700+00:00,retail_pos_ecommerce_extract,50832887
TXN000576,CUST0014,Mason Comar,andrewtank@example.org,913392865349,"H.No. 77, Babu Street, Amritsar-666053",1978-11-15,5452063900717067,4347.22,2026-06-02,E-Commerce,False,2026-08-11T09:10:59.937700+00:00,retail_pos_ecommerce_extract,50832887
TXN000577,CUST0041,Saumya Sharma,boasewarda@example.org,552258999,"H.No. 531, Saraf Path, Bellary-822942",1965-01-26,2230867227774866,3719.88,2026-04-14,E-Commerce,False,2026-08-11T09:10:59.937700+00:00,retail_pos_ecommerce_extract,50832887
TXN000578,CUST0173,Jagrati Purohit,muttiaryan@example.com,7044021975,"H.No. 05, Sehgal Ganj, Proddatur 739407",1960-10-26,5381867896065331,4010.11,2026-06-27,E-Commerce,False,2026-08-11T09:10:59.937700+00:00,retail_pos_ecommerce_extract,50832887
TXN000579,CUST0070,Lopa Amble,warinder49@example.net,8421025811,"644, Sachdev Marg, Bahraich-443264",1987-02-04,2692600700010420,885.95,2026-06-16,POS-Store,False,2026-08-11T09:10:59.937700+00:00,retail_pos_ecommerce_extract,50832887
TXN000580,CUST0170,Chandresh Mohanty,rishi25@example.com,826613606,"90/25, Kalita Zila, Singrauli 660367",1963-04-14,2614829784039592,5498.17,2026-06-14,POS-Store,False,2026-08-11T09:10:59.937700+00:00,retail_pos_ecommerce_extract,50832887
TXN000581,CUST0125,Yash Bakshi,gaurav20@example.com,6483162569,"61/69, Bhatia Zila, Bhatpara 918109",1975-11-05,2716796718756459,7191.66,2026-06-26,POS-Store,False,2026-08-11T09:10:59.937700+00:00,retail_pos_ecommerce_extract,50832887
TXN000582,CUST0107,Eta Swaminathan,jack92@example.com,6319195366,"66, Pradhan Marg, Chittoor-432039",1980-07-22,2506638807974227,3973.29,2026-04-22,POS-Store,False,2026-08-11T09:10:59.937700+00:00,retail_pos_ecommerce_extract,50832887
TXN000583,CUST0056,Mahika Tiwari,mahika09@example.org,915775161344,"82, Chanda Chowk, Mehsana-811530",1972-08-04,2365716173122520,826.25,2026-06-06,E-Commerce,False,2026-08-11T09:10:59.937700+00:00,retail_pos_ecommerce_extract,50832887
TXN000584,CUST0089,Tara Bir,klalla@example.com,918814190235,"H.No. 05, Peri Marg, Akola-176683",1996-06-08,2278896941394720,13627.44,2026-06-14,POS-Store,False,2026-08-11T09:10:59.937700+00:00,retail_pos_ecommerce_extract,50832887
TXN000585,CUST0029,Vritti Cheema,lavanyakeer@example.org,913244377820,"74/96, Vaidya Street, Hosur-911579",1988-03-13,2276481350228578,322.4,2026-07-14,POS-Store,False,2026-08-11T09:10:59.937700+00:00,retail_pos_ecommerce_extract,50832887
TXN000586,CUST0174,Ridhi Gala,teerthkrishna@example.org,916020548258,"14/45, Chawla, Muzaffarnagar-030690",1987-08-24,2361158661862545,4923.76,2026-07-14,POS-Store,False,2026-08-11T09:10:59.937700+00:00,retail_pos_ecommerce_extract,50832887
TXN000587,CUST0135,Harinakshi Iyer,sodhibina@example.org,916892505848,"H.No. 686, Natarajan Ganj, Ahmednagar 425765",1990-07-26,5445526950401667,2038.95,2026-07-17,POS-Store,False,2026-08-11T09:10:59.937700+00:00,retail_pos_ecommerce_extract,50832887
TXN000588,CUST0012,Harini Sodhi,ravalojasvi@example.net,8462637222,"H.No. 05, Mital, Rajkot-175042",1966-05-29,2299808256880644,3159.4,2026-06-05,E-Commerce,False,2026-08-11T09:10:59.937700+00:00,retail_pos_ecommerce_extract,50832887
TXN000589,CUST0102,Nimrat Ramakrishnan,iryalala@example.net,915139316400,"55, Saini, Nashik-371364",1963-09-13,5160635079376925,1427.82,2026-06-26,E-Commerce,False,2026-08-11T09:10:59.937700+00:00,retail_pos_ecommerce_extract,50832887
TXN000590,CUST0002,Azad Venkatesh,manbirpau@example.org,915017000534,"H.No. 11, Sha Marg, Baranagar 783987",1960-03-30,2250757059287258,3164.53,2026-07-08,E-Commerce,False,2026-08-11T09:10:59.937700+00:00,retail_pos_ecommerce_extract,50832887
TXN000591,CUST0078,Shivansh Nagy,joshua26@example.com,6812149397,"07/21, Palan Zila, Malda 577083",1976-12-05,2709449539898659,10812.48,2026-05-20,E-Commerce,False,2026-08-11T09:10:59.937700+00:00,retail_pos_ecommerce_extract,50832887
TXN000592,CUST0036,Ayushman Dara,siddharth45@example.org,1148944160,"H.No. 121, Saxena Path, Chennai-309608",1981-09-24,2249182866973434,4727.18,2026-06-03,POS-Store,False,2026-08-11T09:10:59.937700+00:00,retail_pos_ecommerce_extract,50832887
TXN000593,CUST0075,Chakrika Mittal,morarmadhavi@example.org,3017732058,"87/478, Ramaswamy Road, Noida 731550",1993-12-28,2719898379252245,939.43,2026-03-03,POS-Store,False,2026-08-11T09:10:59.937700+00:00,retail_pos_ecommerce_extract,50832887
TXN000594,CUST0031,Jhalak Gala,wsami@example.org,1922670320,"H.No. 99, Uppal Nagar, Malegaon 940044",1966-04-28,2233747629535478,1271.28,2026-03-16,E-Commerce,False,2026-08-11T09:10:59.937700+00:00,retail_pos_ecommerce_extract,50832887
TXN000595,CUST0128,Tanmayi Barman,tchander@example.com,910455887635,"H.No. 34, Ravel Chowk, Mysore 938423",1972-06-29,2567669720694283,722.06,2026-06-09,POS-Store,False,2026-08-11T09:10:59.937700+00:00,retail_pos_ecommerce_extract,50832887
TXN000596,CUST0045,Jacob Bhatnagar,chadagautami@example.com,9355247230,"H.No. 80, Sur, Giridih-428587",1964-03-29,2252747171025684,602.48,2026-08-03,E-Commerce,False,2026-08-11T09:10:59.937700+00:00,retail_pos_ecommerce_extract,50832887
TXN000597,CUST0098,Nirja Doctor,madhav98@example.com,918141197799,"06, Uppal Path, Asansol-277008",1967-11-02,5486783919032444,3483.04,2026-07-31,E-Commerce,False,2026-08-11T09:10:59.937700+00:00,retail_pos_ecommerce_extract,50832887
TXN000598,CUST0129,Dayamai Manne,boraomkaar@example.com,914061447024,"133, Buch Road, Gwalior 406716",2005-07-31,5367896592038134,877.09,2026-05-30,POS-Store,False,2026-08-11T09:10:59.937700+00:00,retail_pos_ecommerce_extract,50832887
TXN000599,CUST0019,Nikita Master,anigam@example.org,913847487091,"67/595, Bains Chowk, Aurangabad 368095",1977-10-11,2661946714543865,21470.95,2026-06-04,POS-Store,False,2026-08-11T09:10:59.937700+00:00,retail_pos_ecommerce_extract,50832887
TXN000600,CUST0011,Ranbir Modi,kashvi57@example.com,913750310686,"H.No. 75, Virk Ganj, Kulti-991563",1960-09-03,5197204224944546,1520.21,2026-05-30,POS-Store,False,2026-08-11T09:10:59.937700+00:00,retail_pos_ecommerce_extract,50832887
TXN000601,CUST0005,Jhalak Sabharwal,sathvik78@example.org,1587311589,"06/72, Lad Road, Davanagere-605576",1978-01-10,2708567529971433,1098.32,2026-02-13,POS-Store,False,2026-08-11T09:10:59.937700+00:00,retail_pos_ecommerce_extract,50832887
TXN000602,CUST0020,Logan Grewal,brahmbhattnisha@example.org,6987176478,"H.No. 637, Luthra, Berhampur 430242",1998-04-20,2535895796822685,357.11,2026-04-06,POS-Store,False,2026-08-11T09:10:59.937700+00:00,retail_pos_ecommerce_extract,50832887
TXN000603,CUST0148,Niharika Mangal,sandhudarpan@example.com,917212395088,"H.No. 01, Jani Road, Guwahati-185200",1972-10-24,2285116078507700,4080.86,2026-06-15,POS-Store,False,2026-08-11T09:10:59.937700+00:00,retail_pos_ecommerce_extract,50832887
TXN000604,CUST0147,Yashoda Nanda,ddugar@example.net,6047074746,"606, Solanki, Nellore 091292",2000-08-22,2298230378663249,2783.16,2026-03-17,POS-Store,False,2026-08-11T09:10:59.937700+00:00,retail_pos_ecommerce_extract,50832887
TXN000605,CUST0164,Ojasvi Chaudhary,ekanta46@example.org,3770482067,"H.No. 26, Din Chowk, Jodhpur 203562",1988-05-01,2486449327203608,996.27,2026-05-17,POS-Store,False,2026-08-11T09:10:59.937700+00:00,retail_pos_ecommerce_extract,50832887
TXN000606,CUST0075,Chakrika Mittal,morarmadhavi@example.org,3017732058,"87/478, Ramaswamy Road, Noida 731550",1993-12-28,2357869276714725,2805.1,2026-05-08,E-Commerce,False,2026-08-11T09:10:59.937700+00:00,retail_pos_ecommerce_extract,50832887
TXN000607,CUST0104,Alexander Rege,amrita25@example.com,4584929505,"H.No. 412, Sankar Street, Anantapur-432245",1992-03-27,2296700679511117,804.27,2026-07-29,E-Commerce,False,2026-08-11T09:10:59.937700+00:00,retail_pos_ecommerce_extract,50832887
TXN000608,CUST0084,Nitara Vig,lallajai@example.org,913049331522,"H.No. 469, Subramanian Chowk, Barasat-097640",1970-10-26,2240736388185287,1882.86,2026-07-31,E-Commerce,False,2026-08-11T09:10:59.937700+00:00,retail_pos_ecommerce_extract,50832887
TXN000609,CUST0159,Jasmit Bakshi,bhatyamini@example.com,917798317531,"79/18, Manda Marg, Serampore-153240",1998-07-04,2720140741009236,695.79,2026-05-31,POS-Store,False,2026-08-11T09:10:59.937700+00:00,retail_pos_ecommerce_extract,50832887
TXN000610,CUST0177,Shravya Sagar,udantsama@example.net,918363910174,"09/002, Varty Chowk, Bellary-197098",1979-05-09,2233527306543080,2092.76,2026-03-17,POS-Store,False,2026-08-11T09:10:59.937700+00:00,retail_pos_ecommerce_extract,50832887
TXN000611,CUST0023,Raksha Ahluwalia,hiral98@example.net,8274422926,"354, Khare Marg, Jalgaon-947585",1972-04-28,2715271652873265,7568.83,2026-05-17,POS-Store,False,2026-08-11T09:10:59.937700+00:00,retail_pos_ecommerce_extract,50832887
TXN000612,CUST0028,Jai Saraf,panchalchasmum@example.com,9596719024,"17/27, More Chowk, Pudukkottai 272929",1977-04-26,2701883613983490,4773.52,2026-06-25,E-Commerce,False,2026-08-11T09:10:59.937700+00:00,retail_pos_ecommerce_extract,50832887
TXN000613,CUST0112,Jai Nanda,ekbal93@example.com,919781223351,"H.No. 94, Nadig Street, Katni 557238",1968-01-04,2448445258683039,3553.47,2026-02-19,POS-Store,False,2026-08-11T09:10:59.937700+00:00,retail_pos_ecommerce_extract,50832887
TXN000614,CUST0135,Harinakshi Iyer,sodhibina@example.org,916892505848,"H.No. 686, Natarajan Ganj, Ahmednagar 425765",1990-07-26,2226369025457659,2096.59,2026-03-15,E-Commerce,False,2026-08-11T09:10:59.937700+00:00,retail_pos_ecommerce_extract,50832887
TXN000615,CUST0102,Nimrat Ramakrishnan,iryalala@example.net,915139316400,"55, Saini, Nashik-371364",1963-09-13,2714648201387551,11959.27,2026-03-21,POS-Store,False,2026-08-11T09:10:59.937700+00:00,retail_pos_ecommerce_extract,50832887
TXN000616,CUST0087,Adya Chakrabarti,dateekani@example.org,6322946418,"24/25, Raghavan Chowk, Gandhidham-301064",1980-02-16,2720961712649365,8910.0,2026-02-13,E-Commerce,False,2026-08-11T09:10:59.937700+00:00,retail_pos_ecommerce_extract,50832887
TXN000617,CUST0086,Zinal Modi,maya71@example.com,9373066001,"83, Chada Marg, Gulbarga-850949",1970-07-12,2244212657299072,79.55,2026-05-28,E-Commerce,False,2026-08-11T09:10:59.937700+00:00,retail_pos_ecommerce_extract,50832887
TXN000618,CUST0020,Logan Grewal,brahmbhattnisha@example.org,6987176478,"H.No. 637, Luthra, Berhampur 430242",1998-04-20,5334849757683897,2473.74,2026-07-14,E-Commerce,False,2026-08-11T09:10:59.937700+00:00,retail_pos_ecommerce_extract,50832887
TXN000619,CUST0136,Zarna Dua,ryan48@example.com,917660128556,"H.No. 15, Toor Nagar, Sambalpur-063652",1985-08-03,2703623406270244,13045.1,2026-05-07,E-Commerce,False,2026-08-11T09:10:59.937700+00:00,retail_pos_ecommerce_extract,50832887
TXN000620,CUST0090,Simon Srinivasan,nikita82@example.net,914482437348,"13/806, Gopal Zila, Aligarh 229846",1993-10-31,2276536218988281,8154.75,2026-06-15,POS-Store,False,2026-08-11T09:10:59.937700+00:00,retail_pos_ecommerce_extract,50832887
TXN000621,CUST0166,Gaurika Chakraborty,sathvik30@example.com,4730150514,"33/106, Mandal Street, Ramagundam 898234",1978-08-24,2709584926893937,18202.37,2026-05-18,E-Commerce,False,2026-08-11T09:10:59.937700+00:00,retail_pos_ecommerce_extract,50832887
TXN000622,CUST0061,Logan Sidhu,samakshdivan@example.net,918374908364,"H.No. 98, Mahal Path, Sagar 878951",1964-05-28,5259987481005671,4378.29,2026-05-23,E-Commerce,False,2026-08-11T09:10:59.937700+00:00,retail_pos_ecommerce_extract,50832887
TXN000623,CUST0038,Girindra Dhillon,saanviswamy@example.net,5201491862,"25/91, Mander Street, Allahabad 336164",1999-03-21,2590666891882607,3504.26,2026-05-03,POS-Store,False,2026-08-11T09:10:59.937700+00:00,retail_pos_ecommerce_extract,50832887
TXN000624,CUST0051,Meghana Dani,azad54@example.net,7170955381,"H.No. 332, Tara, Karaikudi 769071",1967-01-23,2249422784428016,80.87,2026-03-27,E-Commerce,False,2026-08-11T09:10:59.937700+00:00,retail_pos_ecommerce_extract,50832887
TXN000625,CUST0155,Lavanya Grewal,fradosinha@example.net,4324726049,"95, Nadig Street, Sangli-Miraj & Kupwad 316176",1993-10-18,2266675928590946,15483.44,2026-05-25,E-Commerce,False,2026-08-11T09:10:59.937700+00:00,retail_pos_ecommerce_extract,50832887
TXN000626,CUST0168,Unni Bhatt,mutticharan@example.net,4300090556,"75/31, Shanker Nagar, Aizawl 830688",1958-08-24,2320741353393729,2925.61,2026-05-31,E-Commerce,False,2026-08-11T09:10:59.937700+00:00,retail_pos_ecommerce_extract,50832887
TXN000627,CUST0046,Mekhala Atwal,esarraf@example.org,919394551606,"16/067, Srinivasan, Nagpur 718357",1962-02-10,5377559649861472,168.8,2026-06-17,POS-Store,False,2026-08-11T09:10:59.937700+00:00,retail_pos_ecommerce_extract,50832887
TXN000628,CUST0119,Nikita Tailor,warhi98@example.net,8118992226,"12/24, Kannan Road, Jammu-224630",2002-11-29,2222057961377197,2720.79,2026-07-11,POS-Store,False,2026-08-11T09:10:59.937700+00:00,retail_pos_ecommerce_extract,50832887
TXN000629,CUST0175,Samaksh Palan,teerthlanka@example.com,4257548247,"H.No. 362, Brahmbhatt Chowk, Jorhat 857049",1964-05-10,2286076534050415,516.52,2026-03-05,POS-Store,False,2026-08-11T09:10:59.937700+00:00,retail_pos_ecommerce_extract,50832887
TXN000630,CUST0161,Xalak Trivedi,chavvitalwar@example.org,4796024025,"15/767, Vora Ganj, Tinsukia-159266",1980-03-29,2270829300022986,602.29,2026-07-09,POS-Store,False,2026-08-11T09:10:59.937700+00:00,retail_pos_ecommerce_extract,50832887
TXN000631,CUST0039,Anirudh Kibe,mohantylogan@example.com,912762642514,"H.No. 36, Nigam Ganj, Etawah-571776",1969-03-14,2251066870174813,806.88,2026-04-08,POS-Store,False,2026-08-11T09:10:59.937700+00:00,retail_pos_ecommerce_extract,50832887
TXN000632,CUST0018,Ridhi Savant,virajradhakrishnan@example.com,911173124919,"H.No. 80, Bhatia Ganj, South Dumdum 602888",1995-08-21,2297449376945140,482.0,2026-03-08,POS-Store,False,2026-08-11T09:10:59.937700+00:00,retail_pos_ecommerce_extract,50832887
TXN000633,CUST0114,Chaitaly Viswanathan,sarkarnaveen@example.org,8310384926,"H.No. 744, Sidhu Nagar, Dehri-540494",1997-01-02,2700876863392140,118.75,2026-07-10,POS-Store,False,2026-08-11T09:10:59.937700+00:00,retail_pos_ecommerce_extract,50832887
TXN000634,CUST0071,Dhruv Lala,yoshita33@example.com,9340109705,"H.No. 73, Hans Marg, Kulti 209409",1963-01-07,2284410932050374,2919.28,2026-03-20,E-Commerce,False,2026-08-11T09:10:59.937700+00:00,retail_pos_ecommerce_extract,50832887
TXN000635,CUST0091,Lajita Sami,krish65@example.com,2581881388,"68, Dyal Road, Surat 879272",1990-06-23,5202708690759629,2166.36,2026-02-13,E-Commerce,False,2026-08-11T09:10:59.937700+00:00,retail_pos_ecommerce_extract,50832887
TXN000636,CUST0080,Timothy Randhawa,hdevan@example.org,3579734915,"619, Dewan Marg, Bangalore 631518",1977-01-28,2257999874544272,4439.63,2026-05-13,POS-Store,False,2026-08-11T09:10:59.937700+00:00,retail_pos_ecommerce_extract,50832887
TXN000637,CUST0116,Ucchal Nair,misraanmol@example.net,9428688174,"92/70, Raval Nagar, Mysore-816868",1998-09-15,2267311969175681,1158.44,2026-07-03,E-Commerce,False,2026-08-11T09:10:59.937700+00:00,retail_pos_ecommerce_extract,50832887
TXN000638,CUST0015,Vaishnavi Uppal,kalpitjha@example.net,8564803084,"07/03, Brar Nagar, Jamalpur-448666",2003-05-04,2241101799567871,1419.62,2026-03-16,POS-Store,False,2026-08-11T09:10:59.937700+00:00,retail_pos_ecommerce_extract,50832887
TXN000639,CUST0074,Bhavini Anand,chandranbalhaar@example.org,6600725503,"77, Dayal Zila, Pudukkottai 232922",1986-04-20,2240144390076836,986.34,2026-02-13,E-Commerce,False,2026-08-11T09:10:59.937700+00:00,retail_pos_ecommerce_extract,50832887
TXN000640,CUST0166,Gaurika Chakraborty,sathvik30@example.com,4730150514,"33/106, Mandal Street, Ramagundam 898234",1978-08-24,5180893806902887,523.44,2026-07-06,E-Commerce,False,2026-08-11T09:10:59.937700+00:00,retail_pos_ecommerce_extract,50832887
TXN000641,CUST0158,Zansi Khalsa,kamala99@example.org,7888040151,"29/830, Deshpande Path, Bihar Sharif 809429",2004-06-07,5181483797925409,3809.16,2026-04-13,POS-Store,False,2026-08-11T09:10:59.937700+00:00,retail_pos_ecommerce_extract,50832887
TXN000642,CUST0119,Nikita Tailor,warhi98@example.net,8118992226,"12/24, Kannan Road, Jammu-224630",2002-11-29,2223474700235892,1039.07,2026-06-10,E-Commerce,False,2026-08-11T09:10:59.937700+00:00,retail_pos_ecommerce_extract,50832887
TXN000643,CUST0116,Ucchal Nair,misraanmol@example.net,9428688174,"92/70, Raval Nagar, Mysore-816868",1998-09-15,5520758468617835,541.31,2026-06-19,E-Commerce,False,2026-08-11T09:10:59.937700+00:00,retail_pos_ecommerce_extract,50832887
TXN000644,CUST0083,Hamsini Kara,anvi19@example.com,8002415929,"H.No. 696, Sem Path, Vijayawada-120991",1999-03-02,2653200608601177,382.74,2026-06-16,POS-Store,False,2026-08-11T09:10:59.937700+00:00,retail_pos_ecommerce_extract,50832887
TXN000645,CUST0129,Dayamai Manne,boraomkaar@example.com,914061447024,"133, Buch Road, Gwalior 406716",2005-07-31,2700648530825798,124.57,2026-07-11,E-Commerce,False,2026-08-11T09:10:59.937700+00:00,retail_pos_ecommerce_extract,50832887
TXN000646,CUST0016,Yashica Ghose,urvinayak@example.net,9704566971,"H.No. 993, Goyal Circle, Udupi 699433",1960-05-19,2222339749612776,1530.73,2026-03-06,POS-Store,False,2026-08-11T09:10:59.937700+00:00,retail_pos_ecommerce_extract,50832887
TXN000647,CUST0027,Akshay Uppal,ronith40@example.com,913914529489,"79, Thakkar Ganj, Jorhat-336852",1971-12-13,2424573888627866,3757.17,2026-06-06,POS-Store,False,2026-08-11T09:10:59.937700+00:00,retail_pos_ecommerce_extract,50832887
TXN000648,CUST0022,Isha Bora,isami@example.net,7979903950,"75, Ben Path, Burhanpur 019054",1958-08-01,2228948011438787,1800.4,2026-07-28,E-Commerce,False,2026-08-11T09:10:59.937700+00:00,retail_pos_ecommerce_extract,50832887
TXN000649,CUST0011,Ranbir Modi,kashvi57@example.com,913750310686,"H.No. 75, Virk Ganj, Kulti-991563",1960-09-03,2715092156466335,149.23,2026-05-20,E-Commerce,False,2026-08-11T09:10:59.937700+00:00,retail_pos_ecommerce_extract,50832887
TXN000650,CUST0113,Divya Chaudhry,advikchander@example.com,915146793963,"20/12, Sridhar Chowk, Durgapur 535695",1984-05-01,2711063130165214,3825.2,2026-04-29,POS-Store,False,2026-08-11T09:10:59.937700+00:00,retail_pos_ecommerce_extract,50832887
TXN000651,CUST0135,Harinakshi Iyer,sodhibina@example.org,916892505848,"H.No. 686, Natarajan Ganj, Ahmednagar 425765",1990-07-26,2296833843028880,938.47,2026-04-04,E-Commerce,False,2026-08-11T09:10:59.937700+00:00,retail_pos_ecommerce_extract,50832887
TXN000652,CUST0094,Urishilla Sami,ektaperi@example.org,914459496015,"371, Chana, Chapra 283951",2003-09-18,5183657527084318,563.69,2026-07-22,POS-Store,False,2026-08-11T09:10:59.937700+00:00,retail_pos_ecommerce_extract,50832887
TXN000653,CUST0073,Ekta Mitra,anushamitra@example.com,7400080896,"65/285, Pathak Nagar, Mangalore 300710",1960-11-17,2282777616989883,4483.01,2026-02-27,POS-Store,False,2026-08-11T09:10:59.937700+00:00,retail_pos_ecommerce_extract,50832887
TXN000654,CUST0105,Suhani Kapur,kamdarsara@example.org,8992022637,"43, Warrior Path, Khammam 104974",1999-12-29,2280388778700571,4206.11,2026-03-15,POS-Store,False,2026-08-11T09:10:59.937700+00:00,retail_pos_ecommerce_extract,50832887
TXN000655,CUST0174,Ridhi Gala,teerthkrishna@example.org,916020548258,"14/45, Chawla, Muzaffarnagar-030690",1987-08-24,2347364021003601,4258.49,2026-03-17,E-Commerce,False,2026-08-11T09:10:59.937700+00:00,retail_pos_ecommerce_extract,50832887
TXN000656,CUST0162,Onveer Misra,mgarde@example.org,7568123914,"05/401, Kulkarni Street, Jamnagar 538665",1978-02-27,2717382786944696,899.18,2026-05-19,POS-Store,False,2026-08-11T09:10:59.937700+00:00,retail_pos_ecommerce_extract,50832887
TXN000657,CUST0017,Abhiram Shanker,warinder43@example.net,911268402770,"967, Chaudhary Street, Chandrapur 809533",1975-11-03,2700733032752136,4268.37,2026-02-13,POS-Store,False,2026-08-11T09:10:59.937700+00:00,retail_pos_ecommerce_extract,50832887
TXN000658,CUST0025,Dayamai Ravel,tanmayimane@example.com,913992959958,"052, Chawla Street, Chandrapur-949558",1988-07-11,2695032177871240,3573.67,2026-05-22,POS-Store,False,2026-08-11T09:10:59.937700+00:00,retail_pos_ecommerce_extract,50832887
TXN000659,CUST0073,Ekta Mitra,anushamitra@example.com,7400080896,"65/285, Pathak Nagar, Mangalore 300710",1960-11-17,2456430146158724,3925.63,2026-06-20,POS-Store,False,2026-08-11T09:10:59.937700+00:00,retail_pos_ecommerce_extract,50832887
TXN000660,CUST0169,Eshana Bansal,ishani34@example.net,2193565750,"99, Apte Chowk, Rajpur Sonarpur-830651",1964-05-15,2236529065713216,107.27,2026-03-25,E-Commerce,False,2026-08-11T09:10:59.937700+00:00,retail_pos_ecommerce_extract,50832887
TXN000661,CUST0086,Zinal Modi,maya71@example.com,9373066001,"83, Chada Marg, Gulbarga-850949",1970-07-12,2293565702524772,201.41,2026-08-09,E-Commerce,False,2026-08-11T09:10:59.937700+00:00,retail_pos_ecommerce_extract,50832887
TXN000662,CUST0150,Vanya Bhakta,epall@example.org,911424714068,"553, Ahluwalia, Anantapur-312017",2005-05-04,2287956926789796,8727.42,2026-08-07,E-Commerce,False,2026-08-11T09:10:59.937700+00:00,retail_pos_ecommerce_extract,50832887
TXN000663,CUST0090,Simon Srinivasan,nikita82@example.net,914482437348,"13/806, Gopal Zila, Aligarh 229846",1993-10-31,2549489214061904,10727.89,2026-06-01,POS-Store,False,2026-08-11T09:10:59.937700+00:00,retail_pos_ecommerce_extract,50832887
TXN000664,CUST0168,Unni Bhatt,mutticharan@example.net,4300090556,"75/31, Shanker Nagar, Aizawl 830688",1958-08-24,2701020471827903,799.42,2026-02-24,POS-Store,False,2026-08-11T09:10:59.937700+00:00,retail_pos_ecommerce_extract,50832887
TXN000665,CUST0034,Isaac Mukherjee,anika06@example.com,914073249210,"12/829, Varma Circle, Orai 051463",1990-03-17,2230348812253855,2992.28,2026-04-14,E-Commerce,False,2026-08-11T09:10:59.937700+00:00,retail_pos_ecommerce_extract,50832887
TXN000666,CUST0080,Timothy Randhawa,hdevan@example.org,3579734915,"619, Dewan Marg, Bangalore 631518",1977-01-28,2515474208837287,3876.09,2026-05-14,POS-Store,False,2026-08-11T09:10:59.937700+00:00,retail_pos_ecommerce_extract,50832887
TXN000667,CUST0165,Azaan Varughese,shravyamitra@example.com,1551972465,"H.No. 437, Sharma Zila, Kharagpur-526012",1959-11-21,2265050130216477,995.52,2026-04-09,POS-Store,False,2026-08-11T09:10:59.937700+00:00,retail_pos_ecommerce_extract,50832887
TXN000668,CUST0033,Nihal Prabhakar,phora@example.net,5300616156,"51/42, Banerjee Path, Bhubaneswar 359546",1966-09-05,5183055559339363,16055.89,2026-07-24,E-Commerce,False,2026-08-11T09:10:59.937700+00:00,retail_pos_ecommerce_extract,50832887
TXN000669,CUST0166,Gaurika Chakraborty,sathvik30@example.com,4730150514,"33/106, Mandal Street, Ramagundam 898234",1978-08-24,2636061921209771,695.54,2026-07-28,POS-Store,False,2026-08-11T09:10:59.937700+00:00,retail_pos_ecommerce_extract,50832887
TXN000670,CUST0131,Upma Karnik,manderturvi@example.org,628008475,"365, Johal Circle, Anantapur 654548",1987-01-30,2278654725828375,79.09,2026-06-19,POS-Store,False,2026-08-11T09:10:59.937700+00:00,retail_pos_ecommerce_extract,50832887
TXN000671,CUST0005,Jhalak Sabharwal,sathvik78@example.org,1587311589,"06/72, Lad Road, Davanagere-605576",1978-01-10,2702872337674013,489.03,2026-07-22,POS-Store,False,2026-08-11T09:10:59.937700+00:00,retail_pos_ecommerce_extract,50832887
TXN000672,CUST0080,Timothy Randhawa,hdevan@example.org,3579734915,"619, Dewan Marg, Bangalore 631518",1977-01-28,2261122864514478,17362.15,2026-04-17,E-Commerce,False,2026-08-11T09:10:59.937700+00:00,retail_pos_ecommerce_extract,50832887
TXN000673,CUST0055,Wazir Kant,basakyauvani@example.org,9053368317,"H.No. 54, Ganesan Circle, Junagadh 221312",1990-09-24,2282866171687048,2701.55,2026-02-26,POS-Store,False,2026-08-11T09:10:59.937700+00:00,retail_pos_ecommerce_extract,50832887
TXN000674,CUST0125,Yash Bakshi,gaurav20@example.com,6483162569,"61/69, Bhatia Zila, Bhatpara 918109",1975-11-05,2264679920027818,2483.78,2026-08-02,E-Commerce,False,2026-08-11T09:10:59.937700+00:00,retail_pos_ecommerce_extract,50832887
TXN000675,CUST0058,Ojasvi Jain,cheemaamara@example.org,7592637377,"271, Shukla Chowk, Dehri 269473",1989-11-15,2371042964139983,5682.82,2026-04-09,E-Commerce,False,2026-08-11T09:10:59.937700+00:00,retail_pos_ecommerce_extract,50832887
TXN000676,CUST0040,Zarna Pandey,puriraagini@example.net,4239185009,"H.No. 04, Sethi Road, Ambala 307405",1991-12-17,2720039031211660,14837.9,2026-03-06,E-Commerce,False,2026-08-11T09:10:59.937700+00:00,retail_pos_ecommerce_extract,50832887
TXN000677,CUST0076,Warda Loyal,jsaran@example.org,919763975853,"H.No. 51, Karnik Circle, Vijayawada 393231",1982-01-08,2290442163369308,3900.31,2026-03-26,E-Commerce,False,2026-08-11T09:10:59.937700+00:00,retail_pos_ecommerce_extract,50832887
TXN000678,CUST0130,Samuel Bath,desainathaniel@example.org,9818472762,"H.No. 405, Borde Nagar, Ichalkaranji 097568",1958-01-19,2299738497696162,4492.82,2026-05-20,E-Commerce,False,2026-08-11T09:10:59.937700+00:00,retail_pos_ecommerce_extract,50832887
TXN000679,CUST0170,Chandresh Mohanty,rishi25@example.com,826613606,"90/25, Kalita Zila, Singrauli 660367",1963-04-14,5394399125651421,12169.83,2026-08-04,POS-Store,False,2026-08-11T09:10:59.937700+00:00,retail_pos_ecommerce_extract,50832887
TXN000680,CUST0159,Jasmit Bakshi,bhatyamini@example.com,917798317531,"79/18, Manda Marg, Serampore-153240",1998-07-04,2293132093666702,612.14,2026-07-16,E-Commerce,False,2026-08-11T09:10:59.937700+00:00,retail_pos_ecommerce_extract,50832887
TXN000681,CUST0153,Jairaj Ramanathan,harrison29@example.org,7686617991,"H.No. 720, Ben Zila, Ballia 984360",1976-01-18,2227233509037123,8582.05,2026-04-20,POS-Store,False,2026-08-11T09:10:59.937700+00:00,retail_pos_ecommerce_extract,50832887
TXN000682,CUST0040,Zarna Pandey,puriraagini@example.net,4239185009,"H.No. 04, Sethi Road, Ambala 307405",1991-12-17,2298946826900954,3525.61,2026-03-21,E-Commerce,False,2026-08-11T09:10:59.937700+00:00,retail_pos_ecommerce_extract,50832887
TXN000683,CUST0047,Zilmil Kuruvilla,uvenkataraman@example.net,913071233063,"H.No. 96, Shankar Street, Jabalpur-490517",1978-06-12,2507498194138988,1526.14,2026-08-01,E-Commerce,False,2026-08-11T09:10:59.937700+00:00,retail_pos_ecommerce_extract,50832887
TXN000684,CUST0113,Divya Chaudhry,advikchander@example.com,915146793963,"20/12, Sridhar Chowk, Durgapur 535695",1984-05-01,5380733991108890,4635.22,2026-05-27,E-Commerce,False,2026-08-11T09:10:59.937700+00:00,retail_pos_ecommerce_extract,50832887
TXN000685,CUST0106,Chanakya Vohra,chaudryfalan@example.net,287765846,"01/575, Sheth Marg, Kota 924271",2005-06-21,5354552985999813,275.43,2026-05-27,POS-Store,False,2026-08-11T09:10:59.937700+00:00,retail_pos_ecommerce_extract,50832887
TXN000686,CUST0174,Ridhi Gala,teerthkrishna@example.org,916020548258,"14/45, Chawla, Muzaffarnagar-030690",1987-08-24,2235989910680559,8077.43,2026-02-18,E-Commerce,False,2026-08-11T09:10:59.937700+00:00,retail_pos_ecommerce_extract,50832887
TXN000687,CUST0114,Chaitaly Viswanathan,sarkarnaveen@example.org,8310384926,"H.No. 744, Sidhu Nagar, Dehri-540494",1997-01-02,5578797323997124,13369.23,2026-02-28,POS-Store,False,2026-08-11T09:10:59.937700+00:00,retail_pos_ecommerce_extract,50832887
TXN000688,CUST0115,Bimala Gala,zdeo@example.com,6114054452,"82/042, Kota Marg, Bhilwara-195235",1972-03-10,5387658217272357,876.34,2026-04-28,E-Commerce,False,2026-08-11T09:10:59.937700+00:00,retail_pos_ecommerce_extract,50832887
TXN000689,CUST0137,Nathaniel Rau,simon30@example.com,912506647898,"32/93, Ben, Amroha-245447",1979-06-26,2720041248158023,3058.75,2026-06-26,E-Commerce,False,2026-08-11T09:10:59.937700+00:00,retail_pos_ecommerce_extract,50832887
TXN000690,CUST0080,Timothy Randhawa,hdevan@example.org,3579734915,"619, Dewan Marg, Bangalore 631518",1977-01-28,2700986680045209,3371.21,2026-06-23,POS-Store,False,2026-08-11T09:10:59.937700+00:00,retail_pos_ecommerce_extract,50832887
TXN000691,CUST0050,Odika Brahmbhatt,praneelzacharia@example.net,918864756220,"00/91, Pau Circle, Asansol-673988",1978-11-20,2250287959756665,421.14,2026-05-08,POS-Store,False,2026-08-11T09:10:59.937700+00:00,retail_pos_ecommerce_extract,50832887
TXN000692,CUST0174,Ridhi Gala,teerthkrishna@example.org,916020548258,"14/45, Chawla, Muzaffarnagar-030690",1987-08-24,2604265017709051,9389.01,2026-04-08,POS-Store,False,2026-08-11T09:10:59.937700+00:00,retail_pos_ecommerce_extract,50832887
TXN000693,CUST0119,Nikita Tailor,warhi98@example.net,8118992226,"12/24, Kannan Road, Jammu-224630",2002-11-29,5444668064497891,2300.44,2026-03-08,POS-Store,False,2026-08-11T09:10:59.937700+00:00,retail_pos_ecommerce_extract,50832887
TXN000694,CUST0098,Nirja Doctor,madhav98@example.com,918141197799,"06, Uppal Path, Asansol-277008",1967-11-02,2222344338874167,1523.36,2026-05-08,POS-Store,False,2026-08-11T09:10:59.937700+00:00,retail_pos_ecommerce_extract,50832887
TXN000695,CUST0042,Omya Grover,abhimanyu84@example.org,4734288665,"81, Ratta Zila, Tadipatri-448557",1984-04-20,2454631340670701,12714.97,2026-04-30,E-Commerce,False,2026-08-11T09:10:59.937700+00:00,retail_pos_ecommerce_extract,50832887
TXN000696,CUST0155,Lavanya Grewal,fradosinha@example.net,4324726049,"95, Nadig Street, Sangli-Miraj & Kupwad 316176",1993-10-18,5374011955777291,119.75,2026-03-04,E-Commerce,False,2026-08-11T09:10:59.937700+00:00,retail_pos_ecommerce_extract,50832887
TXN000697,CUST0065,Warjas Sarkar,trau@example.org,8971303403,"81, Dash Marg, Jalna 615968",1972-08-29,2445711430286188,543.27,2026-04-06,E-Commerce,False,2026-08-11T09:10:59.937700+00:00,retail_pos_ecommerce_extract,50832887
TXN000698,CUST0165,Azaan Varughese,shravyamitra@example.com,1551972465,"H.No. 437, Sharma Zila, Kharagpur-526012",1959-11-21,5371697861901745,4314.7,2026-06-26,POS-Store,False,2026-08-11T09:10:59.937700+00:00,retail_pos_ecommerce_extract,50832887
TXN000699,CUST0096,Kevin Dada,valabalveer@example.org,915725827792,"46/75, Ahluwalia Street, Bettiah 055820",1966-02-26,5102470014275599,1994.61,2026-03-26,E-Commerce,False,2026-08-11T09:10:59.937700+00:00,retail_pos_ecommerce_extract,50832887
TXN000700,CUST0133,Janya Rege,ypalla@example.net,914445120610,"64, Raju Zila, Rewa 164474",1959-10-01,2249755803782628,3826.4,2026-02-24,E-Commerce,False,2026-08-11T09:10:59.937700+00:00,retail_pos_ecommerce_extract,50832887
TXN000701,CUST0073,Ekta Mitra,anushamitra@example.com,7400080896,"65/285, Pathak Nagar, Mangalore 300710",1960-11-17,2506678231170240,209.07,2026-06-11,E-Commerce,False,2026-08-11T09:10:59.937700+00:00,retail_pos_ecommerce_extract,50832887
TXN000702,CUST0042,Omya Grover,abhimanyu84@example.org,4734288665,"81, Ratta Zila, Tadipatri-448557",1984-04-20,2288639065950804,748.85,2026-04-09,POS-Store,False,2026-08-11T09:10:59.937700+00:00,retail_pos_ecommerce_extract,50832887
TXN000703,CUST0116,Ucchal Nair,misraanmol@example.net,9428688174,"92/70, Raval Nagar, Mysore-816868",1998-09-15,2275465593555286,2898.05,2026-05-04,E-Commerce,False,2026-08-11T09:10:59.937700+00:00,retail_pos_ecommerce_extract,50832887
TXN000704,CUST0112,Jai Nanda,ekbal93@example.com,919781223351,"H.No. 94, Nadig Street, Katni 557238",1968-01-04,2482209070680541,18696.59,2026-03-05,E-Commerce,False,2026-08-11T09:10:59.937700+00:00,retail_pos_ecommerce_extract,50832887
TXN000705,CUST0057,Neha Sule,maanaspai@example.net,4210122796,"H.No. 39, Warrior Zila, Nellore 279833",1991-03-19,2643305887229260,4472.22,2026-07-22,POS-Store,False,2026-08-11T09:10:59.937700+00:00,retail_pos_ecommerce_extract,50832887
TXN000706,CUST0090,Simon Srinivasan,nikita82@example.net,914482437348,"13/806, Gopal Zila, Aligarh 229846",1993-10-31,2374995073626819,156.21,2026-07-14,E-Commerce,False,2026-08-11T09:10:59.937700+00:00,retail_pos_ecommerce_extract,50832887
TXN000707,CUST0107,Eta Swaminathan,jack92@example.com,6319195366,"66, Pradhan Marg, Chittoor-432039",1980-07-22,2262044161898728,104.18,2026-06-02,E-Commerce,False,2026-08-11T09:10:59.937700+00:00,retail_pos_ecommerce_extract,50832887
TXN000708,CUST0102,Nimrat Ramakrishnan,iryalala@example.net,915139316400,"55, Saini, Nashik-371364",1963-09-13,5216606898689149,4745.49,2026-07-08,POS-Store,False,2026-08-11T09:10:59.937700+00:00,retail_pos_ecommerce_extract,50832887
TXN000709,CUST0061,Logan Sidhu,samakshdivan@example.net,918374908364,"H.No. 98, Mahal Path, Sagar 878951",1964-05-28,2574453880585149,165.88,2026-04-21,POS-Store,False,2026-08-11T09:10:59.937700+00:00,retail_pos_ecommerce_extract,50832887
TXN000710,CUST0021,Tanveer Tailor,ubiswas@example.org,3692754548,"H.No. 015, Mody Street, Anantapuram 489895",1982-12-16,5114386458535130,4734.57,2026-05-18,POS-Store,False,2026-08-11T09:10:59.937700+00:00,retail_pos_ecommerce_extract,50832887
TXN000711,CUST0058,Ojasvi Jain,cheemaamara@example.org,7592637377,"271, Shukla Chowk, Dehri 269473",1989-11-15,2720282537914748,531.37,2026-07-03,E-Commerce,False,2026-08-11T09:10:59.937700+00:00,retail_pos_ecommerce_extract,50832887
TXN000712,CUST0082,Urishilla Batta,girikbuch@example.net,917795907625,"49/41, Parmar Marg, Berhampore 301474",1993-06-30,2714508084778781,190.78,2026-07-26,E-Commerce,False,2026-08-11T09:10:59.937700+00:00,retail_pos_ecommerce_extract,50832887
TXN000713,CUST0167,Anusha Bobal,davenathaniel@example.com,8783095844,"H.No. 409, Bhandari Path, Phusro 646458",1977-10-04,2267373450606467,21407.05,2026-04-22,POS-Store,False,2026-08-11T09:10:59.937700+00:00,retail_pos_ecommerce_extract,50832887
TXN000714,CUST0038,Girindra Dhillon,saanviswamy@example.net,5201491862,"25/91, Mander Street, Allahabad 336164",1999-03-21,2604317524649054,953.27,2026-07-09,E-Commerce,False,2026-08-11T09:10:59.937700+00:00,retail_pos_ecommerce_extract,50832887
TXN000715,CUST0010,Joshua Brar,pallakamala@example.org,9754295521,"041, Chawla Zila, Noida-449007",1960-11-07,5396181811133551,4470.81,2026-06-14,POS-Store,False,2026-08-11T09:10:59.937700+00:00,retail_pos_ecommerce_extract,50832887
TXN000716,CUST0121,Ishani Agate,shravyadua@example.com,917822678081,"05/279, Ahuja Marg, Silchar 815845",2003-07-19,2704782165244458,3061.87,2026-04-30,E-Commerce,False,2026-08-11T09:10:59.937700+00:00,retail_pos_ecommerce_extract,50832887
TXN000717,CUST0121,Ishani Agate,shravyadua@example.com,917822678081,"05/279, Ahuja Marg, Silchar 815845",2003-07-19,2249801882160391,3666.79,2026-02-27,POS-Store,False,2026-08-11T09:10:59.937700+00:00,retail_pos_ecommerce_extract,50832887
TXN000718,CUST0158,Zansi Khalsa,kamala99@example.org,7888040151,"29/830, Deshpande Path, Bihar Sharif 809429",2004-06-07,2240167248596127,78.44,2026-05-14,E-Commerce,False,2026-08-11T09:10:59.937700+00:00,retail_pos_ecommerce_extract,50832887
TXN000719,CUST0021,Tanveer Tailor,ubiswas@example.org,3692754548,"H.No. 015, Mody Street, Anantapuram 489895",1982-12-16,5495857975116033,718.74,2026-03-02,E-Commerce,False,2026-08-11T09:10:59.937700+00:00,retail_pos_ecommerce_extract,50832887
TXN000720,CUST0066,Lajita Khosla,jason36@example.org,4999680837,"11, Chana Road, Nanded-693249",1999-06-22,5483122739220678,689.09,2026-07-01,E-Commerce,False,2026-08-11T09:10:59.937700+00:00,retail_pos_ecommerce_extract,50832887
TXN000721,CUST0039,Anirudh Kibe,mohantylogan@example.com,912762642514,"H.No. 36, Nigam Ganj, Etawah-571776",1969-03-14,2715383298218522,6597.22,2026-04-18,POS-Store,False,2026-08-11T09:10:59.937700+00:00,retail_pos_ecommerce_extract,50832887
TXN000722,CUST0029,Vritti Cheema,lavanyakeer@example.org,913244377820,"74/96, Vaidya Street, Hosur-911579",1988-03-13,2720127215144086,2774.56,2026-02-25,POS-Store,False,2026-08-11T09:10:59.937700+00:00,retail_pos_ecommerce_extract,50832887
TXN000723,CUST0061,Logan Sidhu,samakshdivan@example.net,918374908364,"H.No. 98, Mahal Path, Sagar 878951",1964-05-28,2301887752145336,8012.37,2026-06-26,POS-Store,False,2026-08-11T09:10:59.937700+00:00,retail_pos_ecommerce_extract,50832887
TXN000724,CUST0032,Yug Thaman,khalsaati@example.org,913780126147,"688, Hari Path, Firozabad 567299",1992-02-01,5341335104870446,4351.62,2026-07-27,E-Commerce,False,2026-08-11T09:10:59.937700+00:00,retail_pos_ecommerce_extract,50832887
TXN000725,CUST0062,Patrick Wali,priya39@example.net,3674335304,"H.No. 097, Sawhney Marg, Amaravati-644395",1973-05-09,2720901377559509,16615.53,2026-04-10,POS-Store,False,2026-08-11T09:10:59.937700+00:00,retail_pos_ecommerce_extract,50832887
TXN000726,CUST0164,Ojasvi Chaudhary,ekanta46@example.org,3770482067,"H.No. 26, Din Chowk, Jodhpur 203562",1988-05-01,2242376428555989,3470.77,2026-06-18,POS-Store,False,2026-08-11T09:10:59.937700+00:00,retail_pos_ecommerce_extract,50832887
TXN000727,CUST0017,Abhiram Shanker,warinder43@example.net,911268402770,"967, Chaudhary Street, Chandrapur 809533",1975-11-03,2274494665567533,14700.8,2026-05-24,E-Commerce,False,2026-08-11T09:10:59.937700+00:00,retail_pos_ecommerce_extract,50832887
TXN000728,CUST0128,Tanmayi Barman,tchander@example.com,910455887635,"H.No. 34, Ravel Chowk, Mysore 938423",1972-06-29,2292569418592991,933.47,2026-05-09,E-Commerce,False,2026-08-11T09:10:59.937700+00:00,retail_pos_ecommerce_extract,50832887
TXN000729,CUST0162,Onveer Misra,mgarde@example.org,7568123914,"05/401, Kulkarni Street, Jamnagar 538665",1978-02-27,2668706517765922,3705.38,2026-06-11,E-Commerce,False,2026-08-11T09:10:59.937700+00:00,retail_pos_ecommerce_extract,50832887
TXN000730,CUST0037,Baljiwan Lad,jeremiah48@example.com,910385821986,"H.No. 71, Nayak Marg, Dindigul-630004",1961-11-24,5283602457071157,675.28,2026-07-11,POS-Store,False,2026-08-11T09:10:59.937700+00:00,retail_pos_ecommerce_extract,50832887
TXN000731,CUST0110,Kamala Krishnamurthy,palanalka@example.com,3608937596,"H.No. 53, Chander Nagar, Uluberia 091539",1981-12-09,2287830845660166,3604.28,2026-03-20,E-Commerce,False,2026-08-11T09:10:59.937700+00:00,retail_pos_ecommerce_extract,50832887
TXN000732,CUST0158,Zansi Khalsa,kamala99@example.org,7888040151,"29/830, Deshpande Path, Bihar Sharif 809429",2004-06-07,2384560002315930,674.3,2026-03-08,POS-Store,False,2026-08-11T09:10:59.937700+00:00,retail_pos_ecommerce_extract,50832887
TXN000733,CUST0062,Patrick Wali,priya39@example.net,3674335304,"H.No. 097, Sawhney Marg, Amaravati-644395",1973-05-09,2232307138105916,5820.56,2026-07-14,POS-Store,False,2026-08-11T09:10:59.937700+00:00,retail_pos_ecommerce_extract,50832887
TXN000734,CUST0048,Ishanvi Kunda,akshay36@example.org,6961535839,"75/316, Krishnan Chowk, Cuttack-606189",1983-12-18,2720101584867619,11918.03,2026-03-03,E-Commerce,False,2026-08-11T09:10:59.937700+00:00,retail_pos_ecommerce_extract,50832887
TXN000735,CUST0135,Harinakshi Iyer,sodhibina@example.org,916892505848,"H.No. 686, Natarajan Ganj, Ahmednagar 425765",1990-07-26,2292824616465429,18300.77,2026-05-28,POS-Store,False,2026-08-11T09:10:59.937700+00:00,retail_pos_ecommerce_extract,50832887
TXN000736,CUST0018,Ridhi Savant,virajradhakrishnan@example.com,911173124919,"H.No. 80, Bhatia Ganj, South Dumdum 602888",1995-08-21,2233124149906805,3953.06,2026-03-04,E-Commerce,False,2026-08-11T09:10:59.937700+00:00,retail_pos_ecommerce_extract,50832887
TXN000737,CUST0100,Chaitanya Gulati,boasedarika@example.com,1428458750,"70/97, De Nagar, Siliguri 989075",1972-05-09,2474947999685394,11870.98,2026-04-28,POS-Store,False,2026-08-11T09:10:59.937700+00:00,retail_pos_ecommerce_extract,50832887
TXN000738,CUST0012,Harini Sodhi,ravalojasvi@example.net,8462637222,"H.No. 05, Mital, Rajkot-175042",1966-05-29,2719123441845144,683.55,2026-04-03,POS-Store,False,2026-08-11T09:10:59.937700+00:00,retail_pos_ecommerce_extract,50832887
TXN000739,CUST0096,Kevin Dada,valabalveer@example.org,915725827792,"46/75, Ahluwalia Street, Bettiah 055820",1966-02-26,5414109837455904,4048.38,2026-07-13,POS-Store,False,2026-08-11T09:10:59.937700+00:00,retail_pos_ecommerce_extract,50832887
TXN000740,CUST0005,Jhalak Sabharwal,sathvik78@example.org,1587311589,"06/72, Lad Road, Davanagere-605576",1978-01-10,2257234145918174,2741.9,2026-06-29,POS-Store,False,2026-08-11T09:10:59.937700+00:00,retail_pos_ecommerce_extract,50832887
TXN000741,CUST0018,Ridhi Savant,virajradhakrishnan@example.com,911173124919,"H.No. 80, Bhatia Ganj, South Dumdum 602888",1995-08-21,5515883801895141,7044.43,2026-07-07,POS-Store,False,2026-08-11T09:10:59.937700+00:00,retail_pos_ecommerce_extract,50832887
TXN000742,CUST0062,Patrick Wali,priya39@example.net,3674335304,"H.No. 097, Sawhney Marg, Amaravati-644395",1973-05-09,2708669855840453,1023.03,2026-04-07,E-Commerce,False,2026-08-11T09:10:59.937700+00:00,retail_pos_ecommerce_extract,50832887
TXN000743,CUST0149,Udyati Kohli,zaitrarao@example.net,4558774315,"H.No. 698, Minhas Path, Tinsukia 740228",1981-10-12,5598321847051536,397.77,2026-04-06,POS-Store,False,2026-08-11T09:10:59.937700+00:00,retail_pos_ecommerce_extract,50832887
TXN000744,CUST0035,Pahal Basak,balanodika@example.org,4947889608,"23/919, Mannan Circle, Ajmer 197668",1988-11-09,2232929446884245,3781.17,2026-04-07,E-Commerce,False,2026-08-11T09:10:59.937700+00:00,retail_pos_ecommerce_extract,50832887
TXN000745,CUST0091,Lajita Sami,krish65@example.com,2581881388,"68, Dyal Road, Surat 879272",1990-06-23,5439155786523136,2794.33,2026-04-14,POS-Store,False,2026-08-11T09:10:59.937700+00:00,retail_pos_ecommerce_extract,50832887
TXN000746,CUST0165,Azaan Varughese,shravyamitra@example.com,1551972465,"H.No. 437, Sharma Zila, Kharagpur-526012",1959-11-21,2450686239796417,404.22,2026-05-08,E-Commerce,False,2026-08-11T09:10:59.937700+00:00,retail_pos_ecommerce_extract,50832887
TXN000747,CUST0176,Yashvi Chana,tarak27@example.org,9417632598,"224, Buch Zila, Medininagar 260443",2004-02-16,2256876836940254,119.46,2026-08-04,POS-Store,False,2026-08-11T09:10:59.937700+00:00,retail_pos_ecommerce_extract,50832887
TXN000748,CUST0179,Triveni Kadakia,etahegde@example.org,916666300629,"47, Gour Ganj, Berhampore-992736",2001-07-20,2518240204545647,3672.18,2026-04-03,POS-Store,False,2026-08-11T09:10:59.937700+00:00,retail_pos_ecommerce_extract,50832887
TXN000749,CUST0162,Onveer Misra,mgarde@example.org,7568123914,"05/401, Kulkarni Street, Jamnagar 538665",1978-02-27,2717433400539386,2853.51,2026-06-13,E-Commerce,False,2026-08-11T09:10:59.937700+00:00,retail_pos_ecommerce_extract,50832887
TXN000750,CUST0035,Pahal Basak,balanodika@example.org,4947889608,"23/919, Mannan Circle, Ajmer 197668",1988-11-09,2225186097650479,4452.47,2026-06-16,E-Commerce,False,2026-08-11T09:10:59.937700+00:00,retail_pos_ecommerce_extract,50832887
TXN000751,CUST0118,Girindra Karnik,sawhneyishaan@example.org,1245267540,"39/74, Ramachandran Street, Kolhapur 757355",1981-08-18,5151538319975475,2916.25,2026-02-15,E-Commerce,False,2026-08-11T09:10:59.937700+00:00,retail_pos_ecommerce_extract,50832887
TXN000752,CUST0076,Warda Loyal,jsaran@example.org,919763975853,"H.No. 51, Karnik Circle, Vijayawada 393231",1982-01-08,5369587266295906,373.84,2026-04-10,E-Commerce,False,2026-08-11T09:10:59.937700+00:00,retail_pos_ecommerce_extract,50832887
TXN000753,CUST0012,Harini Sodhi,ravalojasvi@example.net,8462637222,"H.No. 05, Mital, Rajkot-175042",1966-05-29,2638743110685113,2594.89,2026-04-02,E-Commerce,False,2026-08-11T09:10:59.937700+00:00,retail_pos_ecommerce_extract,50832887
TXN000754,CUST0011,Ranbir Modi,kashvi57@example.com,913750310686,"H.No. 75, Virk Ganj, Kulti-991563",1960-09-03,2708771213829879,3133.88,2026-04-27,POS-Store,False,2026-08-11T09:10:59.937700+00:00,retail_pos_ecommerce_extract,50832887
TXN000755,CUST0080,Timothy Randhawa,hdevan@example.org,3579734915,"619, Dewan Marg, Bangalore 631518",1977-01-28,2252411425347168,4058.77,2026-07-16,POS-Store,False,2026-08-11T09:10:59.937700+00:00,retail_pos_ecommerce_extract,50832887
TXN000756,CUST0140,Jagrati Srinivas,parmarirya@example.net,913892977115,"846, Kamdar, Nellore 391168",1965-01-24,2714842233937380,17208.37,2026-08-10,POS-Store,False,2026-08-11T09:10:59.937700+00:00,retail_pos_ecommerce_extract,50832887
TXN000757,CUST0065,Warjas Sarkar,trau@example.org,8971303403,"81, Dash Marg, Jalna 615968",1972-08-29,2295378474953338,5310.94,2026-07-11,E-Commerce,False,2026-08-11T09:10:59.937700+00:00,retail_pos_ecommerce_extract,50832887
TXN000758,CUST0166,Gaurika Chakraborty,sathvik30@example.com,4730150514,"33/106, Mandal Street, Ramagundam 898234",1978-08-24,2295049130037705,57.18,2026-06-21,E-Commerce,False,2026-08-11T09:10:59.937700+00:00,retail_pos_ecommerce_extract,50832887
TXN000759,CUST0074,Bhavini Anand,chandranbalhaar@example.org,6600725503,"77, Dayal Zila, Pudukkottai 232922",1986-04-20,2263371366054636,4591.22,2026-05-06,POS-Store,False,2026-08-11T09:10:59.937700+00:00,retail_pos_ecommerce_extract,50832887
TXN000760,CUST0013,Rachana Bhat,balveer20@example.com,917541157451,"52, Dasgupta Street, Sasaram 475131",1977-08-13,2720566837089932,929.76,2026-07-09,POS-Store,False,2026-08-11T09:10:59.937700+00:00,retail_pos_ecommerce_extract,50832887
TXN000761,CUST0070,Lopa Amble,warinder49@example.net,8421025811,"644, Sachdev Marg, Bahraich-443264",1987-02-04,2234566889625095,936.78,2026-07-03,E-Commerce,False,2026-08-11T09:10:59.937700+00:00,retail_pos_ecommerce_extract,50832887
TXN000762,CUST0095,Darsh Rout,chokshiqadim@example.net,6833155208,"09/55, Wadhwa Circle, Ludhiana-002438",2002-04-11,2281477464451331,1405.58,2026-03-30,POS-Store,False,2026-08-11T09:10:59.937700+00:00,retail_pos_ecommerce_extract,50832887
TXN000763,CUST0103,Rachita Ravel,osur@example.com,8206940028,"H.No. 048, Sagar Road, Pudukkottai-982337",1992-07-09,5267729545829583,2026.85,2026-08-07,POS-Store,False,2026-08-11T09:10:59.937700+00:00,retail_pos_ecommerce_extract,50832887
TXN000764,CUST0099,Vinaya Manda,fchoudhury@example.com,6034575744,"H.No. 52, Dhar Zila, Tadipatri 917745",1971-09-18,2635398703266061,341.62,2026-07-13,POS-Store,False,2026-08-11T09:10:59.937700+00:00,retail_pos_ecommerce_extract,50832887
TXN000765,CUST0048,Ishanvi Kunda,akshay36@example.org,6961535839,"75/316, Krishnan Chowk, Cuttack-606189",1983-12-18,2717556039595658,3156.11,2026-07-20,POS-Store,False,2026-08-11T09:10:59.937700+00:00,retail_pos_ecommerce_extract,50832887
TXN000766,CUST0178,Nitara Jha,reddydevika@example.net,4351137548,"H.No. 20, Mistry Marg, Pali-206101",1982-12-26,5502055790588236,629.21,2026-07-21,POS-Store,False,2026-08-11T09:10:59.937700+00:00,retail_pos_ecommerce_extract,50832887
TXN000767,CUST0095,Darsh Rout,chokshiqadim@example.net,6833155208,"09/55, Wadhwa Circle, Ludhiana-002438",2002-04-11,2466567218491133,2090.22,2026-04-30,POS-Store,False,2026-08-11T09:10:59.937700+00:00,retail_pos_ecommerce_extract,50832887
TXN000768,CUST0022,Isha Bora,isami@example.net,7979903950,"75, Ben Path, Burhanpur 019054",1958-08-01,2245279891923261,1487.42,2026-04-08,POS-Store,False,2026-08-11T09:10:59.937700+00:00,retail_pos_ecommerce_extract,50832887
TXN000769,CUST0021,Tanveer Tailor,ubiswas@example.org,3692754548,"H.No. 015, Mody Street, Anantapuram 489895",1982-12-16,2261036662857188,696.38,2026-07-11,POS-Store,False,2026-08-11T09:10:59.937700+00:00,retail_pos_ecommerce_extract,50832887
TXN000770,CUST0155,Lavanya Grewal,fradosinha@example.net,4324726049,"95, Nadig Street, Sangli-Miraj & Kupwad 316176",1993-10-18,5355969375966328,548.38,2026-02-12,E-Commerce,False,2026-08-11T09:10:59.937700+00:00,retail_pos_ecommerce_extract,50832887
TXN000771,CUST0140,Jagrati Srinivas,parmarirya@example.net,913892977115,"846, Kamdar, Nellore 391168",1965-01-24,2507633800131031,1427.4,2026-07-30,POS-Store,False,2026-08-11T09:10:59.937700+00:00,retail_pos_ecommerce_extract,50832887
TXN000772,CUST0083,Hamsini Kara,anvi19@example.com,8002415929,"H.No. 696, Sem Path, Vijayawada-120991",1999-03-02,2654272187894787,2025.99,2026-06-26,E-Commerce,False,2026-08-11T09:10:59.937700+00:00,retail_pos_ecommerce_extract,50832887
TXN000773,CUST0021,Tanveer Tailor,ubiswas@example.org,3692754548,"H.No. 015, Mody Street, Anantapuram 489895",1982-12-16,2468094533124867,13220.79,2026-03-18,POS-Store,False,2026-08-11T09:10:59.937700+00:00,retail_pos_ecommerce_extract,50832887
TXN000774,CUST0170,Chandresh Mohanty,rishi25@example.com,826613606,"90/25, Kalita Zila, Singrauli 660367",1963-04-14,2413064740063758,3200.36,2026-07-28,POS-Store,False,2026-08-11T09:10:59.937700+00:00,retail_pos_ecommerce_extract,50832887
TXN000775,CUST0079,Indrajit Cherian,mshroff@example.net,913182588014,"H.No. 237, Patla Nagar, Allahabad 889115",1986-03-26,2676375791360493,650.86,2026-03-05,POS-Store,False,2026-08-11T09:10:59.937700+00:00,retail_pos_ecommerce_extract,50832887
TXN000776,CUST0155,Lavanya Grewal,fradosinha@example.net,4324726049,"95, Nadig Street, Sangli-Miraj & Kupwad 316176",1993-10-18,2225132250562564,15227.8,2026-05-28,POS-Store,False,2026-08-11T09:10:59.937700+00:00,retail_pos_ecommerce_extract,50832887
TXN000777,CUST0043,Nilima Dara,unadkarni@example.org,4868507284,"25, Das Street, Jalgaon 673784",1990-06-12,2598890662679784,20031.63,2026-07-03,POS-Store,False,2026-08-11T09:10:59.937700+00:00,retail_pos_ecommerce_extract,50832887
TXN000778,CUST0090,Simon Srinivasan,nikita82@example.net,914482437348,"13/806, Gopal Zila, Aligarh 229846",1993-10-31,2701645164172652,251.23,2026-07-11,POS-Store,False,2026-08-11T09:10:59.937700+00:00,retail_pos_ecommerce_extract,50832887
TXN000779,CUST0011,Ranbir Modi,kashvi57@example.com,913750310686,"H.No. 75, Virk Ganj, Kulti-991563",1960-09-03,2232421726840949,2643.7,2026-07-17,POS-Store,False,2026-08-11T09:10:59.937700+00:00,retail_pos_ecommerce_extract,50832887
TXN000780,CUST0158,Zansi Khalsa,kamala99@example.org,7888040151,"29/830, Deshpande Path, Bihar Sharif 809429",2004-06-07,2720030127254938,20300.49,2026-05-29,POS-Store,False,2026-08-11T09:10:59.937700+00:00,retail_pos_ecommerce_extract,50832887
TXN000781,CUST0071,Dhruv Lala,yoshita33@example.com,9340109705,"H.No. 73, Hans Marg, Kulti 209409",1963-01-07,2708081302840518,1947.25,2026-07-12,E-Commerce,False,2026-08-11T09:10:59.937700+00:00,retail_pos_ecommerce_extract,50832887
TXN000782,CUST0020,Logan Grewal,brahmbhattnisha@example.org,6987176478,"H.No. 637, Luthra, Berhampur 430242",1998-04-20,2245765090859710,2098.95,2026-04-26,POS-Store,False,2026-08-11T09:10:59.937700+00:00,retail_pos_ecommerce_extract,50832887
TXN000783,CUST0094,Urishilla Sami,ektaperi@example.org,914459496015,"371, Chana, Chapra 283951",2003-09-18,2258669704188421,12204.13,2026-07-19,E-Commerce,False,2026-08-11T09:10:59.937700+00:00,retail_pos_ecommerce_extract,50832887
TXN000784,CUST0008,Udant Lalla,mmuni@example.com,915445316486,"H.No. 464, Mohanty Zila, Machilipatnam-241929",1965-10-19,2720799676543400,1382.05,2026-02-14,E-Commerce,False,2026-08-11T09:10:59.937700+00:00,retail_pos_ecommerce_extract,50832887
TXN000785,CUST0156,Isaac Contractor,omkaarpradhan@example.net,6212666222,"92/970, Bedi Nagar, Rajkot 503243",1991-07-03,2298326341822951,2806.62,2026-06-23,POS-Store,False,2026-08-11T09:10:59.937700+00:00,retail_pos_ecommerce_extract,50832887
TXN000786,CUST0009,Upma Dewan,parthbanik@example.com,4420346905,"H.No. 887, Mukhopadhyay Road, Bharatpur-951092",1995-11-08,2462061225430619,1671.89,2026-04-29,E-Commerce,False,2026-08-11T09:10:59.937700+00:00,retail_pos_ecommerce_extract,50832887
TXN000787,CUST0018,Ridhi Savant,virajradhakrishnan@example.com,911173124919,"H.No. 80, Bhatia Ganj, South Dumdum 602888",1995-08-21,2223893037981839,4450.33,2026-06-29,E-Commerce,False,2026-08-11T09:10:59.937700+00:00,retail_pos_ecommerce_extract,50832887
TXN000788,CUST0166,Gaurika Chakraborty,sathvik30@example.com,4730150514,"33/106, Mandal Street, Ramagundam 898234",1978-08-24,2554970010038800,140.83,2026-07-02,POS-Store,False,2026-08-11T09:10:59.937700+00:00,retail_pos_ecommerce_extract,50832887
TXN000789,CUST0093,Aadi Kant,qrege@example.com,3023935819,"29, Thakkar Nagar, Shimla 380176",1970-05-30,2242370242738376,659.23,2026-02-19,POS-Store,False,2026-08-11T09:10:59.937700+00:00,retail_pos_ecommerce_extract,50832887
TXN000790,CUST0146,Unni Balasubramanian,kamdarnicholas@example.org,912234977459,"H.No. 666, Suresh Zila, Visakhapatnam-195727",1969-07-09,2248194128172508,3186.24,2026-05-14,E-Commerce,False,2026-08-11T09:10:59.937700+00:00,retail_pos_ecommerce_extract,50832887
TXN000791,CUST0155,Lavanya Grewal,fradosinha@example.net,4324726049,"95, Nadig Street, Sangli-Miraj & Kupwad 316176",1993-10-18,2646754350468045,420.97,2026-07-23,E-Commerce,False,2026-08-11T09:10:59.937700+00:00,retail_pos_ecommerce_extract,50832887
TXN000792,CUST0174,Ridhi Gala,teerthkrishna@example.org,916020548258,"14/45, Chawla, Muzaffarnagar-030690",1987-08-24,5255110856489081,2986.57,2026-06-17,POS-Store,False,2026-08-11T09:10:59.937700+00:00,retail_pos_ecommerce_extract,50832887
TXN000793,CUST0095,Darsh Rout,chokshiqadim@example.net,6833155208,"09/55, Wadhwa Circle, Ludhiana-002438",2002-04-11,2702295399500480,7320.34,2026-05-02,POS-Store,False,2026-08-11T09:10:59.937700+00:00,retail_pos_ecommerce_extract,50832887
TXN000794,CUST0114,Chaitaly Viswanathan,sarkarnaveen@example.org,8310384926,"H.No. 744, Sidhu Nagar, Dehri-540494",1997-01-02,2259710494698309,2616.87,2026-07-08,E-Commerce,False,2026-08-11T09:10:59.937700+00:00,retail_pos_ecommerce_extract,50832887
TXN000795,CUST0147,Yashoda Nanda,ddugar@example.net,6047074746,"606, Solanki, Nellore 091292",2000-08-22,2705849217036288,3869.67,2026-04-21,E-Commerce,False,2026-08-11T09:10:59.937700+00:00,retail_pos_ecommerce_extract,50832887
TXN000796,CUST0136,Zarna Dua,ryan48@example.com,917660128556,"H.No. 15, Toor Nagar, Sambalpur-063652",1985-08-03,2249295132518161,4964.03,2026-07-16,POS-Store,False,2026-08-11T09:10:59.937700+00:00,retail_pos_ecommerce_extract,50832887
TXN000797,CUST0102,Nimrat Ramakrishnan,iryalala@example.net,915139316400,"55, Saini, Nashik-371364",1963-09-13,2223778158474377,148.8,2026-06-10,POS-Store,False,2026-08-11T09:10:59.937700+00:00,retail_pos_ecommerce_extract,50832887
TXN000798,CUST0167,Anusha Bobal,davenathaniel@example.com,8783095844,"H.No. 409, Bhandari Path, Phusro 646458",1977-10-04,2281717188492172,3312.97,2026-06-03,POS-Store,False,2026-08-11T09:10:59.937700+00:00,retail_pos_ecommerce_extract,50832887
TXN000799,CUST0064,Leela Magar,shankerayaan@example.net,916954051388,"H.No. 232, Iyer Path, Saharsa-473520",1979-12-18,2678143245672436,125.37,2026-03-22,E-Commerce,False,2026-08-11T09:10:59.937700+00:00,retail_pos_ecommerce_extract,50832887
TXN000800,CUST0007,Neha Pant,ekansh43@example.org,917040648538,"44, Prabhu Ganj, Miryalaguda 887300",1967-03-13,5485183304002253,898.59,2026-07-03,E-Commerce,False,2026-08-11T09:10:59.937700+00:00,retail_pos_ecommerce_extract,50832887
TXN000801,CUST0128,Tanmayi Barman,tchander@example.com,910455887635,"H.No. 34, Ravel Chowk, Mysore 938423",1972-06-29,5300559654270595,356.88,2026-08-02,POS-Store,False,2026-08-11T09:10:59.937700+00:00,retail_pos_ecommerce_extract,50832887
TXN000802,CUST0144,Mitesh Chopra,subramaniamekbal@example.com,915971217507,"H.No. 68, Dalal Nagar, Tinsukia 667150",2005-10-16,2285279196646113,386.89,2026-06-07,E-Commerce,False,2026-08-11T09:10:59.937700+00:00,retail_pos_ecommerce_extract,50832887
TXN000803,CUST0068,Yauvani Chand,zmerchant@example.com,915193179610,"209, More Zila, Anantapuram 766010",1982-03-21,2522664127179651,542.59,2026-04-11,POS-Store,False,2026-08-11T09:10:59.937700+00:00,retail_pos_ecommerce_extract,50832887
TXN000804,CUST0115,Bimala Gala,zdeo@example.com,6114054452,"82/042, Kota Marg, Bhilwara-195235",1972-03-10,2247327597682018,809.54,2026-05-18,E-Commerce,False,2026-08-11T09:10:59.937700+00:00,retail_pos_ecommerce_extract,50832887
TXN000805,CUST0157,Henry Kala,ctailor@example.net,3388376436,"76/62, Dubey Circle, Ulhasnagar 501303",1997-04-21,2221726022847551,562.47,2026-03-29,POS-Store,False,2026-08-11T09:10:59.937700+00:00,retail_pos_ecommerce_extract,50832887
TXN000806,CUST0178,Nitara Jha,reddydevika@example.net,4351137548,"H.No. 20, Mistry Marg, Pali-206101",1982-12-26,2272671702778684,16065.26,2026-02-12,POS-Store,False,2026-08-11T09:10:59.937700+00:00,retail_pos_ecommerce_extract,50832887
TXN000807,CUST0052,Gopal Halder,nbaral@example.net,910676797741,"39, Narayanan Ganj, Kulti 272507",1992-02-07,2495560060316263,2297.01,2026-04-17,E-Commerce,False,2026-08-11T09:10:59.937700+00:00,retail_pos_ecommerce_extract,50832887
TXN000808,CUST0035,Pahal Basak,balanodika@example.org,4947889608,"23/919, Mannan Circle, Ajmer 197668",1988-11-09,2234043704974777,3677.28,2026-05-05,E-Commerce,False,2026-08-11T09:10:59.937700+00:00,retail_pos_ecommerce_extract,50832887
TXN000809,CUST0116,Ucchal Nair,misraanmol@example.net,9428688174,"92/70, Raval Nagar, Mysore-816868",1998-09-15,2460428046308914,16251.6,2026-07-18,E-Commerce,False,2026-08-11T09:10:59.937700+00:00,retail_pos_ecommerce_extract,50832887
TXN000810,CUST0114,Chaitaly Viswanathan,sarkarnaveen@example.org,8310384926,"H.No. 744, Sidhu Nagar, Dehri-540494",1997-01-02,2274792642552852,3921.87,2026-04-20,E-Commerce,False,2026-08-11T09:10:59.937700+00:00,retail_pos_ecommerce_extract,50832887
TXN000811,CUST0175,Samaksh Palan,teerthlanka@example.com,4257548247,"H.No. 362, Brahmbhatt Chowk, Jorhat 857049",1964-05-10,2258064335998820,1240.51,2026-04-09,POS-Store,False,2026-08-11T09:10:59.937700+00:00,retail_pos_ecommerce_extract,50832887
TXN000812,CUST0171,Lopa Kurian,ovirk@example.net,4417345455,"87/660, Bhandari Marg, Raurkela Industrial Township 622766",1978-07-16,5197174991539714,4829.54,2026-02-13,POS-Store,False,2026-08-11T09:10:59.937700+00:00,retail_pos_ecommerce_extract,50832887
TXN000813,CUST0017,Abhiram Shanker,warinder43@example.net,911268402770,"967, Chaudhary Street, Chandrapur 809533",1975-11-03,2273590241516554,704.81,2026-07-24,POS-Store,False,2026-08-11T09:10:59.937700+00:00,retail_pos_ecommerce_extract,50832887
TXN000814,CUST0077,Aahana Varughese,binakota@example.net,2209703704,"54/913, Bal Chowk, Mangalore-284417",1963-12-09,2701905553727981,558.5,2026-02-13,E-Commerce,False,2026-08-11T09:10:59.937700+00:00,retail_pos_ecommerce_extract,50832887
TXN000815,CUST0180,Tripti Pingle,tdar@example.com,2949642214,"248, Dhingra, Vasai-Virar-098400",1977-03-22,2455711248755256,477.4,2026-03-30,E-Commerce,False,2026-08-11T09:10:59.937700+00:00,retail_pos_ecommerce_extract,50832887
TXN000816,CUST0093,Aadi Kant,qrege@example.com,3023935819,"29, Thakkar Nagar, Shimla 380176",1970-05-30,5540384997135607,2389.94,2026-03-28,E-Commerce,False,2026-08-11T09:10:59.937700+00:00,retail_pos_ecommerce_extract,50832887
TXN000817,CUST0032,Yug Thaman,khalsaati@example.org,913780126147,"688, Hari Path, Firozabad 567299",1992-02-01,2223043860336897,4181.0,2026-03-27,E-Commerce,False,2026-08-11T09:10:59.937700+00:00,retail_pos_ecommerce_extract,50832887
TXN000818,CUST0036,Ayushman Dara,siddharth45@example.org,1148944160,"H.No. 121, Saxena Path, Chennai-309608",1981-09-24,2391006914580477,8989.68,2026-05-03,E-Commerce,False,2026-08-11T09:10:59.937700+00:00,retail_pos_ecommerce_extract,50832887
TXN000819,CUST0127,Krisha Kari,majumdarharinakshi@example.net,5414769752,"73/68, Dube Zila, Kottayam-612498",1991-07-19,5212596897545042,1609.51,2026-02-14,E-Commerce,False,2026-08-11T09:10:59.937700+00:00,retail_pos_ecommerce_extract,50832887
TXN000820,CUST0093,Aadi Kant,qrege@example.com,3023935819,"29, Thakkar Nagar, Shimla 380176",1970-05-30,5419030576485065,20759.09,2026-02-20,POS-Store,False,2026-08-11T09:10:59.937700+00:00,retail_pos_ecommerce_extract,50832887
TXN000821,CUST0120,Lohit Kala,zaid37@example.org,4669583880,"H.No. 550, Pai Ganj, Saharanpur 876372",1974-01-11,2230652979612310,4367.29,2026-06-28,E-Commerce,False,2026-08-11T09:10:59.937700+00:00,retail_pos_ecommerce_extract,50832887
TXN000822,CUST0157,Henry Kala,ctailor@example.net,3388376436,"76/62, Dubey Circle, Ulhasnagar 501303",1997-04-21,5529547901675323,3493.72,2026-06-30,E-Commerce,False,2026-08-11T09:10:59.937700+00:00,retail_pos_ecommerce_extract,50832887
TXN000823,CUST0017,Abhiram Shanker,warinder43@example.net,911268402770,"967, Chaudhary Street, Chandrapur 809533",1975-11-03,5462501109655966,766.75,2026-05-31,POS-Store,False,2026-08-11T09:10:59.937700+00:00,retail_pos_ecommerce_extract,50832887
TXN000824,CUST0102,Nimrat Ramakrishnan,iryalala@example.net,915139316400,"55, Saini, Nashik-371364",1963-09-13,2278116539100268,833.94,2026-03-13,POS-Store,False,2026-08-11T09:10:59.937700+00:00,retail_pos_ecommerce_extract,50832887
TXN000825,CUST0135,Harinakshi Iyer,sodhibina@example.org,916892505848,"H.No. 686, Natarajan Ganj, Ahmednagar 425765",1990-07-26,2243302137943604,3834.27,2026-02-13,POS-Store,False,2026-08-11T09:10:59.937700+00:00,retail_pos_ecommerce_extract,50832887
TXN000826,CUST0105,Suhani Kapur,kamdarsara@example.org,8992022637,"43, Warrior Path, Khammam 104974",1999-12-29,2239973659893686,337.67,2026-07-04,E-Commerce,False,2026-08-11T09:10:59.937700+00:00,retail_pos_ecommerce_extract,50832887
TXN000827,CUST0033,Nihal Prabhakar,phora@example.net,5300616156,"51/42, Banerjee Path, Bhubaneswar 359546",1966-09-05,2283326659996881,391.77,2026-04-06,POS-Store,False,2026-08-11T09:10:59.937700+00:00,retail_pos_ecommerce_extract,50832887
TXN000828,CUST0165,Azaan Varughese,shravyamitra@example.com,1551972465,"H.No. 437, Sharma Zila, Kharagpur-526012",1959-11-21,2295980429627337,939.17,2026-03-25,E-Commerce,False,2026-08-11T09:10:59.937700+00:00,retail_pos_ecommerce_extract,50832887
TXN000829,CUST0116,Ucchal Nair,misraanmol@example.net,9428688174,"92/70, Raval Nagar, Mysore-816868",1998-09-15,2709702160325107,2221.79,2026-02-26,POS-Store,False,2026-08-11T09:10:59.937700+00:00,retail_pos_ecommerce_extract,50832887
TXN000830,CUST0175,Samaksh Palan,teerthlanka@example.com,4257548247,"H.No. 362, Brahmbhatt Chowk, Jorhat 857049",1964-05-10,2707518672299552,2788.36,2026-05-17,POS-Store,False,2026-08-11T09:10:59.937700+00:00,retail_pos_ecommerce_extract,50832887
TXN000831,CUST0033,Nihal Prabhakar,phora@example.net,5300616156,"51/42, Banerjee Path, Bhubaneswar 359546",1966-09-05,5263578493828137,3062.2,2026-07-21,E-Commerce,False,2026-08-11T09:10:59.937700+00:00,retail_pos_ecommerce_extract,50832887
TXN000832,CUST0034,Isaac Mukherjee,anika06@example.com,914073249210,"12/829, Varma Circle, Orai 051463",1990-03-17,5305032009594635,13448.88,2026-05-10,POS-Store,False,2026-08-11T09:10:59.937700+00:00,retail_pos_ecommerce_extract,50832887
TXN000833,CUST0129,Dayamai Manne,boraomkaar@example.com,914061447024,"133, Buch Road, Gwalior 406716",2005-07-31,2249135812489210,19474.37,2026-05-16,E-Commerce,False,2026-08-11T09:10:59.937700+00:00,retail_pos_ecommerce_extract,50832887
TXN000834,CUST0032,Yug Thaman,khalsaati@example.org,913780126147,"688, Hari Path, Firozabad 567299",1992-02-01,2704215792054891,933.13,2026-05-08,E-Commerce,False,2026-08-11T09:10:59.937700+00:00,retail_pos_ecommerce_extract,50832887
TXN000835,CUST0078,Shivansh Nagy,joshua26@example.com,6812149397,"07/21, Palan Zila, Malda 577083",1976-12-05,2277900548727117,825.76,2026-05-28,E-Commerce,False,2026-08-11T09:10:59.937700+00:00,retail_pos_ecommerce_extract,50832887
TXN000836,CUST0042,Omya Grover,abhimanyu84@example.org,4734288665,"81, Ratta Zila, Tadipatri-448557",1984-04-20,5397108230761059,4511.02,2026-06-18,POS-Store,False,2026-08-11T09:10:59.937700+00:00,retail_pos_ecommerce_extract,50832887
TXN000837,CUST0058,Ojasvi Jain,cheemaamara@example.org,7592637377,"271, Shukla Chowk, Dehri 269473",1989-11-15,2272665485519174,18700.93,2026-08-10,POS-Store,False,2026-08-11T09:10:59.937700+00:00,retail_pos_ecommerce_extract,50832887
TXN000838,CUST0133,Janya Rege,ypalla@example.net,914445120610,"64, Raju Zila, Rewa 164474",1959-10-01,2719709181586714,2218.41,2026-07-15,POS-Store,False,2026-08-11T09:10:59.937700+00:00,retail_pos_ecommerce_extract,50832887
TXN000839,CUST0021,Tanveer Tailor,ubiswas@example.org,3692754548,"H.No. 015, Mody Street, Anantapuram 489895",1982-12-16,2719553073728376,432.43,2026-04-18,POS-Store,False,2026-08-11T09:10:59.937700+00:00,retail_pos_ecommerce_extract,50832887
TXN000840,CUST0051,Meghana Dani,azad54@example.net,7170955381,"H.No. 332, Tara, Karaikudi 769071",1967-01-23,2270523654357631,709.51,2026-08-03,POS-Store,False,2026-08-11T09:10:59.937700+00:00,retail_pos_ecommerce_extract,50832887
TXN000841,CUST0033,Nihal Prabhakar,phora@example.net,5300616156,"51/42, Banerjee Path, Bhubaneswar 359546",1966-09-05,2297727477172890,4901.47,2026-08-01,POS-Store,False,2026-08-11T09:10:59.937700+00:00,retail_pos_ecommerce_extract,50832887
TXN000842,CUST0158,Zansi Khalsa,kamala99@example.org,7888040151,"29/830, Deshpande Path, Bihar Sharif 809429",2004-06-07,2710664470580192,4289.1,2026-03-18,E-Commerce,False,2026-08-11T09:10:59.937700+00:00,retail_pos_ecommerce_extract,50832887
TXN000843,CUST0129,Dayamai Manne,boraomkaar@example.com,914061447024,"133, Buch Road, Gwalior 406716",2005-07-31,2607225008018349,868.05,2026-03-15,E-Commerce,False,2026-08-11T09:10:59.937700+00:00,retail_pos_ecommerce_extract,50832887
TXN000844,CUST0152,Nidhi Narayanan,mitaljyoti@example.org,919872233493,"87, Divan Path, Chapra-081974",1977-01-01,2249803556927550,13280.57,2026-05-10,E-Commerce,False,2026-08-11T09:10:59.937700+00:00,retail_pos_ecommerce_extract,50832887
TXN000845,CUST0044,Chaaya Handa,jacobdhar@example.com,8152390753,"H.No. 04, Nath Nagar, Aizawl-030007",1975-04-02,5232190689876793,4058.47,2026-05-13,POS-Store,False,2026-08-11T09:10:59.937700+00:00,retail_pos_ecommerce_extract,50832887
TXN000846,CUST0145,Patrick Saxena,rzachariah@example.net,7271139188,"H.No. 62, Devan Chowk, Deoghar 628523",1969-04-13,2717357235984170,526.94,2026-04-15,E-Commerce,False,2026-08-11T09:10:59.937700+00:00,retail_pos_ecommerce_extract,50832887
TXN000847,CUST0008,Udant Lalla,mmuni@example.com,915445316486,"H.No. 464, Mohanty Zila, Machilipatnam-241929",1965-10-19,2720183151568739,1585.35,2026-06-14,E-Commerce,False,2026-08-11T09:10:59.937700+00:00,retail_pos_ecommerce_extract,50832887
TXN000848,CUST0012,Harini Sodhi,ravalojasvi@example.net,8462637222,"H.No. 05, Mital, Rajkot-175042",1966-05-29,2602203703894095,1272.62,2026-08-07,POS-Store,False,2026-08-11T09:10:59.937700+00:00,retail_pos_ecommerce_extract,50832887
TXN000849,CUST0167,Anusha Bobal,davenathaniel@example.com,8783095844,"H.No. 409, Bhandari Path, Phusro 646458",1977-10-04,5378439321103742,178.27,2026-08-06,E-Commerce,False,2026-08-11T09:10:59.937700+00:00,retail_pos_ecommerce_extract,50832887
TXN000850,CUST0147,Yashoda Nanda,ddugar@example.net,6047074746,"606, Solanki, Nellore 091292",2000-08-22,2256514826787670,14342.45,2026-07-17,POS-Store,False,2026-08-11T09:10:59.937700+00:00,retail_pos_ecommerce_extract,50832887
TXN000851,CUST0159,Jasmit Bakshi,bhatyamini@example.com,917798317531,"79/18, Manda Marg, Serampore-153240",1998-07-04,2225014075858957,12353.03,2026-04-12,E-Commerce,False,2026-08-11T09:10:59.937700+00:00,retail_pos_ecommerce_extract,50832887
TXN000852,CUST0128,Tanmayi Barman,tchander@example.com,910455887635,"H.No. 34, Ravel Chowk, Mysore 938423",1972-06-29,2253827099206076,530.33,2026-06-30,POS-Store,False,2026-08-11T09:10:59.937700+00:00,retail_pos_ecommerce_extract,50832887
TXN000853,CUST0165,Azaan Varughese,shravyamitra@example.com,1551972465,"H.No. 437, Sharma Zila, Kharagpur-526012",1959-11-21,2244972409783190,1422.55,2026-02-24,POS-Store,False,2026-08-11T09:10:59.937700+00:00,retail_pos_ecommerce_extract,50832887
TXN000854,CUST0124,Ekanta Sant,saumya73@example.net,917164913546,"H.No. 80, Kunda Chowk, Durg-904069",2003-07-19,2222971398516500,1863.94,2026-05-26,E-Commerce,False,2026-08-11T09:10:59.937700+00:00,retail_pos_ecommerce_extract,50832887
TXN000855,CUST0176,Yashvi Chana,tarak27@example.org,9417632598,"224, Buch Zila, Medininagar 260443",2004-02-16,5435170640791286,3600.15,2026-05-04,POS-Store,False,2026-08-11T09:10:59.937700+00:00,retail_pos_ecommerce_extract,50832887
TXN000856,CUST0077,Aahana Varughese,binakota@example.net,2209703704,"54/913, Bal Chowk, Mangalore-284417",1963-12-09,2249842072482740,108.22,2026-07-24,POS-Store,False,2026-08-11T09:10:59.937700+00:00,retail_pos_ecommerce_extract,50832887
TXN000857,CUST0019,Nikita Master,anigam@example.org,913847487091,"67/595, Bains Chowk, Aurangabad 368095",1977-10-11,2255608194061832,2838.74,2026-03-16,E-Commerce,False,2026-08-11T09:10:59.937700+00:00,retail_pos_ecommerce_extract,50832887
TXN000858,CUST0041,Saumya Sharma,boasewarda@example.org,552258999,"H.No. 531, Saraf Path, Bellary-822942",1965-01-26,2706701671206692,994.13,2026-07-04,POS-Store,False,2026-08-11T09:10:59.937700+00:00,retail_pos_ecommerce_extract,50832887
TXN000859,CUST0107,Eta Swaminathan,jack92@example.com,6319195366,"66, Pradhan Marg, Chittoor-432039",1980-07-22,2720098206675497,709.59,2026-06-06,POS-Store,False,2026-08-11T09:10:59.937700+00:00,retail_pos_ecommerce_extract,50832887
TXN000860,CUST0119,Nikita Tailor,warhi98@example.net,8118992226,"12/24, Kannan Road, Jammu-224630",2002-11-29,5112028538742763,9066.82,2026-05-25,E-Commerce,False,2026-08-11T09:10:59.937700+00:00,retail_pos_ecommerce_extract,50832887
TXN000861,CUST0088,Nakul Dasgupta,csoman@example.com,6483341574,"30/836, Lalla Zila, Indore-574989",1981-07-28,2720729546136895,165.19,2026-03-09,E-Commerce,False,2026-08-11T09:10:59.937700+00:00,retail_pos_ecommerce_extract,50832887
TXN000862,CUST0081,Qushi Kala,agarwalsamaksh@example.net,1031862060,"H.No. 74, Parmar Marg, Kanpur 478078",2002-10-15,2720344422876497,145.89,2026-06-24,POS-Store,False,2026-08-11T09:10:59.937700+00:00,retail_pos_ecommerce_extract,50832887
TXN000863,CUST0089,Tara Bir,klalla@example.com,918814190235,"H.No. 05, Peri Marg, Akola-176683",1996-06-08,2221343052738070,1249.1,2026-03-16,POS-Store,False,2026-08-11T09:10:59.937700+00:00,retail_pos_ecommerce_extract,50832887
TXN000864,CUST0034,Isaac Mukherjee,anika06@example.com,914073249210,"12/829, Varma Circle, Orai 051463",1990-03-17,2648424216033361,4985.79,2026-04-02,POS-Store,False,2026-08-11T09:10:59.937700+00:00,retail_pos_ecommerce_extract,50832887
TXN000865,CUST0132,Bhavini Randhawa,pushti15@example.org,3788353502,"H.No. 119, Grover Zila, Asansol 506088",2001-11-01,2269297703651327,15459.12,2026-07-15,E-Commerce,False,2026-08-11T09:10:59.937700+00:00,retail_pos_ecommerce_extract,50832887
TXN000866,CUST0082,Urishilla Batta,girikbuch@example.net,917795907625,"49/41, Parmar Marg, Berhampore 301474",1993-06-30,2538471768255176,642.08,2026-03-22,E-Commerce,False,2026-08-11T09:10:59.937700+00:00,retail_pos_ecommerce_extract,50832887
TXN000867,CUST0120,Lohit Kala,zaid37@example.org,4669583880,"H.No. 550, Pai Ganj, Saharanpur 876372",1974-01-11,2586452394255278,2703.91,2026-05-26,E-Commerce,False,2026-08-11T09:10:59.937700+00:00,retail_pos_ecommerce_extract,50832887
TXN000868,CUST0069,Azad Ramakrishnan,tsandal@example.com,914580704974,"H.No. 676, Kulkarni Zila, Tiruvottiyur 478629",1977-09-14,5283357668342687,891.39,2026-06-02,POS-Store,False,2026-08-11T09:10:59.937700+00:00,retail_pos_ecommerce_extract,50832887
TXN000869,CUST0064,Leela Magar,shankerayaan@example.net,916954051388,"H.No. 232, Iyer Path, Saharsa-473520",1979-12-18,2270580613261577,1778.3,2026-07-23,E-Commerce,False,2026-08-11T09:10:59.937700+00:00,retail_pos_ecommerce_extract,50832887
TXN000870,CUST0025,Dayamai Ravel,tanmayimane@example.com,913992959958,"052, Chawla Street, Chandrapur-949558",1988-07-11,2272821851899753,2656.1,2026-03-02,E-Commerce,False,2026-08-11T09:10:59.937700+00:00,retail_pos_ecommerce_extract,50832887
TXN000871,CUST0075,Chakrika Mittal,morarmadhavi@example.org,3017732058,"87/478, Ramaswamy Road, Noida 731550",1993-12-28,2386347098408367,17471.71,2026-04-17,POS-Store,False,2026-08-11T09:10:59.937700+00:00,retail_pos_ecommerce_extract,50832887
TXN000872,CUST0158,Zansi Khalsa,kamala99@example.org,7888040151,"29/830, Deshpande Path, Bihar Sharif 809429",2004-06-07,5408769301284912,1044.11,2026-04-05,POS-Store,False,2026-08-11T09:10:59.937700+00:00,retail_pos_ecommerce_extract,50832887
TXN000873,CUST0064,Leela Magar,shankerayaan@example.net,916954051388,"H.No. 232, Iyer Path, Saharsa-473520",1979-12-18,2709998772719717,2924.9,2026-08-10,E-Commerce,False,2026-08-11T09:10:59.937700+00:00,retail_pos_ecommerce_extract,50832887
TXN000874,CUST0084,Nitara Vig,lallajai@example.org,913049331522,"H.No. 469, Subramanian Chowk, Barasat-097640",1970-10-26,2720176137017912,296.56,2026-07-28,POS-Store,False,2026-08-11T09:10:59.937700+00:00,retail_pos_ecommerce_extract,50832887
TXN000875,CUST0049,Netra Gour,palladavid@example.com,912515101554,"H.No. 382, Ben Path, New Delhi 046736",1965-02-27,2260566519508239,1548.3,2026-05-13,E-Commerce,False,2026-08-11T09:10:59.937700+00:00,retail_pos_ecommerce_extract,50832887
TXN000876,CUST0128,Tanmayi Barman,tchander@example.com,910455887635,"H.No. 34, Ravel Chowk, Mysore 938423",1972-06-29,5217979841269205,1860.59,2026-04-21,POS-Store,False,2026-08-11T09:10:59.937700+00:00,retail_pos_ecommerce_extract,50832887
TXN000877,CUST0128,Tanmayi Barman,tchander@example.com,910455887635,"H.No. 34, Ravel Chowk, Mysore 938423",1972-06-29,5581837434732740,278.9,2026-04-06,POS-Store,False,2026-08-11T09:10:59.937700+00:00,retail_pos_ecommerce_extract,50832887
TXN000878,CUST0128,Tanmayi Barman,tchander@example.com,910455887635,"H.No. 34, Ravel Chowk, Mysore 938423",1972-06-29,2298197467678620,18626.33,2026-07-18,E-Commerce,False,2026-08-11T09:10:59.937700+00:00,retail_pos_ecommerce_extract,50832887
TXN000879,CUST0024,Rudra Handa,irarana@example.net,2446616770,"636, Jani Road, Raipur-693937",1995-12-01,2270215595922520,13294.03,2026-04-18,POS-Store,False,2026-08-11T09:10:59.937700+00:00,retail_pos_ecommerce_extract,50832887
TXN000880,CUST0130,Samuel Bath,desainathaniel@example.org,9818472762,"H.No. 405, Borde Nagar, Ichalkaranji 097568",1958-01-19,2709716663935311,570.01,2026-06-06,POS-Store,False,2026-08-11T09:10:59.937700+00:00,retail_pos_ecommerce_extract,50832887
TXN000881,CUST0062,Patrick Wali,priya39@example.net,3674335304,"H.No. 097, Sawhney Marg, Amaravati-644395",1973-05-09,2272305096427158,4376.58,2026-02-15,E-Commerce,False,2026-08-11T09:10:59.937700+00:00,retail_pos_ecommerce_extract,50832887
TXN000882,CUST0150,Vanya Bhakta,epall@example.org,911424714068,"553, Ahluwalia, Anantapur-312017",2005-05-04,2408860541474061,513.34,2026-04-03,POS-Store,False,2026-08-11T09:10:59.937700+00:00,retail_pos_ecommerce_extract,50832887
TXN000883,CUST0013,Rachana Bhat,balveer20@example.com,917541157451,"52, Dasgupta Street, Sasaram 475131",1977-08-13,2282868723764333,358.12,2026-04-19,E-Commerce,False,2026-08-11T09:10:59.937700+00:00,retail_pos_ecommerce_extract,50832887
TXN000884,CUST0073,Ekta Mitra,anushamitra@example.com,7400080896,"65/285, Pathak Nagar, Mangalore 300710",1960-11-17,2366628405960529,2903.6,2026-06-05,POS-Store,False,2026-08-11T09:10:59.937700+00:00,retail_pos_ecommerce_extract,50832887
TXN000885,CUST0153,Jairaj Ramanathan,harrison29@example.org,7686617991,"H.No. 720, Ben Zila, Ballia 984360",1976-01-18,5519725096241679,2577.51,2026-04-07,POS-Store,False,2026-08-11T09:10:59.937700+00:00,retail_pos_ecommerce_extract,50832887
TXN000886,CUST0074,Bhavini Anand,chandranbalhaar@example.org,6600725503,"77, Dayal Zila, Pudukkottai 232922",1986-04-20,2340887089780444,4139.28,2026-04-17,E-Commerce,False,2026-08-11T09:10:59.937700+00:00,retail_pos_ecommerce_extract,50832887
TXN000887,CUST0028,Jai Saraf,panchalchasmum@example.com,9596719024,"17/27, More Chowk, Pudukkottai 272929",1977-04-26,2221323473209141,21240.73,2026-05-11,POS-Store,False,2026-08-11T09:10:59.937700+00:00,retail_pos_ecommerce_extract,50832887
TXN000888,CUST0035,Pahal Basak,balanodika@example.org,4947889608,"23/919, Mannan Circle, Ajmer 197668",1988-11-09,2298703802328977,2261.31,2026-07-19,POS-Store,False,2026-08-11T09:10:59.937700+00:00,retail_pos_ecommerce_extract,50832887
TXN000889,CUST0094,Urishilla Sami,ektaperi@example.org,914459496015,"371, Chana, Chapra 283951",2003-09-18,2718257126217756,2749.97,2026-08-02,POS-Store,False,2026-08-11T09:10:59.937700+00:00,retail_pos_ecommerce_extract,50832887
TXN000890,CUST0094,Urishilla Sami,ektaperi@example.org,914459496015,"371, Chana, Chapra 283951",2003-09-18,5567226351783621,847.99,2026-06-03,E-Commerce,False,2026-08-11T09:10:59.937700+00:00,retail_pos_ecommerce_extract,50832887
TXN000891,CUST0103,Rachita Ravel,osur@example.com,8206940028,"H.No. 048, Sagar Road, Pudukkottai-982337",1992-07-09,2678984575027489,905.77,2026-04-11,E-Commerce,False,2026-08-11T09:10:59.937700+00:00,retail_pos_ecommerce_extract,50832887
TXN000892,CUST0146,Unni Balasubramanian,kamdarnicholas@example.org,912234977459,"H.No. 666, Suresh Zila, Visakhapatnam-195727",1969-07-09,5322103615012392,3548.17,2026-04-20,E-Commerce,False,2026-08-11T09:10:59.937700+00:00,retail_pos_ecommerce_extract,50832887
TXN000893,CUST0093,Aadi Kant,qrege@example.com,3023935819,"29, Thakkar Nagar, Shimla 380176",1970-05-30,2269539397568261,4579.58,2026-03-14,POS-Store,False,2026-08-11T09:10:59.937700+00:00,retail_pos_ecommerce_extract,50832887
TXN000894,CUST0019,Nikita Master,anigam@example.org,913847487091,"67/595, Bains Chowk, Aurangabad 368095",1977-10-11,5370562136912722,3455.12,2026-02-17,POS-Store,False,2026-08-11T09:10:59.937700+00:00,retail_pos_ecommerce_extract,50832887
TXN000895,CUST0130,Samuel Bath,desainathaniel@example.org,9818472762,"H.No. 405, Borde Nagar, Ichalkaranji 097568",1958-01-19,5421941062022475,541.97,2026-08-02,POS-Store,False,2026-08-11T09:10:59.937700+00:00,retail_pos_ecommerce_extract,50832887
TXN000896,CUST0141,Nimrat Sanghvi,shafaraj@example.com,9432073231,"H.No. 48, Sandal Street, Mehsana 281248",1965-09-07,2291072236178185,749.82,2026-05-09,POS-Store,False,2026-08-11T09:10:59.937700+00:00,retail_pos_ecommerce_extract,50832887
TXN000897,CUST0160,Saumya Apte,ramanudant@example.org,913616182151,"372, Kalita Zila, Narasaraopet-682474",1968-11-09,2242952958399467,3720.23,2026-04-27,E-Commerce,False,2026-08-11T09:10:59.937700+00:00,retail_pos_ecommerce_extract,50832887
TXN000898,CUST0033,Nihal Prabhakar,phora@example.net,5300616156,"51/42, Banerjee Path, Bhubaneswar 359546",1966-09-05,2418167900105189,130.47,2026-06-07,E-Commerce,False,2026-08-11T09:10:59.937700+00:00,retail_pos_ecommerce_extract,50832887
TXN000899,CUST0101,Guneet Mann,ijaya58@example.org,8444137335,"43, Sinha Ganj, Sambhal-909428",1995-11-16,2654100278478071,1288.27,2026-05-01,POS-Store,False,2026-08-11T09:10:59.937700+00:00,retail_pos_ecommerce_extract,50832887
TXN000900,CUST0087,Adya Chakrabarti,dateekani@example.org,6322946418,"24/25, Raghavan Chowk, Gandhidham-301064",1980-02-16,2680347724241839,61.49,2026-05-24,POS-Store,False,2026-08-11T09:10:59.937700+00:00,retail_pos_ecommerce_extract,50832887
TXN000901,CUST0037,Baljiwan Lad,jeremiah48@example.com,910385821986,"H.No. 71, Nayak Marg, Dindigul-630004",1961-11-24,5238314012757496,17537.9,2026-03-06,E-Commerce,False,2026-08-11T09:10:59.937700+00:00,retail_pos_ecommerce_extract,50832887
TXN000902,CUST0155,Lavanya Grewal,fradosinha@example.net,4324726049,"95, Nadig Street, Sangli-Miraj & Kupwad 316176",1993-10-18,2236464656441789,2185.85,2026-05-08,POS-Store,False,2026-08-11T09:10:59.937700+00:00,retail_pos_ecommerce_extract,50832887
TXN000903,CUST0129,Dayamai Manne,boraomkaar@example.com,914061447024,"133, Buch Road, Gwalior 406716",2005-07-31,2281823658668554,4097.84,2026-07-10,E-Commerce,False,2026-08-11T09:10:59.937700+00:00,retail_pos_ecommerce_extract,50832887
TXN000904,CUST0012,Harini Sodhi,ravalojasvi@example.net,8462637222,"H.No. 05, Mital, Rajkot-175042",1966-05-29,2290719484067459,1740.6,2026-06-15,E-Commerce,False,2026-08-11T09:10:59.937700+00:00,retail_pos_ecommerce_extract,50832887
TXN000905,CUST0036,Ayushman Dara,siddharth45@example.org,1148944160,"H.No. 121, Saxena Path, Chennai-309608",1981-09-24,2385638579794726,143.38,2026-02-21,POS-Store,False,2026-08-11T09:10:59.937700+00:00,retail_pos_ecommerce_extract,50832887
TXN000906,CUST0122,Kritika Kunda,kantmason@example.org,911430893051,"H.No. 86, Gulati Chowk, Madurai 624931",1967-07-19,2274462432205091,4056.73,2026-06-15,POS-Store,False,2026-08-11T09:10:59.937700+00:00,retail_pos_ecommerce_extract,50832887
TXN000907,CUST0039,Anirudh Kibe,mohantylogan@example.com,912762642514,"H.No. 36, Nigam Ganj, Etawah-571776",1969-03-14,2225727465642406,69.88,2026-02-13,E-Commerce,False,2026-08-11T09:10:59.937700+00:00,retail_pos_ecommerce_extract,50832887
TXN000908,CUST0084,Nitara Vig,lallajai@example.org,913049331522,"H.No. 469, Subramanian Chowk, Barasat-097640",1970-10-26,2424147821984070,968.5,2026-05-03,POS-Store,False,2026-08-11T09:10:59.937700+00:00,retail_pos_ecommerce_extract,50832887
TXN000909,CUST0042,Omya Grover,abhimanyu84@example.org,4734288665,"81, Ratta Zila, Tadipatri-448557",1984-04-20,2289986543236846,779.99,2026-03-17,POS-Store,False,2026-08-11T09:10:59.937700+00:00,retail_pos_ecommerce_extract,50832887
TXN000910,CUST0158,Zansi Khalsa,kamala99@example.org,7888040151,"29/830, Deshpande Path, Bihar Sharif 809429",2004-06-07,5442585264720025,2527.38,2026-06-01,POS-Store,False,2026-08-11T09:10:59.937700+00:00,retail_pos_ecommerce_extract,50832887
TXN000911,CUST0152,Nidhi Narayanan,mitaljyoti@example.org,919872233493,"87, Divan Path, Chapra-081974",1977-01-01,2249134027634777,165.2,2026-06-22,POS-Store,False,2026-08-11T09:10:59.937700+00:00,retail_pos_ecommerce_extract,50832887
TXN000912,CUST0130,Samuel Bath,desainathaniel@example.org,9818472762,"H.No. 405, Borde Nagar, Ichalkaranji 097568",1958-01-19,2226441437878952,4097.76,2026-04-12,POS-Store,False,2026-08-11T09:10:59.937700+00:00,retail_pos_ecommerce_extract,50832887
TXN000913,CUST0145,Patrick Saxena,rzachariah@example.net,7271139188,"H.No. 62, Devan Chowk, Deoghar 628523",1969-04-13,5175752331358022,3120.68,2026-07-27,POS-Store,False,2026-08-11T09:10:59.937700+00:00,retail_pos_ecommerce_extract,50832887
TXN000914,CUST0122,Kritika Kunda,kantmason@example.org,911430893051,"H.No. 86, Gulati Chowk, Madurai 624931",1967-07-19,2277796741792829,969.1,2026-05-04,E-Commerce,False,2026-08-11T09:10:59.937700+00:00,retail_pos_ecommerce_extract,50832887
TXN000915,CUST0095,Darsh Rout,chokshiqadim@example.net,6833155208,"09/55, Wadhwa Circle, Ludhiana-002438",2002-04-11,2704620619717564,2171.0,2026-05-18,POS-Store,False,2026-08-11T09:10:59.937700+00:00,retail_pos_ecommerce_extract,50832887
TXN000916,CUST0173,Jagrati Purohit,muttiaryan@example.com,7044021975,"H.No. 05, Sehgal Ganj, Proddatur 739407",1960-10-26,2236819942212577,15232.39,2026-03-17,E-Commerce,False,2026-08-11T09:10:59.937700+00:00,retail_pos_ecommerce_extract,50832887
TXN000917,CUST0107,Eta Swaminathan,jack92@example.com,6319195366,"66, Pradhan Marg, Chittoor-432039",1980-07-22,5591703536920914,3991.54,2026-07-21,POS-Store,False,2026-08-11T09:10:59.937700+00:00,retail_pos_ecommerce_extract,50832887
TXN000918,CUST0177,Shravya Sagar,udantsama@example.net,918363910174,"09/002, Varty Chowk, Bellary-197098",1979-05-09,2424409290915971,16160.48,2026-06-16,E-Commerce,False,2026-08-11T09:10:59.937700+00:00,retail_pos_ecommerce_extract,50832887
TXN000919,CUST0153,Jairaj Ramanathan,harrison29@example.org,7686617991,"H.No. 720, Ben Zila, Ballia 984360",1976-01-18,2257734978789758,371.02,2026-04-21,POS-Store,False,2026-08-11T09:10:59.937700+00:00,retail_pos_ecommerce_extract,50832887
TXN000920,CUST0068,Yauvani Chand,zmerchant@example.com,915193179610,"209, More Zila, Anantapuram 766010",1982-03-21,2717307438772534,8819.24,2026-08-06,E-Commerce,False,2026-08-11T09:10:59.937700+00:00,retail_pos_ecommerce_extract,50832887
TXN000921,CUST0014,Mason Comar,andrewtank@example.org,913392865349,"H.No. 77, Babu Street, Amritsar-666053",1978-11-15,2283595085984410,2727.88,2026-04-09,POS-Store,False,2026-08-11T09:10:59.937700+00:00,retail_pos_ecommerce_extract,50832887
TXN000922,CUST0044,Chaaya Handa,jacobdhar@example.com,8152390753,"H.No. 04, Nath Nagar, Aizawl-030007",1975-04-02,2286276586605633,3451.15,2026-07-13,POS-Store,False,2026-08-11T09:10:59.937700+00:00,retail_pos_ecommerce_extract,50832887
TXN000923,CUST0038,Girindra Dhillon,saanviswamy@example.net,5201491862,"25/91, Mander Street, Allahabad 336164",1999-03-21,2415398989116846,9092.54,2026-04-13,E-Commerce,False,2026-08-11T09:10:59.937700+00:00,retail_pos_ecommerce_extract,50832887
TXN000924,CUST0009,Upma Dewan,parthbanik@example.com,4420346905,"H.No. 887, Mukhopadhyay Road, Bharatpur-951092",1995-11-08,5276703853852866,237.4,2026-05-07,E-Commerce,False,2026-08-11T09:10:59.937700+00:00,retail_pos_ecommerce_extract,50832887
TXN000925,CUST0049,Netra Gour,palladavid@example.com,912515101554,"H.No. 382, Ben Path, New Delhi 046736",1965-02-27,5314739959557953,15979.14,2026-05-23,E-Commerce,False,2026-08-11T09:10:59.937700+00:00,retail_pos_ecommerce_extract,50832887
TXN000926,CUST0113,Divya Chaudhry,advikchander@example.com,915146793963,"20/12, Sridhar Chowk, Durgapur 535695",1984-05-01,2708783188132825,824.33,2026-06-25,POS-Store,False,2026-08-11T09:10:59.937700+00:00,retail_pos_ecommerce_extract,50832887
TXN000927,CUST0108,Sarthak Chandra,ekapadraghavan@example.net,919523327051,"267, Sharaf Path, Bulandshahr-790250",1959-01-12,5463241980330988,19390.9,2026-06-11,E-Commerce,False,2026-08-11T09:10:59.937700+00:00,retail_pos_ecommerce_extract,50832887
TXN000928,CUST0106,Chanakya Vohra,chaudryfalan@example.net,287765846,"01/575, Sheth Marg, Kota 924271",2005-06-21,2250581242388512,9288.85,2026-07-19,E-Commerce,False,2026-08-11T09:10:59.937700+00:00,retail_pos_ecommerce_extract,50832887
TXN000929,CUST0106,Chanakya Vohra,chaudryfalan@example.net,287765846,"01/575, Sheth Marg, Kota 924271",2005-06-21,2229011699915862,2841.7,2026-07-31,POS-Store,False,2026-08-11T09:10:59.937700+00:00,retail_pos_ecommerce_extract,50832887
TXN000930,CUST0016,Yashica Ghose,urvinayak@example.net,9704566971,"H.No. 993, Goyal Circle, Udupi 699433",1960-05-19,2236075949676203,17384.61,2026-07-12,E-Commerce,False,2026-08-11T09:10:59.937700+00:00,retail_pos_ecommerce_extract,50832887
TXN000931,CUST0133,Janya Rege,ypalla@example.net,914445120610,"64, Raju Zila, Rewa 164474",1959-10-01,2720114896016320,3623.99,2026-02-14,E-Commerce,False,2026-08-11T09:10:59.937700+00:00,retail_pos_ecommerce_extract,50832887
TXN000932,CUST0144,Mitesh Chopra,subramaniamekbal@example.com,915971217507,"H.No. 68, Dalal Nagar, Tinsukia 667150",2005-10-16,2720934077054067,567.23,2026-07-01,POS-Store,False,2026-08-11T09:10:59.937700+00:00,retail_pos_ecommerce_extract,50832887
TXN000933,CUST0170,Chandresh Mohanty,rishi25@example.com,826613606,"90/25, Kalita Zila, Singrauli 660367",1963-04-14,5292418518598768,20935.66,2026-06-30,POS-Store,False,2026-08-11T09:10:59.937700+00:00,retail_pos_ecommerce_extract,50832887
TXN000934,CUST0135,Harinakshi Iyer,sodhibina@example.org,916892505848,"H.No. 686, Natarajan Ganj, Ahmednagar 425765",1990-07-26,2720234517713046,206.41,2026-08-04,POS-Store,False,2026-08-11T09:10:59.937700+00:00,retail_pos_ecommerce_extract,50832887
TXN000935,CUST0081,Qushi Kala,agarwalsamaksh@example.net,1031862060,"H.No. 74, Parmar Marg, Kanpur 478078",2002-10-15,2223881920608379,738.95,2026-04-24,E-Commerce,False,2026-08-11T09:10:59.937700+00:00,retail_pos_ecommerce_extract,50832887
TXN000936,CUST0118,Girindra Karnik,sawhneyishaan@example.org,1245267540,"39/74, Ramachandran Street, Kolhapur 757355",1981-08-18,2612764420850858,8630.48,2026-05-01,POS-Store,False,2026-08-11T09:10:59.937700+00:00,retail_pos_ecommerce_extract,50832887
TXN000937,CUST0140,Jagrati Srinivas,parmarirya@example.net,913892977115,"846, Kamdar, Nellore 391168",1965-01-24,2234952187594110,4361.97,2026-05-03,POS-Store,False,2026-08-11T09:10:59.937700+00:00,retail_pos_ecommerce_extract,50832887
TXN000938,CUST0174,Ridhi Gala,teerthkrishna@example.org,916020548258,"14/45, Chawla, Muzaffarnagar-030690",1987-08-24,5259699514253299,3168.41,2026-04-25,POS-Store,False,2026-08-11T09:10:59.937700+00:00,retail_pos_ecommerce_extract,50832887
TXN000939,CUST0157,Henry Kala,ctailor@example.net,3388376436,"76/62, Dubey Circle, Ulhasnagar 501303",1997-04-21,5385507128419445,3032.93,2026-07-19,POS-Store,False,2026-08-11T09:10:59.937700+00:00,retail_pos_ecommerce_extract,50832887
TXN000940,CUST0050,Odika Brahmbhatt,praneelzacharia@example.net,918864756220,"00/91, Pau Circle, Asansol-673988",1978-11-20,2436473989040547,586.21,2026-03-12,E-Commerce,False,2026-08-11T09:10:59.937700+00:00,retail_pos_ecommerce_extract,50832887
TXN000941,CUST0072,Sarthak Suresh,zehaanbuch@example.org,5822445060,"45, Ben Circle, Deoghar 389790",1978-07-20,5330577548374674,4492.42,2026-07-09,POS-Store,False,2026-08-11T09:10:59.937700+00:00,retail_pos_ecommerce_extract,50832887
TXN000942,CUST0058,Ojasvi Jain,cheemaamara@example.org,7592637377,"271, Shukla Chowk, Dehri 269473",1989-11-15,2280586645518155,4043.73,2026-06-12,POS-Store,False,2026-08-11T09:10:59.937700+00:00,retail_pos_ecommerce_extract,50832887
TXN000943,CUST0074,Bhavini Anand,chandranbalhaar@example.org,6600725503,"77, Dayal Zila, Pudukkottai 232922",1986-04-20,2700362787967861,488.02,2026-06-22,E-Commerce,False,2026-08-11T09:10:59.937700+00:00,retail_pos_ecommerce_extract,50832887
TXN000944,CUST0177,Shravya Sagar,udantsama@example.net,918363910174,"09/002, Varty Chowk, Bellary-197098",1979-05-09,2298245973702051,284.1,2026-06-13,POS-Store,False,2026-08-11T09:10:59.937700+00:00,retail_pos_ecommerce_extract,50832887
TXN000945,CUST0082,Urishilla Batta,girikbuch@example.net,917795907625,"49/41, Parmar Marg, Berhampore 301474",1993-06-30,2367250253500247,4966.25,2026-06-22,POS-Store,False,2026-08-11T09:10:59.937700+00:00,retail_pos_ecommerce_extract,50832887
TXN000946,CUST0090,Simon Srinivasan,nikita82@example.net,914482437348,"13/806, Gopal Zila, Aligarh 229846",1993-10-31,2290028901502415,431.02,2026-08-10,POS-Store,False,2026-08-11T09:10:59.937700+00:00,retail_pos_ecommerce_extract,50832887
TXN000947,CUST0074,Bhavini Anand,chandranbalhaar@example.org,6600725503,"77, Dayal Zila, Pudukkottai 232922",1986-04-20,2257483506196892,1815.94,2026-05-18,E-Commerce,False,2026-08-11T09:10:59.937700+00:00,retail_pos_ecommerce_extract,50832887
TXN000948,CUST0147,Yashoda Nanda,ddugar@example.net,6047074746,"606, Solanki, Nellore 091292",2000-08-22,2315362832640650,3931.55,2026-03-08,POS-Store,False,2026-08-11T09:10:59.937700+00:00,retail_pos_ecommerce_extract,50832887
TXN000949,CUST0102,Nimrat Ramakrishnan,iryalala@example.net,915139316400,"55, Saini, Nashik-371364",1963-09-13,2701668703493876,1751.91,2026-05-10,POS-Store,False,2026-08-11T09:10:59.937700+00:00,retail_pos_ecommerce_extract,50832887
TXN000950,CUST0038,Girindra Dhillon,saanviswamy@example.net,5201491862,"25/91, Mander Street, Allahabad 336164",1999-03-21,5448548998158650,4134.38,2026-05-10,POS-Store,False,2026-08-11T09:10:59.937700+00:00,retail_pos_ecommerce_extract,50832887
TXN000951,CUST0011,Ranbir Modi,kashvi57@example.com,913750310686,"H.No. 75, Virk Ganj, Kulti-991563",1960-09-03,2339605882456894,1020.91,2026-04-03,POS-Store,False,2026-08-11T09:10:59.937700+00:00,retail_pos_ecommerce_extract,50832887
TXN000952,CUST0021,Tanveer Tailor,ubiswas@example.org,3692754548,"H.No. 015, Mody Street, Anantapuram 489895",1982-12-16,5313510807325682,1141.21,2026-08-02,POS-Store,False,2026-08-11T09:10:59.937700+00:00,retail_pos_ecommerce_extract,50832887
TXN000953,CUST0114,Chaitaly Viswanathan,sarkarnaveen@example.org,8310384926,"H.No. 744, Sidhu Nagar, Dehri-540494",1997-01-02,2288281166386677,1809.72,2026-06-08,POS-Store,False,2026-08-11T09:10:59.937700+00:00,retail_pos_ecommerce_extract,50832887
TXN000954,CUST0123,Jalsa Taneja,samuelwalla@example.net,4472357842,"H.No. 49, Setty Nagar, Ballia 501443",1984-10-10,2633883272219239,11255.62,2026-05-31,E-Commerce,False,2026-08-11T09:10:59.937700+00:00,retail_pos_ecommerce_extract,50832887
TXN000955,CUST0052,Gopal Halder,nbaral@example.net,910676797741,"39, Narayanan Ganj, Kulti 272507",1992-02-07,2454035312664546,191.29,2026-05-15,POS-Store,False,2026-08-11T09:10:59.937700+00:00,retail_pos_ecommerce_extract,50832887
TXN000956,CUST0144,Mitesh Chopra,subramaniamekbal@example.com,915971217507,"H.No. 68, Dalal Nagar, Tinsukia 667150",2005-10-16,2711060400472890,881.94,2026-06-17,POS-Store,False,2026-08-11T09:10:59.937700+00:00,retail_pos_ecommerce_extract,50832887
TXN000957,CUST0036,Ayushman Dara,siddharth45@example.org,1148944160,"H.No. 121, Saxena Path, Chennai-309608",1981-09-24,2277882011834317,11261.89,2026-05-18,E-Commerce,False,2026-08-11T09:10:59.937700+00:00,retail_pos_ecommerce_extract,50832887
TXN000958,CUST0158,Zansi Khalsa,kamala99@example.org,7888040151,"29/830, Deshpande Path, Bihar Sharif 809429",2004-06-07,5388861093749238,3887.56,2026-04-23,E-Commerce,False,2026-08-11T09:10:59.937700+00:00,retail_pos_ecommerce_extract,50832887
TXN000959,CUST0063,Siya Sehgal,narayanandarsh@example.com,913485657051,"H.No. 565, Kothari Nagar, Dharmavaram-742540",2005-12-02,2435050465363527,15082.16,2026-06-04,E-Commerce,False,2026-08-11T09:10:59.937700+00:00,retail_pos_ecommerce_extract,50832887
TXN000960,CUST0172,Luke Mani,harinisem@example.com,6098767430,"H.No. 871, Chakraborty Marg, Tinsukia-617559",1964-01-18,5525504274015037,2650.07,2026-06-28,E-Commerce,False,2026-08-11T09:10:59.937700+00:00,retail_pos_ecommerce_extract,50832887
TXN000961,CUST0164,Ojasvi Chaudhary,ekanta46@example.org,3770482067,"H.No. 26, Din Chowk, Jodhpur 203562",1988-05-01,2222478026789277,1012.87,2026-05-21,E-Commerce,False,2026-08-11T09:10:59.937700+00:00,retail_pos_ecommerce_extract,50832887
TXN000962,CUST0014,Mason Comar,andrewtank@example.org,913392865349,"H.No. 77, Babu Street, Amritsar-666053",1978-11-15,2238456291509713,2421.62,2026-03-14,E-Commerce,False,2026-08-11T09:10:59.937700+00:00,retail_pos_ecommerce_extract,50832887
TXN000963,CUST0106,Chanakya Vohra,chaudryfalan@example.net,287765846,"01/575, Sheth Marg, Kota 924271",2005-06-21,2239810018087016,1371.87,2026-08-08,POS-Store,False,2026-08-11T09:10:59.937700+00:00,retail_pos_ecommerce_extract,50832887
TXN000964,CUST0121,Ishani Agate,shravyadua@example.com,917822678081,"05/279, Ahuja Marg, Silchar 815845",2003-07-19,5419928458286875,2923.41,2026-06-21,E-Commerce,False,2026-08-11T09:10:59.937700+00:00,retail_pos_ecommerce_extract,50832887
TXN000965,CUST0175,Samaksh Palan,teerthlanka@example.com,4257548247,"H.No. 362, Brahmbhatt Chowk, Jorhat 857049",1964-05-10,2705506691837793,1259.35,2026-06-23,E-Commerce,False,2026-08-11T09:10:59.937700+00:00,retail_pos_ecommerce_extract,50832887
TXN000966,CUST0002,Azad Venkatesh,manbirpau@example.org,915017000534,"H.No. 11, Sha Marg, Baranagar 783987",1960-03-30,5380981481532331,3245.38,2026-07-13,E-Commerce,False,2026-08-11T09:10:59.937700+00:00,retail_pos_ecommerce_extract,50832887
TXN000967,CUST0105,Suhani Kapur,kamdarsara@example.org,8992022637,"43, Warrior Path, Khammam 104974",1999-12-29,2241283218637079,3413.35,2026-06-10,POS-Store,False,2026-08-11T09:10:59.937700+00:00,retail_pos_ecommerce_extract,50832887
TXN000968,CUST0123,Jalsa Taneja,samuelwalla@example.net,4472357842,"H.No. 49, Setty Nagar, Ballia 501443",1984-10-10,2237908379651891,4219.15,2026-04-14,E-Commerce,False,2026-08-11T09:10:59.937700+00:00,retail_pos_ecommerce_extract,50832887
TXN000969,CUST0074,Bhavini Anand,chandranbalhaar@example.org,6600725503,"77, Dayal Zila, Pudukkottai 232922",1986-04-20,5232225278065372,832.97,2026-05-11,POS-Store,False,2026-08-11T09:10:59.937700+00:00,retail_pos_ecommerce_extract,50832887
TXN000970,CUST0074,Bhavini Anand,chandranbalhaar@example.org,6600725503,"77, Dayal Zila, Pudukkottai 232922",1986-04-20,2227932033851103,1308.16,2026-03-12,E-Commerce,False,2026-08-11T09:10:59.937700+00:00,retail_pos_ecommerce_extract,50832887
TXN000971,CUST0023,Raksha Ahluwalia,hiral98@example.net,8274422926,"354, Khare Marg, Jalgaon-947585",1972-04-28,2301146360133774,367.19,2026-03-23,E-Commerce,False,2026-08-11T09:10:59.937700+00:00,retail_pos_ecommerce_extract,50832887
TXN000972,CUST0137,Nathaniel Rau,simon30@example.com,912506647898,"32/93, Ben, Amroha-245447",1979-06-26,2341746569189089,3830.02,2026-06-15,E-Commerce,False,2026-08-11T09:10:59.937700+00:00,retail_pos_ecommerce_extract,50832887
TXN000973,CUST0045,Jacob Bhatnagar,chadagautami@example.com,9355247230,"H.No. 80, Sur, Giridih-428587",1964-03-29,2715964112047641,3068.56,2026-03-29,POS-Store,False,2026-08-11T09:10:59.937700+00:00,retail_pos_ecommerce_extract,50832887
TXN000974,CUST0046,Mekhala Atwal,esarraf@example.org,919394551606,"16/067, Srinivasan, Nagpur 718357",1962-02-10,2221570967557357,1589.66,2026-03-19,E-Commerce,False,2026-08-11T09:10:59.937700+00:00,retail_pos_ecommerce_extract,50832887
TXN000975,CUST0102,Nimrat Ramakrishnan,iryalala@example.net,915139316400,"55, Saini, Nashik-371364",1963-09-13,2707493028426442,461.88,2026-06-07,POS-Store,False,2026-08-11T09:10:59.937700+00:00,retail_pos_ecommerce_extract,50832887
TXN000976,CUST0048,Ishanvi Kunda,akshay36@example.org,6961535839,"75/316, Krishnan Chowk, Cuttack-606189",1983-12-18,5245147783032249,259.36,2026-02-19,POS-Store,False,2026-08-11T09:10:59.937700+00:00,retail_pos_ecommerce_extract,50832887
TXN000977,CUST0010,Joshua Brar,pallakamala@example.org,9754295521,"041, Chawla Zila, Noida-449007",1960-11-07,2410383867290066,3941.92,2026-05-17,E-Commerce,False,2026-08-11T09:10:59.937700+00:00,retail_pos_ecommerce_extract,50832887
TXN000978,CUST0077,Aahana Varughese,binakota@example.net,2209703704,"54/913, Bal Chowk, Mangalore-284417",1963-12-09,2287889369857533,20862.99,2026-07-24,E-Commerce,False,2026-08-11T09:10:59.937700+00:00,retail_pos_ecommerce_extract,50832887
TXN000979,CUST0086,Zinal Modi,maya71@example.com,9373066001,"83, Chada Marg, Gulbarga-850949",1970-07-12,5513484636112752,2684.57,2026-03-21,POS-Store,False,2026-08-11T09:10:59.937700+00:00,retail_pos_ecommerce_extract,50832887
TXN000980,CUST0117,Xalak Gokhale,baghyawatitank@example.com,912963264634,"H.No. 423, Lad Ganj, Mau 442346",1958-04-17,2484992529963554,4141.82,2026-05-26,POS-Store,False,2026-08-11T09:10:59.937700+00:00,retail_pos_ecommerce_extract,50832887
TXN000981,CUST0035,Pahal Basak,balanodika@example.org,4947889608,"23/919, Mannan Circle, Ajmer 197668",1988-11-09,2298270072914159,439.0,2026-03-09,POS-Store,False,2026-08-11T09:10:59.937700+00:00,retail_pos_ecommerce_extract,50832887
TXN000982,CUST0070,Lopa Amble,warinder49@example.net,8421025811,"644, Sachdev Marg, Bahraich-443264",1987-02-04,5132840498886539,11525.78,2026-04-11,E-Commerce,False,2026-08-11T09:10:59.937700+00:00,retail_pos_ecommerce_extract,50832887
TXN000983,CUST0029,Vritti Cheema,lavanyakeer@example.org,913244377820,"74/96, Vaidya Street, Hosur-911579",1988-03-13,2424591591634417,3350.49,2026-05-19,POS-Store,False,2026-08-11T09:10:59.937700+00:00,retail_pos_ecommerce_extract,50832887
TXN000984,CUST0042,Omya Grover,abhimanyu84@example.org,4734288665,"81, Ratta Zila, Tadipatri-448557",1984-04-20,2510314475529024,393.76,2026-05-17,POS-Store,False,2026-08-11T09:10:59.937700+00:00,retail_pos_ecommerce_extract,50832887
TXN000985,CUST0166,Gaurika Chakraborty,sathvik30@example.com,4730150514,"33/106, Mandal Street, Ramagundam 898234",1978-08-24,2701817150444466,1104.76,2026-03-21,POS-Store,False,2026-08-11T09:10:59.937700+00:00,retail_pos_ecommerce_extract,50832887
TXN000986,CUST0048,Ishanvi Kunda,akshay36@example.org,6961535839,"75/316, Krishnan Chowk, Cuttack-606189",1983-12-18,5426312708058098,839.28,2026-06-15,E-Commerce,False,2026-08-11T09:10:59.937700+00:00,retail_pos_ecommerce_extract,50832887
TXN000987,CUST0087,Adya Chakrabarti,dateekani@example.org,6322946418,"24/25, Raghavan Chowk, Gandhidham-301064",1980-02-16,5473503317898302,541.66,2026-07-17,POS-Store,False,2026-08-11T09:10:59.937700+00:00,retail_pos_ecommerce_extract,50832887
TXN000988,CUST0146,Unni Balasubramanian,kamdarnicholas@example.org,912234977459,"H.No. 666, Suresh Zila, Visakhapatnam-195727",1969-07-09,5417979016294135,942.7,2026-07-27,E-Commerce,False,2026-08-11T09:10:59.937700+00:00,retail_pos_ecommerce_extract,50832887
TXN000989,CUST0045,Jacob Bhatnagar,chadagautami@example.com,9355247230,"H.No. 80, Sur, Giridih-428587",1964-03-29,2704628473834185,457.74,2026-06-23,POS-Store,False,2026-08-11T09:10:59.937700+00:00,retail_pos_ecommerce_extract,50832887
TXN000990,CUST0110,Kamala Krishnamurthy,palanalka@example.com,3608937596,"H.No. 53, Chander Nagar, Uluberia 091539",1981-12-09,2679856376091428,19313.03,2026-06-21,POS-Store,False,2026-08-11T09:10:59.937700+00:00,retail_pos_ecommerce_extract,50832887
TXN000991,CUST0023,Raksha Ahluwalia,hiral98@example.net,8274422926,"354, Khare Marg, Jalgaon-947585",1972-04-28,2703666600048619,811.71,2026-04-12,POS-Store,False,2026-08-11T09:10:59.937700+00:00,retail_pos_ecommerce_extract,50832887
TXN000992,CUST0172,Luke Mani,harinisem@example.com,6098767430,"H.No. 871, Chakraborty Marg, Tinsukia-617559",1964-01-18,2285637557789139,2931.39,2026-05-16,E-Commerce,False,2026-08-11T09:10:59.937700+00:00,retail_pos_ecommerce_extract,50832887
TXN000993,CUST0048,Ishanvi Kunda,akshay36@example.org,6961535839,"75/316, Krishnan Chowk, Cuttack-606189",1983-12-18,2713099955990722,126.49,2026-02-21,E-Commerce,False,2026-08-11T09:10:59.937700+00:00,retail_pos_ecommerce_extract,50832887
TXN000994,CUST0123,Jalsa Taneja,samuelwalla@example.net,4472357842,"H.No. 49, Setty Nagar, Ballia 501443",1984-10-10,2285162132634783,2985.35,2026-03-23,POS-Store,False,2026-08-11T09:10:59.937700+00:00,retail_pos_ecommerce_extract,50832887
TXN000995,CUST0064,Leela Magar,shankerayaan@example.net,916954051388,"H.No. 232, Iyer Path, Saharsa-473520",1979-12-18,2640753374311500,3917.3,2026-03-01,E-Commerce,False,2026-08-11T09:10:59.937700+00:00,retail_pos_ecommerce_extract,50832887
TXN000996,CUST0067,Indrajit Raju,yochana34@example.com,915745466157,"80, Rege Nagar, Pali-271668",1992-01-16,2705443773742420,1635.47,2026-04-03,POS-Store,False,2026-08-11T09:10:59.937700+00:00,retail_pos_ecommerce_extract,50832887
TXN000997,CUST0061,Logan Sidhu,samakshdivan@example.net,918374908364,"H.No. 98, Mahal Path, Sagar 878951",1964-05-28,5284072911320799,1541.28,2026-07-04,POS-Store,False,2026-08-11T09:10:59.937700+00:00,retail_pos_ecommerce_extract,50832887
TXN000998,CUST0069,Azad Ramakrishnan,tsandal@example.com,914580704974,"H.No. 676, Kulkarni Zila, Tiruvottiyur 478629",1977-09-14,2564711590457079,3627.16,2026-05-06,POS-Store,False,2026-08-11T09:10:59.937700+00:00,retail_pos_ecommerce_extract,50832887
TXN000999,CUST0078,Shivansh Nagy,joshua26@example.com,6812149397,"07/21, Palan Zila, Malda 577083",1976-12-05,2256333250478171,6173.22,2026-03-05,E-Commerce,False,2026-08-11T09:10:59.937700+00:00,retail_pos_ecommerce_extract,50832887
TXN001000,CUST0067,Indrajit Raju,yochana34@example.com,915745466157,"80, Rege Nagar, Pali-271668",1992-01-16,2718458895559564,317.8,2026-03-10,POS-Store,False,2026-08-11T09:10:59.937700+00:00,retail_pos_ecommerce_extract,50832887
