order_id,customer_id,order_date,status,region_code,customer_id_missing
1,558.0,2024-12-04 17:09:35,CANCELLED,SOUTH,False
2,159.0,2025-02-05 01:14:30,CANCELLED,NORTH,False
3,,2024-10-25 18:58:36,DELIVERED,NORTH,True
4,69.0,2024-08-19 08:51:03,DELIVERED,NORTH,False
5,46.0,2025-06-17 01:20:46,DELIVERED,NORTH,False
6,297.0,2024-10-05 21:05:13,DELIVERED,EAST,False
7,329.0,2024-12-02 00:06:20,SHIPPED,CENTRAL,False
8,308.0,2024-11-15 20:37:13,RETURNED,SOUTH,False
9,438.0,2025-06-29 17:48:26,RETURNED,WEST,False
10,327.0,2025-05-18 20:12:48,DELIVERED,SOUTH,False
11,485.0,2024-04-20 03:58:21,DELIVERED,SOUTH,False
12,60.0,2025-06-15 19:38:02,DELIVERED,CENTRAL,False
13,249.0,2024-10-28 00:43:54,DELIVERED,WEST,False
14,95.0,2025-03-31 00:29:06,SHIPPED,EAST,False
15,41.0,2023-10-23 12:47:53,DELIVERED,CENTRAL,False
16,214.0,2025-01-20 07:27:08,RETURNED,SOUTH,False
17,121.0,2025-06-12 01:25:08,DELIVERED,SOUTH,False
18,210.0,2024-10-13 01:45:26,DELIVERED,EAST,False
19,547.0,2024-11-06 21:02:32,DELIVERED,CENTRAL,False
20,478.0,2025-01-19 03:32:51,DELIVERED,EAST,False
21,380.0,2025-03-05 12:38:40,DELIVERED,SOUTH,False
22,17.0,2025-03-10 06:35:27,DELIVERED,WEST,False
23,201.0,2024-03-04 05:08:04,DELIVERED,SOUTH,False
24,346.0,2024-05-04 20:55:06,DELIVERED,WEST,False
25,361.0,2025-04-09 20:50:07,DELIVERED,SOUTH,False
26,556.0,2025-04-14 12:11:43,DELIVERED,NORTH,False
27,50.0,2025-01-14 16:18:31,SHIPPED,SOUTH,False
28,155.0,2025-05-31 10:39:02,DELIVERED,NORTH,False
29,495.0,2025-05-29 00:14:37,PLACED,CENTRAL,False
30,18.0,2025-05-03 19:15:54,DELIVERED,EAST,False
31,,2025-02-21 14:20:57,DELIVERED,SOUTH,True
32,99.0,2025-05-25 15:37:34,SHIPPED,CENTRAL,False
33,363.0,2024-06-12 15:17:39,PLACED,WEST,False
34,250.0,2025-04-20 13:25:37,DELIVERED,NORTH,False
35,33.0,2024-08-28 07:29:16,DELIVERED,WEST,False
36,10.0,2024-05-14 02:49:17,CANCELLED,EAST,False
37,98.0,2025-03-16 05:36:02,SHIPPED,CENTRAL,False
38,48.0,2023-11-23 17:56:53,DELIVERED,CENTRAL,False
39,34.0,2025-05-15 09:55:34,DELIVERED,SOUTH,False
40,408.0,2023-11-07 18:13:07,DELIVERED,CENTRAL,False
41,399.0,2025-06-28 13:27:00,DELIVERED,SOUTH,False
42,81.0,2024-12-23 23:27:19,DELIVERED,NORTH,False
43,78.0,2025-05-03 01:38:19,DELIVERED,CENTRAL,False
44,335.0,2025-03-29 18:03:56,DELIVERED,WEST,False
45,365.0,2025-06-12 18:41:06,DELIVERED,CENTRAL,False
46,88.0,2025-03-06 18:14:37,DELIVERED,NORTH,False
47,158.0,2024-09-01 03:42:47,DELIVERED,WEST,False
48,110.0,2025-04-30 21:15:29,DELIVERED,EAST,False
49,105.0,2024-01-11 22:06:34,DELIVERED,CENTRAL,False
50,418.0,2025-06-19 06:05:10,DELIVERED,NORTH,False
51,333.0,2025-06-26 16:12:31,DELIVERED,NORTH,False
52,573.0,2025-01-05 06:31:27,SHIPPED,WEST,False
53,276.0,2024-07-19 21:29:37,SHIPPED,SOUTH,False
54,432.0,2025-03-11 09:53:36,PLACED,EAST,False
55,508.0,2025-05-18 05:21:12,DELIVERED,SOUTH,False
56,406.0,2024-06-07 00:58:39,DELIVERED,EAST,False
57,441.0,2025-06-10 20:08:36,DELIVERED,SOUTH,False
58,182.0,2024-11-06 07:43:25,DELIVERED,WEST,False
59,249.0,2024-11-24 13:28:47,CANCELLED,WEST,False
60,578.0,2024-11-04 04:32:34,DELIVERED,CENTRAL,False
61,,2024-12-16 20:14:22,DELIVERED,WEST,True
62,71.0,2025-03-13 18:57:07,SHIPPED,EAST,False
63,158.0,2025-05-19 12:58:21,DELIVERED,WEST,False
64,491.0,2025-04-18 05:48:54,DELIVERED,WEST,False
65,369.0,2025-04-01 00:39:10,RETURNED,NORTH,False
66,364.0,2025-01-11 14:23:13,PLACED,WEST,False
67,340.0,2025-04-19 10:49:22,PLACED,EAST,False
68,532.0,2025-06-26 18:31:38,DELIVERED,WEST,False
69,475.0,2025-06-21 11:50:38,DELIVERED,SOUTH,False
70,26.0,2025-05-19 11:45:09,DELIVERED,NORTH,False
71,146.0,2024-07-22 13:19:00,DELIVERED,SOUTH,False
72,357.0,2025-05-28 22:09:23,DELIVERED,WEST,False
73,308.0,2024-08-18 08:28:34,SHIPPED,EAST,False
74,169.0,2025-02-24 17:26:00,DELIVERED,EAST,False
75,474.0,2025-06-11 15:03:56,DELIVERED,SOUTH,False
76,443.0,2025-03-30 19:32:51,DELIVERED,SOUTH,False
77,440.0,2024-06-17 00:25:27,SHIPPED,EAST,False
78,65.0,2025-02-15 10:32:42,CANCELLED,SOUTH,False
79,202.0,2025-05-18 10:10:11,DELIVERED,WEST,False
80,321.0,2025-05-22 16:20:34,DELIVERED,NORTH,False
81,469.0,2024-11-16 12:28:28,DELIVERED,EAST,False
82,87.0,2025-03-04 01:02:24,SHIPPED,EAST,False
83,383.0,2025-06-20 07:17:49,DELIVERED,CENTRAL,False
84,393.0,2025-05-30 03:30:13,DELIVERED,SOUTH,False
85,502.0,2024-03-16 08:16:13,DELIVERED,WEST,False
86,368.0,2025-06-22 19:54:18,SHIPPED,WEST,False
87,518.0,2024-12-31 06:06:09,DELIVERED,WEST,False
88,455.0,2025-02-19 19:00:34,DELIVERED,SOUTH,False
89,282.0,2025-05-26 21:57:41,SHIPPED,WEST,False
90,508.0,2025-04-13 23:38:19,DELIVERED,EAST,False
91,376.0,2025-06-26 13:52:53,PLACED,WEST,False
92,436.0,2024-09-18 18:35:25,DELIVERED,SOUTH,False
93,34.0,2025-06-10 15:57:08,CANCELLED,NORTH,False
94,121.0,2025-06-23 05:24:39,SHIPPED,CENTRAL,False
95,439.0,2025-06-24 00:20:44,DELIVERED,SOUTH,False
96,584.0,2025-04-04 05:50:14,DELIVERED,SOUTH,False
97,300.0,2024-10-24 08:46:52,RETURNED,CENTRAL,False
98,98.0,2024-05-15 07:33:37,DELIVERED,NORTH,False
99,130.0,2025-06-22 01:13:16,SHIPPED,EAST,False
100,403.0,2025-05-07 01:02:34,DELIVERED,WEST,False
101,78.0,2025-05-31 12:27:34,DELIVERED,WEST,False
102,285.0,2025-01-22 14:12:50,DELIVERED,WEST,False
103,3.0,2024-12-13 04:08:35,DELIVERED,EAST,False
104,548.0,2025-05-10 10:58:50,DELIVERED,SOUTH,False
105,331.0,2024-12-26 06:33:29,DELIVERED,CENTRAL,False
106,352.0,2025-06-06 08:24:03,DELIVERED,WEST,False
107,,2025-05-22 21:53:04,DELIVERED,NORTH,True
108,439.0,2025-06-24 10:55:46,RETURNED,EAST,False
109,281.0,2024-04-06 11:59:00,DELIVERED,EAST,False
110,170.0,2023-11-02 05:23:05,DELIVERED,SOUTH,False
111,94.0,2025-06-05 14:53:49,DELIVERED,SOUTH,False
112,532.0,2025-06-28 06:03:33,PLACED,EAST,False
113,433.0,2025-04-02 15:58:51,SHIPPED,NORTH,False
114,105.0,2023-12-20 03:48:57,CANCELLED,SOUTH,False
115,137.0,2025-03-10 07:50:46,SHIPPED,CENTRAL,False
116,169.0,2025-05-11 22:01:26,SHIPPED,SOUTH,False
117,454.0,2024-07-15 17:44:03,SHIPPED,NORTH,False
118,394.0,2025-06-17 12:47:03,DELIVERED,SOUTH,False
119,87.0,2024-04-08 18:10:07,DELIVERED,CENTRAL,False
120,28.0,2025-06-26 09:33:56,SHIPPED,CENTRAL,False
121,402.0,2025-03-30 09:19:32,DELIVERED,SOUTH,False
122,116.0,2024-08-20 06:05:22,DELIVERED,CENTRAL,False
123,13.0,2025-04-27 02:50:22,SHIPPED,CENTRAL,False
124,560.0,2025-06-26 10:57:45,DELIVERED,NORTH,False
125,,2023-07-23 10:53:54,SHIPPED,NORTH,True
126,408.0,2024-10-06 11:54:22,DELIVERED,WEST,False
127,412.0,2023-09-13 00:33:56,DELIVERED,SOUTH,False
128,318.0,2025-03-14 08:16:01,SHIPPED,SOUTH,False
129,401.0,2025-05-24 17:59:25,CANCELLED,NORTH,False
130,448.0,2024-07-02 08:31:24,PLACED,WEST,False
131,57.0,2024-08-19 05:35:04,DELIVERED,SOUTH,False
132,141.0,2025-02-23 20:54:02,DELIVERED,EAST,False
133,266.0,2025-02-24 10:06:13,DELIVERED,EAST,False
134,121.0,2025-06-21 14:15:05,DELIVERED,WEST,False
135,66.0,2024-09-03 05:44:12,DELIVERED,NORTH,False
136,524.0,2024-11-29 20:35:52,CANCELLED,SOUTH,False
137,262.0,2024-12-24 23:08:35,DELIVERED,NORTH,False
138,522.0,2024-01-17 23:52:49,CANCELLED,SOUTH,False
139,,2024-03-09 17:00:49,SHIPPED,NORTH,True
140,430.0,2025-01-30 14:19:01,DELIVERED,EAST,False
141,80.0,2025-06-28 22:28:18,DELIVERED,NORTH,False
142,529.0,2024-11-24 20:05:07,PLACED,WEST,False
143,319.0,2024-12-29 02:39:56,DELIVERED,EAST,False
144,578.0,2025-01-24 01:16:48,SHIPPED,EAST,False
145,506.0,2025-06-21 00:38:19,DELIVERED,CENTRAL,False
146,252.0,2024-11-03 11:22:49,DELIVERED,SOUTH,False
147,10.0,2024-09-18 05:10:35,DELIVERED,EAST,False
148,543.0,2025-06-16 13:29:07,RETURNED,SOUTH,False
149,96.0,2024-11-09 01:10:48,CANCELLED,CENTRAL,False
150,382.0,2024-08-14 02:16:37,PLACED,NORTH,False
151,404.0,2025-01-29 12:44:07,PLACED,SOUTH,False
152,268.0,2024-12-29 16:11:30,DELIVERED,EAST,False
153,279.0,2025-01-14 17:24:52,SHIPPED,CENTRAL,False
154,109.0,2025-06-06 23:30:38,DELIVERED,NORTH,False
155,213.0,2025-05-19 12:10:20,DELIVERED,NORTH,False
156,312.0,2025-06-29 08:38:58,PLACED,EAST,False
157,255.0,2025-06-28 03:48:31,PLACED,EAST,False
158,179.0,2025-03-13 00:51:10,CANCELLED,CENTRAL,False
159,256.0,2025-06-07 14:21:46,CANCELLED,SOUTH,False
160,64.0,2025-03-11 23:15:43,SHIPPED,SOUTH,False
161,382.0,2025-02-07 01:17:04,DELIVERED,CENTRAL,False
162,77.0,2025-04-12 02:47:53,SHIPPED,WEST,False
163,95.0,2025-01-10 18:16:08,RETURNED,NORTH,False
164,588.0,2024-07-20 10:37:12,DELIVERED,NORTH,False
165,437.0,2024-07-13 05:21:35,RETURNED,EAST,False
166,153.0,2024-05-09 21:54:44,DELIVERED,EAST,False
167,564.0,2025-05-04 00:26:45,DELIVERED,SOUTH,False
168,539.0,2024-11-08 18:13:31,CANCELLED,NORTH,False
169,368.0,2025-03-23 03:29:29,DELIVERED,CENTRAL,False
170,398.0,2024-10-01 01:17:11,DELIVERED,SOUTH,False
171,,2025-02-19 16:20:42,PLACED,WEST,True
172,599.0,2025-06-12 15:35:37,SHIPPED,SOUTH,False
173,58.0,2025-06-28 06:32:44,SHIPPED,WEST,False
174,178.0,2025-03-29 04:41:13,DELIVERED,EAST,False
175,29.0,2025-06-13 03:28:43,DELIVERED,CENTRAL,False
176,505.0,2025-05-11 01:56:06,DELIVERED,NORTH,False
177,225.0,2025-03-24 20:52:16,PLACED,CENTRAL,False
178,134.0,2025-02-19 16:12:32,RETURNED,EAST,False
179,152.0,2025-06-25 22:53:54,SHIPPED,NORTH,False
180,374.0,2025-01-14 02:01:18,RETURNED,WEST,False
181,345.0,2024-11-11 04:39:18,RETURNED,WEST,False
182,499.0,2025-06-23 05:35:50,DELIVERED,CENTRAL,False
183,366.0,2025-05-23 16:10:49,CANCELLED,WEST,False
184,302.0,2024-01-30 21:56:44,PLACED,CENTRAL,False
185,582.0,2024-05-01 03:39:29,DELIVERED,CENTRAL,False
186,580.0,2023-09-26 20:45:19,SHIPPED,NORTH,False
187,328.0,2025-06-21 00:54:02,RETURNED,EAST,False
188,272.0,2024-10-22 10:23:57,PLACED,EAST,False
189,2.0,2024-01-14 09:32:01,DELIVERED,SOUTH,False
190,505.0,2025-01-04 03:42:50,DELIVERED,WEST,False
191,592.0,2025-05-30 19:28:33,SHIPPED,WEST,False
192,35.0,2024-05-02 01:29:42,DELIVERED,NORTH,False
193,175.0,2025-03-07 15:02:32,PLACED,NORTH,False
194,495.0,2025-06-02 09:36:53,RETURNED,SOUTH,False
195,445.0,2025-03-27 12:09:24,DELIVERED,SOUTH,False
196,568.0,2025-06-17 19:45:56,DELIVERED,EAST,False
197,99.0,2024-11-22 06:38:09,DELIVERED,WEST,False
198,370.0,2023-09-13 23:07:38,DELIVERED,CENTRAL,False
199,100.0,2025-05-23 05:59:03,DELIVERED,NORTH,False
200,119.0,2024-03-24 12:07:26,DELIVERED,EAST,False
201,558.0,2024-11-20 12:00:52,CANCELLED,EAST,False
202,46.0,2025-06-03 13:31:26,DELIVERED,EAST,False
203,155.0,2025-06-04 16:40:00,DELIVERED,CENTRAL,False
204,233.0,2025-06-07 17:59:09,DELIVERED,CENTRAL,False
205,549.0,2025-03-01 15:52:28,DELIVERED,SOUTH,False
206,81.0,2024-10-02 15:41:12,DELIVERED,CENTRAL,False
207,530.0,2025-04-26 22:37:48,DELIVERED,NORTH,False
208,460.0,2024-07-07 06:41:51,SHIPPED,SOUTH,False
209,130.0,2025-05-21 01:43:15,RETURNED,WEST,False
210,152.0,2025-06-26 18:33:41,RETURNED,NORTH,False
211,570.0,2024-07-16 15:14:02,CANCELLED,CENTRAL,False
212,13.0,2025-06-16 23:39:37,DELIVERED,NORTH,False
213,152.0,2025-06-24 00:15:34,DELIVERED,NORTH,False
214,577.0,2025-05-03 17:52:59,DELIVERED,CENTRAL,False
215,421.0,2025-05-24 15:28:58,DELIVERED,CENTRAL,False
216,177.0,2025-06-13 16:26:25,DELIVERED,WEST,False
217,,2025-04-21 22:51:54,DELIVERED,NORTH,True
218,276.0,2024-09-13 06:47:52,CANCELLED,EAST,False
219,504.0,2025-06-10 07:19:40,PLACED,SOUTH,False
220,454.0,2024-10-04 05:25:08,DELIVERED,NORTH,False
221,217.0,2024-12-10 06:12:20,DELIVERED,EAST,False
222,528.0,2025-02-11 17:43:50,DELIVERED,WEST,False
223,537.0,2025-06-02 10:12:18,SHIPPED,SOUTH,False
224,256.0,2025-06-04 14:31:50,RETURNED,SOUTH,False
225,476.0,2024-09-17 08:14:17,RETURNED,NORTH,False
226,501.0,2025-06-25 16:13:18,RETURNED,WEST,False
227,359.0,2025-05-05 10:09:29,CANCELLED,NORTH,False
228,396.0,2025-03-30 19:41:43,DELIVERED,SOUTH,False
229,231.0,2025-04-29 14:17:19,DELIVERED,CENTRAL,False
230,,2025-01-27 01:54:52,DELIVERED,WEST,True
231,178.0,2025-06-19 17:31:28,SHIPPED,CENTRAL,False
232,313.0,2024-12-31 21:25:42,DELIVERED,EAST,False
233,224.0,2024-07-20 11:52:53,DELIVERED,CENTRAL,False
234,105.0,2023-10-06 16:58:07,DELIVERED,EAST,False
235,290.0,2024-02-18 19:59:40,DELIVERED,EAST,False
236,333.0,2025-06-25 08:38:54,DELIVERED,EAST,False
237,530.0,2024-12-19 07:46:39,CANCELLED,CENTRAL,False
238,328.0,2025-06-27 06:17:04,PLACED,WEST,False
239,266.0,2025-04-14 06:39:26,DELIVERED,CENTRAL,False
240,586.0,2024-09-19 12:16:30,DELIVERED,CENTRAL,False
241,488.0,2025-06-29 22:16:05,DELIVERED,SOUTH,False
242,572.0,2025-01-22 08:18:30,DELIVERED,EAST,False
243,573.0,2024-12-13 02:19:14,CANCELLED,NORTH,False
244,229.0,2024-08-21 12:29:03,CANCELLED,EAST,False
245,302.0,2024-10-18 05:07:28,DELIVERED,CENTRAL,False
246,73.0,2025-04-15 09:24:23,DELIVERED,WEST,False
247,424.0,2024-09-27 23:53:38,SHIPPED,SOUTH,False
248,584.0,2025-05-15 16:52:29,CANCELLED,SOUTH,False
249,500.0,2025-06-21 01:46:14,SHIPPED,NORTH,False
250,,2023-12-30 10:55:44,DELIVERED,CENTRAL,True
251,502.0,2025-04-05 21:23:31,PLACED,CENTRAL,False
252,440.0,2024-06-28 07:47:58,DELIVERED,NORTH,False
253,,2023-11-02 21:21:03,RETURNED,EAST,True
254,544.0,2025-05-06 12:04:33,PLACED,SOUTH,False
255,353.0,2025-02-07 04:54:38,DELIVERED,CENTRAL,False
256,67.0,2024-11-18 18:07:33,DELIVERED,CENTRAL,False
257,346.0,2024-09-18 20:06:20,RETURNED,EAST,False
258,502.0,2024-05-10 00:55:18,SHIPPED,WEST,False
259,,2023-11-22 05:39:11,SHIPPED,NORTH,True
260,174.0,2024-09-22 19:57:10,DELIVERED,NORTH,False
261,262.0,2025-06-10 16:04:36,DELIVERED,NORTH,False
262,21.0,2024-04-20 11:09:59,DELIVERED,WEST,False
263,259.0,2024-10-24 11:23:19,SHIPPED,NORTH,False
264,104.0,2024-12-19 13:34:39,DELIVERED,SOUTH,False
265,108.0,2025-02-18 16:18:56,SHIPPED,NORTH,False
266,510.0,2025-06-21 09:51:36,DELIVERED,CENTRAL,False
267,367.0,2025-06-18 14:15:10,SHIPPED,CENTRAL,False
268,213.0,2025-05-30 16:06:45,PLACED,NORTH,False
269,588.0,2025-01-19 15:28:21,RETURNED,CENTRAL,False
270,104.0,2025-06-25 18:18:36,SHIPPED,EAST,False
271,52.0,2025-03-26 09:08:35,CANCELLED,EAST,False
272,321.0,2025-01-09 21:07:34,PLACED,NORTH,False
273,,2023-09-16 11:51:33,SHIPPED,EAST,True
274,275.0,2025-01-03 02:22:08,DELIVERED,NORTH,False
275,468.0,2024-11-20 13:40:04,DELIVERED,WEST,False
276,171.0,2025-01-25 22:52:54,DELIVERED,SOUTH,False
277,495.0,2025-06-11 21:24:44,DELIVERED,CENTRAL,False
278,368.0,2025-04-17 17:08:12,DELIVERED,SOUTH,False
279,500.0,2025-06-15 17:47:27,DELIVERED,NORTH,False
280,322.0,2024-05-28 14:24:39,DELIVERED,CENTRAL,False
281,230.0,2025-06-01 01:42:03,DELIVERED,CENTRAL,False
282,255.0,2025-06-28 22:11:09,DELIVERED,WEST,False
283,572.0,2024-12-04 04:35:35,RETURNED,CENTRAL,False
284,508.0,2024-06-19 11:21:06,DELIVERED,SOUTH,False
285,285.0,2023-09-10 02:36:19,DELIVERED,WEST,False
286,241.0,2024-12-18 14:45:15,CANCELLED,WEST,False
287,511.0,2025-01-26 05:57:13,RETURNED,NORTH,False
288,423.0,2024-09-10 21:58:40,PLACED,NORTH,False
289,312.0,2025-01-27 20:06:08,DELIVERED,WEST,False
290,373.0,2025-06-05 15:14:06,CANCELLED,EAST,False
291,485.0,2025-04-24 15:28:28,DELIVERED,NORTH,False
292,228.0,2023-10-16 16:57:14,CANCELLED,EAST,False
293,383.0,2025-06-23 16:00:34,CANCELLED,WEST,False
294,420.0,2024-07-26 12:57:12,SHIPPED,NORTH,False
295,403.0,2025-03-14 20:43:11,DELIVERED,EAST,False
296,425.0,2024-10-01 01:24:53,CANCELLED,CENTRAL,False
297,462.0,2025-01-15 06:19:40,RETURNED,SOUTH,False
298,5.0,2025-01-01 22:42:28,DELIVERED,WEST,False
299,495.0,2025-06-23 17:56:24,RETURNED,SOUTH,False
300,178.0,2025-03-19 22:18:08,DELIVERED,CENTRAL,False
301,517.0,2025-06-14 03:34:39,RETURNED,SOUTH,False
302,352.0,2025-06-18 06:44:13,SHIPPED,WEST,False
303,525.0,2025-03-15 01:02:10,DELIVERED,EAST,False
304,567.0,2024-10-16 08:12:25,SHIPPED,EAST,False
305,136.0,2025-06-14 23:20:37,RETURNED,CENTRAL,False
306,331.0,2024-08-17 15:18:35,DELIVERED,CENTRAL,False
307,428.0,2025-06-18 16:40:10,CANCELLED,NORTH,False
308,26.0,2025-04-09 21:58:07,DELIVERED,SOUTH,False
309,165.0,2024-07-01 14:54:03,SHIPPED,NORTH,False
310,303.0,2024-09-09 05:25:34,PLACED,WEST,False
311,576.0,2025-05-10 18:40:26,DELIVERED,SOUTH,False
312,295.0,2025-02-09 05:15:52,RETURNED,WEST,False
313,321.0,2025-04-17 20:20:54,DELIVERED,SOUTH,False
314,454.0,2024-07-22 04:31:43,DELIVERED,EAST,False
315,560.0,2025-04-25 15:56:54,DELIVERED,SOUTH,False
316,182.0,2025-06-15 05:41:00,RETURNED,CENTRAL,False
317,42.0,2024-11-21 19:57:52,DELIVERED,SOUTH,False
318,262.0,2024-11-17 04:36:59,DELIVERED,SOUTH,False
319,,2025-05-22 06:53:06,PLACED,CENTRAL,True
320,309.0,2025-06-18 06:07:59,DELIVERED,NORTH,False
321,326.0,2025-05-05 02:04:26,SHIPPED,NORTH,False
322,164.0,2025-06-19 02:17:51,DELIVERED,EAST,False
323,219.0,2024-12-26 05:27:03,DELIVERED,SOUTH,False
324,544.0,2025-06-03 02:29:50,CANCELLED,NORTH,False
325,355.0,2025-03-06 03:50:22,DELIVERED,CENTRAL,False
326,41.0,2025-02-08 03:40:46,DELIVERED,NORTH,False
327,554.0,2025-06-23 03:56:30,RETURNED,EAST,False
328,521.0,2024-11-03 01:46:57,DELIVERED,SOUTH,False
329,85.0,2024-03-22 12:45:27,RETURNED,CENTRAL,False
330,68.0,2025-03-04 20:37:32,DELIVERED,WEST,False
331,211.0,2024-11-17 16:27:54,CANCELLED,WEST,False
332,74.0,2024-06-17 10:11:35,DELIVERED,NORTH,False
333,56.0,2025-01-02 03:00:25,DELIVERED,CENTRAL,False
334,265.0,2025-02-18 07:24:46,DELIVERED,WEST,False
335,399.0,2025-06-23 10:27:32,DELIVERED,CENTRAL,False
336,600.0,2024-11-26 16:14:52,PLACED,CENTRAL,False
337,309.0,2025-03-31 19:08:36,RETURNED,WEST,False
338,32.0,2024-12-25 03:46:14,SHIPPED,WEST,False
339,559.0,2024-10-27 13:23:54,SHIPPED,EAST,False
340,12.0,2025-05-08 22:26:19,SHIPPED,NORTH,False
341,,2024-09-06 10:27:11,DELIVERED,NORTH,True
342,353.0,2024-12-30 05:31:52,DELIVERED,CENTRAL,False
343,189.0,2024-04-27 11:47:09,DELIVERED,NORTH,False
344,581.0,2025-06-27 23:06:45,DELIVERED,CENTRAL,False
345,563.0,2023-09-17 19:30:49,PLACED,NORTH,False
346,595.0,2025-04-07 14:28:18,DELIVERED,SOUTH,False
347,72.0,2025-06-27 09:25:42,DELIVERED,EAST,False
348,314.0,2025-06-20 17:43:00,DELIVERED,EAST,False
349,173.0,2025-06-14 02:48:53,DELIVERED,WEST,False
350,369.0,2024-05-23 07:38:31,DELIVERED,WEST,False
351,368.0,2025-05-19 10:40:32,DELIVERED,SOUTH,False
352,84.0,2024-07-27 23:03:36,SHIPPED,CENTRAL,False
353,79.0,2024-11-17 06:46:42,CANCELLED,NORTH,False
354,593.0,2025-04-23 16:03:48,SHIPPED,NORTH,False
355,557.0,2025-05-22 16:39:19,SHIPPED,WEST,False
356,298.0,2024-08-30 23:43:39,DELIVERED,WEST,False
357,11.0,2024-08-20 13:03:39,CANCELLED,CENTRAL,False
358,527.0,2025-02-15 06:10:29,SHIPPED,CENTRAL,False
359,150.0,2025-06-24 20:42:15,RETURNED,NORTH,False
360,500.0,2025-06-18 15:00:14,DELIVERED,NORTH,False
361,531.0,2025-02-18 14:12:48,RETURNED,NORTH,False
362,,2024-10-16 17:22:39,DELIVERED,CENTRAL,True
363,281.0,2024-08-16 12:34:02,DELIVERED,WEST,False
364,375.0,2024-07-28 10:59:44,DELIVERED,SOUTH,False
365,362.0,2025-04-17 23:58:01,DELIVERED,CENTRAL,False
366,,2025-04-16 02:18:36,SHIPPED,NORTH,True
367,288.0,2025-04-19 12:52:14,SHIPPED,CENTRAL,False
368,122.0,2024-11-27 11:58:37,CANCELLED,NORTH,False
369,491.0,2025-01-28 01:36:06,SHIPPED,WEST,False
370,,2023-07-04 12:16:07,DELIVERED,SOUTH,True
371,41.0,2024-11-14 11:52:22,SHIPPED,SOUTH,False
372,416.0,2024-10-11 12:50:02,DELIVERED,EAST,False
373,222.0,2025-05-06 05:26:21,DELIVERED,WEST,False
374,421.0,2025-06-26 08:03:20,DELIVERED,SOUTH,False
375,524.0,2024-10-23 17:30:41,DELIVERED,WEST,False
376,71.0,2024-10-25 12:02:22,SHIPPED,NORTH,False
377,517.0,2025-05-06 21:23:06,SHIPPED,NORTH,False
378,40.0,2025-06-23 05:18:42,DELIVERED,NORTH,False
379,134.0,2024-05-31 22:22:24,DELIVERED,WEST,False
380,380.0,2024-11-20 20:52:26,DELIVERED,WEST,False
381,391.0,2024-12-07 03:03:46,DELIVERED,CENTRAL,False
382,138.0,2024-02-06 16:33:35,SHIPPED,NORTH,False
383,557.0,2025-04-03 09:43:36,PLACED,NORTH,False
384,121.0,2025-03-15 20:31:53,DELIVERED,EAST,False
385,110.0,2025-05-07 00:39:36,DELIVERED,EAST,False
386,434.0,2025-04-18 15:33:14,DELIVERED,WEST,False
387,424.0,2025-04-09 09:59:27,DELIVERED,EAST,False
388,496.0,2024-10-08 02:45:29,DELIVERED,WEST,False
389,122.0,2025-02-02 20:16:01,DELIVERED,SOUTH,False
390,521.0,2024-09-29 02:59:47,CANCELLED,CENTRAL,False
391,54.0,2023-12-08 20:22:25,DELIVERED,NORTH,False
392,483.0,2024-12-31 05:23:09,PLACED,SOUTH,False
393,39.0,2025-03-23 12:21:21,DELIVERED,CENTRAL,False
394,59.0,2025-06-19 15:21:19,SHIPPED,WEST,False
395,207.0,2025-06-18 07:51:53,CANCELLED,EAST,False
396,523.0,2025-04-29 03:51:56,DELIVERED,NORTH,False
397,1.0,2024-12-09 03:29:29,DELIVERED,WEST,False
398,405.0,2025-05-10 17:32:18,DELIVERED,NORTH,False
399,563.0,2024-02-28 23:20:54,DELIVERED,CENTRAL,False
400,284.0,2024-06-21 18:27:14,SHIPPED,WEST,False
401,268.0,2024-09-11 22:53:05,SHIPPED,NORTH,False
402,349.0,2024-08-22 21:12:20,RETURNED,CENTRAL,False
403,589.0,2024-08-06 06:58:31,RETURNED,CENTRAL,False
404,250.0,2025-06-06 08:19:31,DELIVERED,WEST,False
405,29.0,2025-06-25 19:04:18,PLACED,SOUTH,False
406,236.0,2025-04-19 18:02:41,RETURNED,CENTRAL,False
407,270.0,2025-03-02 04:57:51,DELIVERED,EAST,False
408,183.0,2025-04-02 01:49:07,SHIPPED,CENTRAL,False
409,195.0,2025-03-23 19:00:39,SHIPPED,SOUTH,False
410,212.0,2024-02-22 00:44:17,SHIPPED,CENTRAL,False
411,110.0,2025-05-03 15:20:13,DELIVERED,WEST,False
412,555.0,2024-02-11 19:50:30,DELIVERED,EAST,False
413,589.0,2024-08-25 09:23:41,RETURNED,CENTRAL,False
414,228.0,2025-05-19 16:10:15,PLACED,WEST,False
415,554.0,2024-09-27 15:30:21,DELIVERED,SOUTH,False
416,124.0,2025-04-10 12:02:38,DELIVERED,NORTH,False
417,389.0,2025-03-04 15:23:20,DELIVERED,EAST,False
418,270.0,2025-02-28 01:08:54,RETURNED,EAST,False
419,511.0,2025-01-08 06:52:05,DELIVERED,EAST,False
420,411.0,2024-12-17 14:20:10,DELIVERED,CENTRAL,False
421,103.0,2024-07-19 16:12:57,DELIVERED,WEST,False
422,154.0,2025-02-03 16:33:30,SHIPPED,WEST,False
423,530.0,2025-04-12 09:04:42,DELIVERED,EAST,False
424,582.0,2024-05-13 01:21:57,DELIVERED,NORTH,False
425,261.0,2025-04-12 03:20:19,PLACED,EAST,False
426,369.0,2025-04-19 05:40:54,CANCELLED,EAST,False
427,,2023-09-03 04:01:50,DELIVERED,CENTRAL,True
428,590.0,2025-02-23 18:22:14,SHIPPED,EAST,False
429,523.0,2025-04-23 15:53:07,DELIVERED,NORTH,False
430,294.0,2025-02-20 04:57:55,SHIPPED,SOUTH,False
431,346.0,2024-09-09 15:13:45,DELIVERED,NORTH,False
432,352.0,2025-06-15 01:53:35,DELIVERED,EAST,False
433,405.0,2025-04-14 16:06:27,DELIVERED,EAST,False
434,534.0,2025-02-07 20:59:40,SHIPPED,NORTH,False
435,241.0,2025-02-23 17:31:12,DELIVERED,NORTH,False
436,407.0,2024-03-22 00:13:58,RETURNED,WEST,False
437,27.0,2025-03-03 19:14:45,DELIVERED,NORTH,False
438,160.0,2024-12-08 17:50:16,CANCELLED,EAST,False
439,291.0,2024-12-27 02:33:16,SHIPPED,SOUTH,False
440,,2024-10-28 09:27:08,RETURNED,WEST,True
441,554.0,2024-12-29 19:05:11,SHIPPED,CENTRAL,False
442,468.0,2025-04-09 01:47:21,CANCELLED,WEST,False
443,547.0,2024-02-17 12:30:19,DELIVERED,SOUTH,False
444,453.0,2024-12-17 03:04:44,DELIVERED,EAST,False
445,,2024-07-11 11:19:18,CANCELLED,EAST,True
446,548.0,2024-12-10 05:31:15,DELIVERED,WEST,False
447,441.0,2025-02-13 18:14:11,DELIVERED,CENTRAL,False
448,422.0,2025-06-06 04:41:34,DELIVERED,SOUTH,False
449,400.0,2025-03-08 21:06:19,PLACED,SOUTH,False
450,279.0,2025-02-03 13:22:50,DELIVERED,EAST,False
451,71.0,2024-09-18 16:18:58,SHIPPED,WEST,False
452,279.0,2025-06-14 20:29:09,DELIVERED,SOUTH,False
453,,2024-07-20 12:34:39,RETURNED,EAST,True
454,449.0,2024-02-25 08:56:07,SHIPPED,WEST,False
455,431.0,2025-02-27 00:06:18,DELIVERED,EAST,False
456,33.0,2024-11-28 06:08:25,DELIVERED,SOUTH,False
457,402.0,2025-02-14 20:40:36,SHIPPED,EAST,False
458,13.0,2025-03-11 16:22:55,DELIVERED,WEST,False
459,454.0,2024-08-07 23:26:13,PLACED,WEST,False
460,97.0,2025-06-21 07:10:15,SHIPPED,WEST,False
461,320.0,2024-05-31 22:20:03,DELIVERED,CENTRAL,False
462,260.0,2025-05-16 17:20:46,SHIPPED,NORTH,False
463,224.0,2023-10-19 17:08:20,DELIVERED,NORTH,False
464,283.0,2025-01-01 11:12:54,SHIPPED,NORTH,False
465,487.0,2024-09-11 09:15:33,PLACED,SOUTH,False
466,347.0,2025-06-19 17:54:12,PLACED,SOUTH,False
467,110.0,2025-05-04 05:11:57,DELIVERED,CENTRAL,False
468,356.0,2025-02-26 18:18:46,PLACED,WEST,False
469,138.0,2024-02-03 17:18:59,DELIVERED,WEST,False
470,556.0,2025-05-27 09:43:33,DELIVERED,CENTRAL,False
471,480.0,2024-10-31 22:12:35,DELIVERED,CENTRAL,False
472,544.0,2025-05-03 01:14:07,CANCELLED,CENTRAL,False
473,1.0,2025-06-13 18:50:02,DELIVERED,NORTH,False
474,373.0,2025-06-14 14:12:23,PLACED,CENTRAL,False
475,195.0,2025-04-02 12:41:03,DELIVERED,SOUTH,False
476,331.0,2025-04-03 07:18:36,SHIPPED,CENTRAL,False
477,45.0,2025-06-29 01:38:01,SHIPPED,NORTH,False
478,498.0,2025-05-25 14:29:56,DELIVERED,WEST,False
479,539.0,2025-04-03 07:49:35,DELIVERED,EAST,False
480,73.0,2024-10-19 01:58:16,SHIPPED,WEST,False
481,82.0,2024-11-11 13:15:17,PLACED,CENTRAL,False
482,426.0,2025-05-27 11:41:05,DELIVERED,CENTRAL,False
483,42.0,2024-02-17 16:07:47,PLACED,SOUTH,False
484,100.0,2025-05-26 21:56:08,DELIVERED,SOUTH,False
485,255.0,2025-06-29 11:00:58,SHIPPED,CENTRAL,False
486,109.0,2025-06-26 23:44:43,DELIVERED,WEST,False
487,171.0,2025-06-06 21:08:19,DELIVERED,EAST,False
488,547.0,2024-09-29 23:14:23,DELIVERED,EAST,False
489,333.0,2025-06-26 12:16:16,DELIVERED,EAST,False
490,577.0,2025-02-01 21:36:18,DELIVERED,EAST,False
491,464.0,2025-06-25 17:22:30,PLACED,NORTH,False
492,17.0,2025-06-18 00:28:08,CANCELLED,NORTH,False
493,228.0,2024-03-29 20:35:14,PLACED,EAST,False
494,524.0,2025-02-14 01:18:25,DELIVERED,NORTH,False
495,,2024-03-03 05:54:13,DELIVERED,CENTRAL,True
496,263.0,2025-06-21 23:45:35,DELIVERED,CENTRAL,False
497,80.0,2025-06-25 22:34:24,SHIPPED,CENTRAL,False
498,98.0,2025-05-07 07:54:49,PLACED,CENTRAL,False
499,58.0,2025-06-28 08:32:28,CANCELLED,WEST,False
500,124.0,2024-08-27 02:19:25,CANCELLED,NORTH,False
501,392.0,2023-11-10 01:01:05,PLACED,CENTRAL,False
502,335.0,2025-06-29 13:21:40,SHIPPED,WEST,False
503,590.0,2024-11-03 00:50:13,DELIVERED,WEST,False
504,345.0,2024-08-18 01:22:34,DELIVERED,CENTRAL,False
505,88.0,2024-05-20 13:04:56,DELIVERED,SOUTH,False
506,493.0,2024-10-17 21:00:38,DELIVERED,SOUTH,False
507,537.0,2025-03-31 19:35:19,DELIVERED,WEST,False
508,590.0,2023-12-16 14:09:55,DELIVERED,EAST,False
509,329.0,2025-01-12 19:12:17,PLACED,EAST,False
510,359.0,2025-05-31 19:53:56,CANCELLED,CENTRAL,False
511,46.0,2025-05-31 16:04:12,DELIVERED,NORTH,False
512,56.0,2025-01-27 09:22:27,RETURNED,EAST,False
513,,2024-11-20 21:16:49,DELIVERED,WEST,True
514,,2023-11-10 08:13:12,SHIPPED,CENTRAL,True
515,265.0,2025-04-14 03:11:14,DELIVERED,SOUTH,False
516,19.0,2024-09-15 12:27:25,DELIVERED,NORTH,False
517,62.0,2024-07-17 14:23:46,DELIVERED,EAST,False
518,9.0,2025-02-27 22:22:05,DELIVERED,EAST,False
519,20.0,2024-12-31 04:30:45,DELIVERED,SOUTH,False
520,521.0,2025-05-27 05:33:29,DELIVERED,CENTRAL,False
521,191.0,2025-04-15 07:24:46,DELIVERED,NORTH,False
522,,2025-05-17 08:21:39,DELIVERED,WEST,True
523,19.0,2024-08-23 08:26:45,DELIVERED,EAST,False
524,514.0,2025-03-19 03:22:18,DELIVERED,WEST,False
525,31.0,2025-06-10 21:06:08,SHIPPED,EAST,False
526,141.0,2023-11-05 04:37:03,DELIVERED,CENTRAL,False
527,233.0,2025-05-25 12:27:25,SHIPPED,EAST,False
528,338.0,2025-03-15 10:33:36,SHIPPED,SOUTH,False
529,208.0,2024-03-08 06:33:01,DELIVERED,CENTRAL,False
530,441.0,2024-12-18 08:55:06,DELIVERED,SOUTH,False
531,571.0,2025-06-04 11:46:50,SHIPPED,EAST,False
532,150.0,2025-06-24 15:33:16,DELIVERED,WEST,False
533,311.0,2025-06-15 12:08:15,CANCELLED,EAST,False
534,193.0,2025-04-13 17:35:27,PLACED,CENTRAL,False
535,581.0,2024-12-23 15:15:19,SHIPPED,NORTH,False
536,489.0,2025-04-15 00:26:40,DELIVERED,EAST,False
537,397.0,2025-03-28 17:12:35,SHIPPED,SOUTH,False
538,,2025-01-14 20:02:13,RETURNED,WEST,True
539,208.0,2024-04-28 21:18:50,RETURNED,WEST,False
540,502.0,2025-01-20 06:41:24,DELIVERED,SOUTH,False
541,43.0,2025-04-30 04:38:08,DELIVERED,EAST,False
542,586.0,2025-06-15 10:44:07,CANCELLED,NORTH,False
543,463.0,2025-03-04 10:37:14,PLACED,SOUTH,False
544,406.0,2025-04-16 00:33:49,DELIVERED,NORTH,False
545,451.0,2024-07-24 04:00:04,DELIVERED,EAST,False
546,433.0,2025-05-04 04:05:43,PLACED,CENTRAL,False
547,475.0,2025-06-24 06:53:45,PLACED,CENTRAL,False
548,600.0,2025-06-09 04:53:00,DELIVERED,WEST,False
549,,2024-05-18 09:13:18,DELIVERED,SOUTH,True
550,93.0,2025-02-11 02:56:09,DELIVERED,SOUTH,False
551,127.0,2023-12-08 19:55:40,DELIVERED,EAST,False
552,394.0,2025-06-26 15:26:04,DELIVERED,SOUTH,False
553,390.0,2024-11-19 01:14:03,RETURNED,CENTRAL,False
554,154.0,2024-10-05 23:06:21,SHIPPED,NORTH,False
555,317.0,2025-01-30 14:51:23,SHIPPED,SOUTH,False
556,4.0,2025-04-30 18:40:58,PLACED,WEST,False
557,557.0,2024-05-25 11:11:52,DELIVERED,SOUTH,False
558,488.0,2025-04-06 05:08:57,PLACED,CENTRAL,False
559,,2025-04-16 04:48:03,DELIVERED,CENTRAL,True
560,213.0,2024-12-13 23:57:22,PLACED,EAST,False
561,,2025-03-25 04:31:53,DELIVERED,CENTRAL,True
562,90.0,2024-07-13 02:00:39,RETURNED,SOUTH,False
563,587.0,2025-06-17 03:56:08,DELIVERED,CENTRAL,False
564,37.0,2023-12-14 07:59:59,DELIVERED,WEST,False
565,438.0,2025-06-25 13:31:29,DELIVERED,NORTH,False
566,282.0,2025-05-31 23:33:20,DELIVERED,SOUTH,False
567,112.0,2025-05-10 19:03:15,DELIVERED,NORTH,False
568,295.0,2024-07-17 16:51:22,DELIVERED,CENTRAL,False
569,363.0,2024-02-26 18:01:41,DELIVERED,WEST,False
570,185.0,2025-05-22 08:08:48,DELIVERED,SOUTH,False
571,,2023-06-19 15:08:46,DELIVERED,SOUTH,True
572,425.0,2025-02-20 19:08:35,DELIVERED,SOUTH,False
573,,2023-11-04 06:24:00,DELIVERED,NORTH,True
574,519.0,2025-05-09 04:37:25,PLACED,EAST,False
575,583.0,2024-04-18 14:47:14,SHIPPED,EAST,False
576,491.0,2025-01-24 13:19:46,DELIVERED,WEST,False
577,472.0,2025-05-06 12:54:00,DELIVERED,WEST,False
578,58.0,2025-06-29 03:14:31,DELIVERED,EAST,False
579,20.0,2024-10-26 18:17:37,DELIVERED,EAST,False
580,153.0,2024-11-16 20:09:13,DELIVERED,WEST,False
581,170.0,2024-12-09 11:52:09,SHIPPED,NORTH,False
582,316.0,2024-09-01 06:41:37,DELIVERED,NORTH,False
583,244.0,2025-03-21 07:24:35,RETURNED,SOUTH,False
584,180.0,2023-12-28 04:08:33,PLACED,SOUTH,False
585,455.0,2025-02-26 12:12:44,DELIVERED,CENTRAL,False
586,349.0,2025-06-03 12:34:12,DELIVERED,EAST,False
587,101.0,2025-06-25 21:40:13,SHIPPED,NORTH,False
588,535.0,2024-04-03 23:20:21,RETURNED,CENTRAL,False
589,342.0,2024-10-04 15:11:51,SHIPPED,EAST,False
590,,2025-01-10 03:20:58,CANCELLED,EAST,True
591,294.0,2024-09-27 21:07:16,DELIVERED,NORTH,False
592,162.0,2025-02-07 06:28:50,RETURNED,CENTRAL,False
593,212.0,2024-10-22 09:28:05,DELIVERED,SOUTH,False
594,291.0,2025-02-15 22:50:27,PLACED,CENTRAL,False
595,554.0,2025-03-06 07:05:44,PLACED,NORTH,False
596,56.0,2024-11-27 10:41:33,SHIPPED,CENTRAL,False
597,457.0,2025-03-23 02:39:31,CANCELLED,CENTRAL,False
598,477.0,2025-02-16 12:10:47,CANCELLED,WEST,False
599,318.0,2025-05-28 08:54:18,RETURNED,SOUTH,False
600,265.0,2025-02-01 03:35:36,DELIVERED,EAST,False
601,333.0,2025-06-27 12:01:41,PLACED,NORTH,False
602,473.0,2025-04-03 22:13:33,DELIVERED,CENTRAL,False
603,521.0,2024-02-10 22:47:43,DELIVERED,NORTH,False
604,73.0,2025-02-08 07:56:42,DELIVERED,WEST,False
605,250.0,2024-12-25 14:30:36,DELIVERED,NORTH,False
606,442.0,2025-01-30 03:34:52,DELIVERED,SOUTH,False
607,80.0,2025-06-28 23:14:40,SHIPPED,CENTRAL,False
608,569.0,2025-02-07 23:06:00,SHIPPED,WEST,False
609,112.0,2025-05-30 05:48:09,DELIVERED,WEST,False
610,63.0,2024-10-04 03:49:43,SHIPPED,CENTRAL,False
611,1.0,2024-12-04 23:34:45,DELIVERED,EAST,False
612,592.0,2025-03-12 15:49:52,DELIVERED,EAST,False
613,312.0,2024-12-01 15:53:57,RETURNED,NORTH,False
614,523.0,2025-04-07 11:41:47,CANCELLED,NORTH,False
615,563.0,2023-09-02 06:21:53,DELIVERED,EAST,False
616,289.0,2025-01-21 01:19:53,DELIVERED,WEST,False
617,392.0,2024-08-09 08:59:50,DELIVERED,SOUTH,False
618,193.0,2025-06-06 16:20:34,DELIVERED,WEST,False
619,129.0,2025-04-28 00:53:20,DELIVERED,SOUTH,False
620,499.0,2025-01-09 05:19:57,SHIPPED,SOUTH,False
621,426.0,2025-06-26 02:24:34,DELIVERED,CENTRAL,False
622,185.0,2025-01-21 22:31:29,DELIVERED,WEST,False
623,232.0,2024-04-30 07:23:45,PLACED,WEST,False
624,243.0,2025-05-26 03:03:55,DELIVERED,CENTRAL,False
625,35.0,2023-10-15 09:51:19,DELIVERED,NORTH,False
626,82.0,2024-03-03 08:42:09,DELIVERED,EAST,False
627,81.0,2025-01-10 12:04:39,PLACED,WEST,False
628,80.0,2025-06-29 16:34:29,DELIVERED,CENTRAL,False
629,352.0,2025-06-29 23:21:32,DELIVERED,CENTRAL,False
630,588.0,2025-03-10 23:17:40,DELIVERED,EAST,False
631,37.0,2025-03-25 20:41:33,DELIVERED,CENTRAL,False
632,485.0,2025-01-07 01:19:51,PLACED,EAST,False
633,28.0,2024-09-10 18:37:52,SHIPPED,NORTH,False
634,285.0,2024-02-13 18:34:14,DELIVERED,EAST,False
635,,2023-08-26 15:25:53,RETURNED,SOUTH,True
636,379.0,2024-08-16 05:40:52,DELIVERED,WEST,False
637,541.0,2025-06-29 09:16:42,RETURNED,SOUTH,False
638,158.0,2024-11-30 05:08:45,DELIVERED,WEST,False
639,451.0,2025-04-04 21:36:14,SHIPPED,EAST,False
640,271.0,2024-12-09 01:08:45,DELIVERED,WEST,False
641,546.0,2024-09-23 11:45:45,DELIVERED,WEST,False
642,544.0,2025-05-30 05:00:15,RETURNED,WEST,False
643,324.0,2025-06-27 09:04:10,RETURNED,NORTH,False
644,363.0,2024-10-18 09:04:19,DELIVERED,EAST,False
645,274.0,2025-03-10 04:15:39,DELIVERED,WEST,False
646,248.0,2025-02-25 16:50:20,DELIVERED,SOUTH,False
647,11.0,2024-02-23 14:00:25,PLACED,NORTH,False
648,457.0,2025-03-21 12:22:13,DELIVERED,SOUTH,False
649,,2024-09-24 02:24:04,RETURNED,SOUTH,True
650,125.0,2025-02-18 23:28:35,PLACED,CENTRAL,False
651,580.0,2025-03-22 20:44:03,CANCELLED,SOUTH,False
652,479.0,2025-03-05 00:11:57,DELIVERED,EAST,False
653,332.0,2025-06-26 02:57:16,PLACED,NORTH,False
654,341.0,2024-10-28 07:47:13,CANCELLED,SOUTH,False
655,504.0,2024-09-27 22:22:18,SHIPPED,WEST,False
656,554.0,2025-03-01 11:34:28,DELIVERED,WEST,False
657,106.0,2024-02-17 01:51:15,DELIVERED,EAST,False
658,20.0,2025-06-08 13:49:34,DELIVERED,NORTH,False
659,273.0,2024-09-09 18:10:05,RETURNED,CENTRAL,False
660,,2024-12-01 14:43:31,DELIVERED,WEST,True
661,72.0,2025-05-23 10:35:28,DELIVERED,WEST,False
662,549.0,2024-06-19 18:43:21,DELIVERED,NORTH,False
663,93.0,2025-03-27 21:21:31,RETURNED,NORTH,False
664,297.0,2024-09-11 18:26:24,PLACED,WEST,False
665,307.0,2025-06-25 03:02:47,SHIPPED,EAST,False
666,449.0,2024-07-15 03:52:27,SHIPPED,CENTRAL,False
667,399.0,2025-06-22 18:20:52,DELIVERED,WEST,False
668,461.0,2024-11-14 09:01:46,PLACED,NORTH,False
669,217.0,2025-06-19 20:38:46,DELIVERED,CENTRAL,False
670,594.0,2025-01-06 11:35:01,PLACED,SOUTH,False
671,20.0,2025-05-19 00:10:14,DELIVERED,SOUTH,False
672,134.0,2024-06-11 03:47:12,PLACED,EAST,False
673,100.0,2025-06-13 03:29:36,CANCELLED,NORTH,False
674,109.0,2025-06-04 13:01:44,DELIVERED,SOUTH,False
675,208.0,2024-10-18 01:09:27,CANCELLED,WEST,False
676,590.0,2024-12-05 00:01:48,CANCELLED,SOUTH,False
677,178.0,2025-04-29 03:33:38,DELIVERED,WEST,False
678,379.0,2025-06-05 20:16:04,SHIPPED,CENTRAL,False
679,,2023-08-17 15:32:08,DELIVERED,WEST,True
680,17.0,2025-06-06 02:51:57,PLACED,NORTH,False
681,291.0,2024-12-16 15:28:20,DELIVERED,WEST,False
682,212.0,2023-12-17 03:21:03,DELIVERED,WEST,False
683,179.0,2025-03-14 07:19:39,DELIVERED,CENTRAL,False
684,309.0,2025-05-21 13:06:54,DELIVERED,SOUTH,False
685,543.0,2025-06-09 15:28:47,CANCELLED,CENTRAL,False
686,476.0,2025-04-11 08:00:57,SHIPPED,NORTH,False
687,153.0,2025-04-16 11:41:46,SHIPPED,NORTH,False
688,373.0,2025-06-16 20:07:27,DELIVERED,CENTRAL,False
689,465.0,2024-01-18 15:29:47,PLACED,CENTRAL,False
690,30.0,2025-02-10 18:11:59,PLACED,SOUTH,False
691,594.0,2025-02-11 14:16:55,DELIVERED,EAST,False
692,113.0,2024-09-01 07:32:43,SHIPPED,WEST,False
693,385.0,2024-12-30 16:43:33,DELIVERED,NORTH,False
694,149.0,2025-01-24 22:48:19,DELIVERED,WEST,False
695,469.0,2025-02-04 02:26:24,DELIVERED,EAST,False
696,131.0,2025-02-19 05:34:17,PLACED,SOUTH,False
697,477.0,2025-01-05 02:15:55,DELIVERED,SOUTH,False
698,161.0,2025-06-28 08:57:49,DELIVERED,CENTRAL,False
699,89.0,2025-03-21 22:38:35,DELIVERED,SOUTH,False
700,474.0,2025-06-12 18:37:43,DELIVERED,SOUTH,False
701,445.0,2025-06-17 12:30:43,RETURNED,SOUTH,False
702,6.0,2025-01-18 05:54:57,PLACED,WEST,False
703,517.0,2024-12-31 12:40:59,DELIVERED,NORTH,False
704,247.0,2024-03-01 12:56:17,PLACED,WEST,False
705,136.0,2025-05-11 19:08:44,DELIVERED,NORTH,False
706,,2024-11-01 15:43:39,DELIVERED,CENTRAL,True
707,25.0,2025-06-10 01:55:40,SHIPPED,WEST,False
708,380.0,2025-05-03 07:33:01,PLACED,NORTH,False
709,341.0,2025-04-29 04:32:10,DELIVERED,EAST,False
710,556.0,2025-02-21 19:03:09,DELIVERED,NORTH,False
711,344.0,2024-04-16 13:45:49,RETURNED,EAST,False
712,114.0,2025-06-12 04:20:59,DELIVERED,EAST,False
713,573.0,2024-10-29 00:32:25,DELIVERED,SOUTH,False
714,245.0,2025-02-11 13:45:06,DELIVERED,CENTRAL,False
715,215.0,2025-04-04 00:10:17,SHIPPED,EAST,False
716,516.0,2025-02-17 08:20:43,PLACED,EAST,False
717,498.0,2025-06-24 16:27:48,SHIPPED,CENTRAL,False
718,546.0,2024-11-08 00:12:08,DELIVERED,NORTH,False
719,469.0,2023-10-01 19:33:11,CANCELLED,EAST,False
720,79.0,2024-11-30 11:21:17,SHIPPED,SOUTH,False
721,210.0,2025-01-17 10:19:15,PLACED,WEST,False
722,555.0,2024-04-21 13:10:06,DELIVERED,NORTH,False
723,65.0,2023-12-12 02:47:32,SHIPPED,CENTRAL,False
724,422.0,2024-10-13 11:50:08,DELIVERED,EAST,False
725,543.0,2025-06-26 14:45:40,DELIVERED,EAST,False
726,267.0,2024-11-01 03:31:18,RETURNED,NORTH,False
727,292.0,2024-10-07 03:05:11,DELIVERED,SOUTH,False
728,293.0,2025-03-29 09:29:19,CANCELLED,SOUTH,False
729,120.0,2023-10-25 23:07:07,DELIVERED,WEST,False
730,189.0,2024-04-15 08:22:23,PLACED,EAST,False
731,152.0,2025-06-05 04:57:17,RETURNED,CENTRAL,False
732,26.0,2025-04-19 02:47:39,DELIVERED,WEST,False
733,160.0,2024-11-07 16:01:32,DELIVERED,CENTRAL,False
734,303.0,2024-12-23 01:10:03,RETURNED,CENTRAL,False
735,579.0,2025-05-14 21:02:25,DELIVERED,NORTH,False
736,42.0,2024-04-11 07:02:18,SHIPPED,NORTH,False
737,226.0,2025-04-13 09:32:00,DELIVERED,CENTRAL,False
738,598.0,2025-05-07 05:21:34,RETURNED,EAST,False
739,86.0,2025-05-13 13:10:59,DELIVERED,NORTH,False
740,404.0,2025-02-21 18:12:10,DELIVERED,CENTRAL,False
741,370.0,2024-07-15 19:01:05,CANCELLED,EAST,False
742,13.0,2025-04-12 06:34:00,DELIVERED,WEST,False
743,90.0,2024-11-19 12:50:56,DELIVERED,WEST,False
744,296.0,2025-01-22 14:38:11,RETURNED,WEST,False
745,425.0,2024-11-06 04:51:54,DELIVERED,SOUTH,False
746,487.0,2025-06-26 00:19:16,PLACED,CENTRAL,False
747,91.0,2023-10-06 03:23:04,RETURNED,WEST,False
748,474.0,2025-06-23 05:44:55,RETURNED,SOUTH,False
749,391.0,2024-11-13 09:59:32,PLACED,EAST,False
750,312.0,2025-01-16 18:42:02,DELIVERED,NORTH,False
751,158.0,2024-06-02 00:39:16,DELIVERED,WEST,False
752,295.0,2024-07-10 00:21:57,RETURNED,SOUTH,False
753,,2025-01-14 23:23:00,RETURNED,NORTH,True
754,371.0,2025-06-05 07:51:03,DELIVERED,EAST,False
755,488.0,2024-11-27 10:36:02,DELIVERED,NORTH,False
756,167.0,2025-04-02 08:40:41,DELIVERED,SOUTH,False
757,55.0,2025-03-04 22:44:09,DELIVERED,EAST,False
758,,2024-01-13 13:00:46,RETURNED,CENTRAL,True
759,188.0,2024-04-26 09:46:08,SHIPPED,EAST,False
760,309.0,2025-05-06 17:05:25,DELIVERED,NORTH,False
761,361.0,2025-04-04 21:46:19,DELIVERED,EAST,False
762,422.0,2024-04-11 07:53:44,SHIPPED,SOUTH,False
763,227.0,2025-04-10 14:05:09,DELIVERED,CENTRAL,False
764,565.0,2024-06-26 12:29:38,RETURNED,NORTH,False
765,18.0,2025-04-24 02:43:00,DELIVERED,SOUTH,False
766,536.0,2025-01-11 16:11:00,DELIVERED,NORTH,False
767,146.0,2025-04-12 10:07:43,SHIPPED,SOUTH,False
768,436.0,2025-05-05 06:53:30,SHIPPED,NORTH,False
769,442.0,2024-03-31 00:34:23,PLACED,CENTRAL,False
770,481.0,2024-05-29 08:52:14,PLACED,EAST,False
771,99.0,2024-12-21 01:50:22,SHIPPED,SOUTH,False
772,360.0,2023-07-31 17:25:46,CANCELLED,EAST,False
773,357.0,2025-04-10 18:46:20,DELIVERED,CENTRAL,False
774,584.0,2024-12-15 12:56:50,DELIVERED,NORTH,False
775,197.0,2024-09-22 22:11:29,DELIVERED,NORTH,False
776,102.0,2024-01-30 05:32:09,CANCELLED,WEST,False
777,190.0,2025-04-13 08:59:28,SHIPPED,EAST,False
778,435.0,2024-10-28 05:10:42,DELIVERED,EAST,False
779,113.0,2025-01-29 16:25:27,DELIVERED,EAST,False
780,42.0,2024-02-26 21:12:46,SHIPPED,EAST,False
781,320.0,2025-03-10 15:28:33,DELIVERED,CENTRAL,False
782,439.0,2025-06-24 06:59:15,CANCELLED,WEST,False
783,377.0,2025-01-13 15:10:18,DELIVERED,NORTH,False
784,536.0,2024-06-26 00:37:30,DELIVERED,CENTRAL,False
785,173.0,2025-06-15 13:41:47,SHIPPED,SOUTH,False
786,414.0,2025-02-17 20:06:47,DELIVERED,WEST,False
787,596.0,2024-12-23 02:26:15,DELIVERED,WEST,False
788,415.0,2025-05-28 08:20:49,SHIPPED,WEST,False
789,257.0,2024-12-23 00:59:32,DELIVERED,SOUTH,False
790,,2024-12-25 01:33:29,PLACED,NORTH,True
791,392.0,2025-01-10 14:15:40,SHIPPED,CENTRAL,False
792,79.0,2025-05-08 22:16:30,DELIVERED,SOUTH,False
793,510.0,2025-06-24 22:47:44,DELIVERED,CENTRAL,False
794,33.0,2025-01-06 03:40:42,SHIPPED,WEST,False
795,386.0,2024-12-29 17:50:40,PLACED,CENTRAL,False
796,311.0,2025-06-28 06:37:06,DELIVERED,EAST,False
797,500.0,2025-06-15 15:43:10,DELIVERED,CENTRAL,False
798,586.0,2025-04-24 22:02:57,CANCELLED,CENTRAL,False
799,270.0,2025-04-19 01:25:39,DELIVERED,EAST,False
800,292.0,2024-06-23 22:13:55,DELIVERED,SOUTH,False
801,358.0,2025-06-07 18:58:00,CANCELLED,EAST,False
802,439.0,2025-06-26 04:31:48,DELIVERED,NORTH,False
803,254.0,2024-07-21 05:40:21,DELIVERED,NORTH,False
804,118.0,2025-04-10 02:36:23,DELIVERED,NORTH,False
805,433.0,2025-06-26 07:18:07,DELIVERED,NORTH,False
806,23.0,2025-01-16 22:07:38,DELIVERED,CENTRAL,False
807,501.0,2025-05-08 17:08:56,SHIPPED,WEST,False
808,348.0,2024-08-24 17:04:41,DELIVERED,WEST,False
809,78.0,2025-06-20 14:13:42,SHIPPED,EAST,False
810,,2024-08-19 11:12:02,SHIPPED,NORTH,True
811,593.0,2025-02-22 09:29:26,DELIVERED,CENTRAL,False
812,487.0,2025-04-10 17:49:51,DELIVERED,EAST,False
813,308.0,2025-01-16 03:01:05,DELIVERED,WEST,False
814,528.0,2025-06-06 00:23:48,DELIVERED,NORTH,False
815,529.0,2025-01-18 10:40:08,SHIPPED,WEST,False
816,546.0,2025-02-25 21:12:37,DELIVERED,NORTH,False
817,374.0,2025-03-30 19:20:39,SHIPPED,EAST,False
818,421.0,2025-05-29 22:30:56,RETURNED,SOUTH,False
819,274.0,2025-03-26 19:04:49,SHIPPED,CENTRAL,False
820,245.0,2024-08-30 02:26:33,PLACED,EAST,False
821,574.0,2025-05-26 09:03:12,RETURNED,SOUTH,False
822,140.0,2025-03-22 15:48:39,CANCELLED,CENTRAL,False
823,44.0,2025-06-27 12:52:17,PLACED,NORTH,False
824,306.0,2023-10-22 09:14:55,DELIVERED,EAST,False
825,93.0,2025-04-09 03:19:47,DELIVERED,SOUTH,False
826,585.0,2025-04-19 05:51:12,SHIPPED,CENTRAL,False
827,538.0,2024-01-22 14:02:32,PLACED,CENTRAL,False
828,321.0,2024-10-26 18:20:03,DELIVERED,SOUTH,False
829,224.0,2023-11-13 01:32:06,SHIPPED,EAST,False
830,261.0,2024-05-20 10:31:30,DELIVERED,NORTH,False
831,434.0,2025-04-01 04:58:50,RETURNED,SOUTH,False
832,377.0,2025-03-04 16:21:56,RETURNED,CENTRAL,False
833,,2024-12-26 08:20:30,RETURNED,SOUTH,True
834,394.0,2025-06-16 12:09:43,DELIVERED,NORTH,False
835,243.0,2024-10-28 14:59:09,RETURNED,WEST,False
836,262.0,2025-03-11 20:28:51,CANCELLED,SOUTH,False
837,165.0,2024-10-27 20:40:46,CANCELLED,WEST,False
838,281.0,2024-03-27 05:04:14,RETURNED,WEST,False
839,341.0,2025-03-18 00:44:11,CANCELLED,SOUTH,False
840,519.0,2024-04-28 13:10:29,DELIVERED,CENTRAL,False
841,465.0,2025-06-07 23:39:20,PLACED,SOUTH,False
842,140.0,2025-03-17 14:20:03,DELIVERED,EAST,False
843,114.0,2025-05-21 07:45:10,DELIVERED,SOUTH,False
844,421.0,2025-05-30 00:15:14,CANCELLED,SOUTH,False
845,336.0,2025-06-17 20:09:31,DELIVERED,SOUTH,False
846,387.0,2025-04-14 07:32:42,SHIPPED,NORTH,False
847,235.0,2025-05-27 08:48:43,DELIVERED,EAST,False
848,173.0,2025-06-15 05:00:02,DELIVERED,EAST,False
849,377.0,2025-01-10 01:39:36,SHIPPED,CENTRAL,False
850,465.0,2025-05-22 05:00:04,SHIPPED,SOUTH,False
851,273.0,2024-12-24 16:00:00,DELIVERED,WEST,False
852,221.0,2025-05-15 22:43:22,SHIPPED,SOUTH,False
853,150.0,2025-06-07 16:45:41,DELIVERED,CENTRAL,False
854,255.0,2025-06-28 05:49:56,DELIVERED,NORTH,False
855,,2023-09-12 11:07:11,RETURNED,WEST,True
856,393.0,2025-05-30 04:40:43,DELIVERED,NORTH,False
857,54.0,2024-04-20 13:00:26,DELIVERED,EAST,False
858,47.0,2025-03-16 00:59:02,DELIVERED,EAST,False
859,380.0,2024-12-25 08:32:59,DELIVERED,CENTRAL,False
860,174.0,2025-02-17 15:15:35,DELIVERED,WEST,False
861,325.0,2025-05-16 22:01:51,SHIPPED,NORTH,False
862,131.0,2025-05-20 22:29:24,CANCELLED,EAST,False
863,290.0,2025-06-02 05:16:30,DELIVERED,EAST,False
864,447.0,2025-04-07 00:52:49,RETURNED,SOUTH,False
865,451.0,2023-10-30 08:08:00,PLACED,SOUTH,False
866,,2023-12-20 02:55:34,DELIVERED,NORTH,True
867,507.0,2025-02-10 22:06:11,RETURNED,CENTRAL,False
868,505.0,2024-06-11 08:58:55,CANCELLED,NORTH,False
869,209.0,2025-02-06 08:09:26,SHIPPED,CENTRAL,False
870,577.0,2025-06-15 23:44:19,SHIPPED,NORTH,False
871,585.0,2024-09-16 03:01:25,PLACED,WEST,False
872,337.0,2025-01-15 00:59:32,RETURNED,NORTH,False
873,109.0,2025-06-14 16:56:58,PLACED,WEST,False
874,276.0,2025-03-04 12:46:12,DELIVERED,NORTH,False
875,464.0,2025-06-19 18:33:14,RETURNED,CENTRAL,False
876,50.0,2025-02-12 14:07:24,DELIVERED,NORTH,False
877,561.0,2025-03-15 19:31:40,DELIVERED,SOUTH,False
878,409.0,2023-11-02 06:35:26,SHIPPED,WEST,False
879,292.0,2025-03-04 16:05:09,DELIVERED,NORTH,False
880,443.0,2025-06-04 21:29:33,DELIVERED,CENTRAL,False
881,99.0,2025-03-25 16:56:45,DELIVERED,WEST,False
882,577.0,2025-02-23 03:34:52,DELIVERED,EAST,False
883,445.0,2025-06-27 11:12:39,PLACED,EAST,False
884,230.0,2025-05-27 18:05:03,SHIPPED,WEST,False
885,538.0,2023-09-14 05:18:58,DELIVERED,WEST,False
886,131.0,2025-06-25 21:08:02,CANCELLED,CENTRAL,False
887,583.0,2024-05-03 01:43:10,RETURNED,CENTRAL,False
888,436.0,2025-01-17 09:37:11,DELIVERED,CENTRAL,False
889,364.0,2025-02-14 23:28:09,DELIVERED,NORTH,False
890,474.0,2025-06-10 08:35:48,CANCELLED,NORTH,False
891,305.0,2024-09-09 20:23:03,DELIVERED,WEST,False
892,272.0,2024-12-12 13:28:01,CANCELLED,SOUTH,False
893,81.0,2025-03-14 04:21:42,DELIVERED,WEST,False
894,6.0,2025-01-09 09:03:00,SHIPPED,WEST,False
895,415.0,2025-05-30 01:09:53,CANCELLED,CENTRAL,False
896,405.0,2025-04-20 18:28:56,SHIPPED,SOUTH,False
897,17.0,2025-02-10 02:20:52,SHIPPED,SOUTH,False
898,447.0,2025-06-18 13:58:35,DELIVERED,WEST,False
899,433.0,2025-03-12 05:40:25,RETURNED,WEST,False
900,483.0,2023-10-07 05:53:17,DELIVERED,SOUTH,False
901,402.0,2025-02-10 21:18:52,SHIPPED,WEST,False
902,508.0,2025-05-06 11:01:40,DELIVERED,EAST,False
903,,2024-04-06 10:34:55,DELIVERED,CENTRAL,True
904,500.0,2025-06-18 15:05:41,DELIVERED,WEST,False
905,567.0,2023-08-01 07:55:22,DELIVERED,WEST,False
906,356.0,2025-03-06 05:23:27,PLACED,EAST,False
907,481.0,2024-11-20 01:46:47,DELIVERED,CENTRAL,False
908,348.0,2025-06-13 23:11:54,CANCELLED,WEST,False
909,301.0,2025-06-15 04:42:01,RETURNED,EAST,False
910,166.0,2024-10-30 23:58:55,DELIVERED,NORTH,False
911,133.0,2024-01-04 14:22:49,DELIVERED,NORTH,False
912,506.0,2025-03-21 23:07:13,DELIVERED,NORTH,False
913,268.0,2025-01-31 07:46:48,SHIPPED,CENTRAL,False
914,,2023-07-20 10:48:45,SHIPPED,SOUTH,True
915,230.0,2025-04-26 10:37:35,DELIVERED,EAST,False
916,571.0,2025-04-13 22:35:58,CANCELLED,CENTRAL,False
917,107.0,2024-11-08 13:58:02,DELIVERED,WEST,False
918,114.0,2025-05-16 06:44:45,DELIVERED,NORTH,False
919,43.0,2025-02-11 00:51:51,DELIVERED,SOUTH,False
920,161.0,2025-05-28 08:41:45,DELIVERED,WEST,False
921,102.0,2023-12-14 20:16:51,DELIVERED,SOUTH,False
922,207.0,2025-01-09 12:47:14,DELIVERED,NORTH,False
923,486.0,2025-02-15 02:40:02,SHIPPED,EAST,False
924,425.0,2025-01-31 01:26:24,SHIPPED,CENTRAL,False
925,234.0,2024-10-08 14:12:01,DELIVERED,WEST,False
926,529.0,2025-03-27 11:58:53,DELIVERED,NORTH,False
927,530.0,2024-10-14 00:32:37,DELIVERED,SOUTH,False
928,403.0,2025-06-28 10:05:34,RETURNED,SOUTH,False
929,60.0,2025-05-13 17:22:15,DELIVERED,CENTRAL,False
930,322.0,2025-02-10 07:33:29,DELIVERED,CENTRAL,False
931,151.0,2024-12-08 17:57:05,SHIPPED,CENTRAL,False
932,453.0,2025-01-15 03:56:16,DELIVERED,WEST,False
933,309.0,2025-03-31 08:46:39,DELIVERED,SOUTH,False
934,554.0,2025-01-03 06:23:58,DELIVERED,EAST,False
935,164.0,2025-06-09 13:38:38,DELIVERED,CENTRAL,False
936,312.0,2024-11-22 08:33:15,SHIPPED,NORTH,False
937,266.0,2025-05-24 17:58:58,SHIPPED,NORTH,False
938,587.0,2025-03-01 00:17:46,RETURNED,CENTRAL,False
939,547.0,2025-04-07 22:32:31,DELIVERED,EAST,False
940,587.0,2025-03-27 04:18:51,DELIVERED,SOUTH,False
941,529.0,2025-06-21 04:04:22,DELIVERED,WEST,False
942,436.0,2025-06-27 17:35:54,PLACED,WEST,False
943,488.0,2025-01-03 09:56:08,DELIVERED,CENTRAL,False
944,573.0,2025-04-22 12:55:04,CANCELLED,CENTRAL,False
945,434.0,2025-03-25 10:55:16,RETURNED,WEST,False
946,148.0,2025-05-30 10:15:58,DELIVERED,SOUTH,False
947,526.0,2024-11-11 23:54:18,SHIPPED,WEST,False
948,,2023-09-30 19:42:13,DELIVERED,NORTH,True
949,419.0,2025-04-10 10:12:13,DELIVERED,NORTH,False
950,121.0,2025-01-17 06:19:36,DELIVERED,EAST,False
951,147.0,2023-09-20 09:40:40,DELIVERED,EAST,False
952,221.0,2025-04-26 13:12:04,DELIVERED,NORTH,False
953,70.0,2024-05-16 16:56:30,DELIVERED,CENTRAL,False
954,346.0,2025-06-15 21:24:27,CANCELLED,CENTRAL,False
955,142.0,2025-03-08 00:44:24,DELIVERED,WEST,False
956,334.0,2024-06-12 08:57:06,DELIVERED,WEST,False
957,405.0,2025-04-27 19:50:40,RETURNED,WEST,False
958,91.0,2024-02-06 15:16:59,DELIVERED,EAST,False
959,127.0,2025-02-10 03:25:49,SHIPPED,CENTRAL,False
960,55.0,2025-05-01 17:31:53,DELIVERED,CENTRAL,False
961,124.0,2025-04-21 02:34:42,PLACED,SOUTH,False
962,594.0,2025-03-29 12:31:07,DELIVERED,EAST,False
963,47.0,2025-06-18 10:25:49,PLACED,WEST,False
964,25.0,2025-06-29 17:33:46,DELIVERED,NORTH,False
965,102.0,2024-10-10 19:29:51,SHIPPED,EAST,False
966,158.0,2024-07-06 07:03:31,DELIVERED,NORTH,False
967,334.0,2024-08-22 22:37:09,PLACED,WEST,False
968,146.0,2024-09-10 15:34:29,DELIVERED,NORTH,False
969,246.0,2025-05-20 02:23:40,SHIPPED,CENTRAL,False
970,395.0,2024-02-13 09:16:20,DELIVERED,CENTRAL,False
971,496.0,2024-04-16 10:51:18,SHIPPED,NORTH,False
972,104.0,2024-01-31 07:39:53,DELIVERED,SOUTH,False
973,417.0,2025-04-15 04:51:21,DELIVERED,SOUTH,False
974,146.0,2024-08-10 22:54:49,SHIPPED,SOUTH,False
975,434.0,2025-06-24 23:51:50,PLACED,WEST,False
976,297.0,2024-08-15 00:13:14,RETURNED,WEST,False
977,257.0,2025-05-08 00:35:33,RETURNED,SOUTH,False
978,523.0,2025-03-14 15:00:20,DELIVERED,CENTRAL,False
979,92.0,2025-06-07 18:15:15,CANCELLED,CENTRAL,False
980,443.0,2025-02-22 22:37:58,RETURNED,EAST,False
981,351.0,2025-02-17 12:03:24,DELIVERED,EAST,False
982,330.0,2025-05-23 08:06:37,RETURNED,EAST,False
983,,2024-11-19 08:55:36,RETURNED,CENTRAL,True
984,10.0,2025-06-07 12:09:22,DELIVERED,WEST,False
985,552.0,2025-05-11 21:05:25,DELIVERED,NORTH,False
986,456.0,2025-03-04 03:34:19,RETURNED,WEST,False
987,367.0,2025-04-18 02:23:25,DELIVERED,NORTH,False
988,380.0,2025-01-17 22:48:18,SHIPPED,NORTH,False
989,367.0,2025-03-11 04:30:32,DELIVERED,EAST,False
990,227.0,2025-04-19 11:43:16,RETURNED,NORTH,False
991,215.0,2023-09-02 13:00:48,CANCELLED,WEST,False
992,285.0,2024-10-17 00:50:04,SHIPPED,SOUTH,False
993,580.0,2024-12-11 02:15:37,DELIVERED,NORTH,False
994,67.0,2024-12-20 11:44:31,DELIVERED,SOUTH,False
995,281.0,2024-06-22 00:22:19,PLACED,CENTRAL,False
996,574.0,2025-06-02 06:53:53,DELIVERED,NORTH,False
997,331.0,2025-04-20 23:16:56,DELIVERED,NORTH,False
998,478.0,2025-04-06 05:32:44,DELIVERED,SOUTH,False
999,,2025-05-14 08:03:29,DELIVERED,NORTH,True
1000,343.0,2023-09-07 13:01:42,CANCELLED,SOUTH,False
1001,434.0,2025-01-13 10:55:02,SHIPPED,EAST,False
1002,100.0,2025-05-23 08:28:26,CANCELLED,CENTRAL,False
1003,343.0,2025-04-18 20:11:49,SHIPPED,SOUTH,False
1004,56.0,2025-03-03 13:16:11,SHIPPED,NORTH,False
1005,450.0,2025-05-05 11:49:47,DELIVERED,NORTH,False
1006,63.0,2024-09-11 22:47:08,CANCELLED,NORTH,False
1007,64.0,2025-05-19 21:33:36,PLACED,CENTRAL,False
1008,68.0,2025-01-21 13:06:06,DELIVERED,EAST,False
1009,412.0,2023-09-23 10:24:19,DELIVERED,CENTRAL,False
1010,11.0,2025-02-03 04:11:53,DELIVERED,CENTRAL,False
1011,348.0,2025-02-28 19:01:38,DELIVERED,WEST,False
1012,198.0,2025-01-24 22:41:39,DELIVERED,NORTH,False
1013,199.0,2024-11-26 05:26:55,DELIVERED,EAST,False
1014,456.0,2024-02-20 09:51:48,DELIVERED,NORTH,False
1015,599.0,2025-06-17 13:53:59,DELIVERED,EAST,False
1016,555.0,2024-05-02 02:38:27,DELIVERED,EAST,False
1017,9.0,2025-05-26 12:33:59,DELIVERED,NORTH,False
1018,573.0,2024-10-24 04:58:36,SHIPPED,SOUTH,False
1019,207.0,2025-05-23 23:11:21,SHIPPED,WEST,False
1020,479.0,2025-01-16 20:22:46,CANCELLED,CENTRAL,False
1021,307.0,2025-05-02 07:15:41,SHIPPED,NORTH,False
1022,4.0,2025-05-07 01:44:25,SHIPPED,CENTRAL,False
1023,493.0,2025-01-29 11:53:22,DELIVERED,WEST,False
1024,7.0,2024-12-15 21:42:03,DELIVERED,CENTRAL,False
1025,298.0,2025-04-26 01:48:08,DELIVERED,EAST,False
1026,,2023-06-24 01:22:45,DELIVERED,SOUTH,True
1027,179.0,2025-05-11 23:39:51,SHIPPED,SOUTH,False
1028,,2025-03-16 16:26:54,SHIPPED,SOUTH,True
1029,114.0,2025-06-07 20:29:24,DELIVERED,SOUTH,False
1030,382.0,2025-01-18 08:13:53,DELIVERED,CENTRAL,False
1031,67.0,2024-12-17 00:26:16,RETURNED,SOUTH,False
1032,388.0,2025-03-13 15:50:50,DELIVERED,SOUTH,False
1033,194.0,2025-06-19 19:54:55,DELIVERED,EAST,False
1034,287.0,2025-06-17 23:07:52,DELIVERED,CENTRAL,False
1035,215.0,2025-03-14 21:49:39,DELIVERED,CENTRAL,False
1036,521.0,2024-09-19 11:00:13,DELIVERED,CENTRAL,False
1037,532.0,2025-06-25 15:13:39,DELIVERED,CENTRAL,False
1038,507.0,2025-05-05 23:52:22,DELIVERED,CENTRAL,False
1039,213.0,2025-02-18 06:07:59,DELIVERED,SOUTH,False
1040,314.0,2025-02-17 03:00:00,DELIVERED,EAST,False
1041,87.0,2024-01-11 08:05:54,DELIVERED,CENTRAL,False
1042,598.0,2025-02-01 23:44:23,DELIVERED,WEST,False
1043,443.0,2025-04-02 09:51:29,DELIVERED,EAST,False
1044,184.0,2025-05-26 12:50:06,DELIVERED,EAST,False
1045,302.0,2024-11-16 17:34:33,DELIVERED,EAST,False
1046,101.0,2024-08-21 02:38:18,PLACED,SOUTH,False
1047,338.0,2024-12-28 02:23:21,CANCELLED,EAST,False
1048,142.0,2025-06-12 04:43:16,DELIVERED,EAST,False
1049,,2024-01-19 14:36:10,DELIVERED,WEST,True
1050,594.0,2025-06-19 11:55:04,DELIVERED,SOUTH,False
1051,234.0,2024-11-12 03:06:23,SHIPPED,SOUTH,False
1052,566.0,2025-03-26 01:54:56,DELIVERED,NORTH,False
1053,193.0,2025-06-15 06:19:12,DELIVERED,SOUTH,False
1054,572.0,2024-11-24 16:35:25,DELIVERED,SOUTH,False
1055,10.0,2025-01-24 04:57:04,CANCELLED,EAST,False
1056,436.0,2025-05-03 07:46:21,DELIVERED,CENTRAL,False
1057,24.0,2025-02-20 20:24:36,RETURNED,SOUTH,False
1058,339.0,2025-06-12 13:59:25,DELIVERED,CENTRAL,False
1059,401.0,2025-03-06 02:08:47,DELIVERED,CENTRAL,False
1060,487.0,2024-08-06 09:09:56,RETURNED,EAST,False
1061,107.0,2025-05-22 17:27:52,CANCELLED,CENTRAL,False
1062,192.0,2024-11-06 13:36:19,RETURNED,EAST,False
1063,299.0,2025-01-23 07:16:26,DELIVERED,EAST,False
1064,176.0,2024-11-20 21:44:11,DELIVERED,SOUTH,False
1065,133.0,2024-10-12 16:12:32,DELIVERED,WEST,False
1066,212.0,2023-12-06 22:06:47,DELIVERED,WEST,False
1067,589.0,2024-09-22 00:40:02,DELIVERED,WEST,False
1068,8.0,2024-04-22 19:58:17,CANCELLED,CENTRAL,False
1069,539.0,2024-12-09 17:29:26,CANCELLED,WEST,False
1070,41.0,2025-03-22 16:05:42,DELIVERED,WEST,False
1071,305.0,2024-11-08 18:27:10,CANCELLED,SOUTH,False
1072,184.0,2025-05-22 19:14:45,RETURNED,SOUTH,False
1073,98.0,2024-12-01 16:19:41,PLACED,SOUTH,False
1074,551.0,2025-03-23 08:36:29,PLACED,SOUTH,False
1075,422.0,2025-03-04 18:06:52,RETURNED,NORTH,False
1076,517.0,2025-05-22 20:19:51,DELIVERED,SOUTH,False
1077,519.0,2024-04-11 16:03:35,PLACED,WEST,False
1078,409.0,2025-06-19 16:46:03,PLACED,EAST,False
1079,140.0,2025-05-19 12:26:41,DELIVERED,WEST,False
1080,562.0,2025-02-03 02:20:24,DELIVERED,WEST,False
1081,166.0,2023-11-15 12:00:40,DELIVERED,SOUTH,False
1082,548.0,2025-05-07 18:58:53,DELIVERED,NORTH,False
1083,158.0,2024-10-18 06:27:37,SHIPPED,NORTH,False
1084,546.0,2024-09-09 21:38:08,PLACED,CENTRAL,False
1085,106.0,2024-11-19 09:39:16,DELIVERED,CENTRAL,False
1086,,2025-01-20 22:45:37,SHIPPED,SOUTH,True
1087,245.0,2024-10-02 16:00:06,DELIVERED,NORTH,False
1088,197.0,2024-04-06 01:36:06,CANCELLED,SOUTH,False
1089,46.0,2025-06-18 08:36:16,CANCELLED,EAST,False
1090,195.0,2025-05-11 14:22:39,DELIVERED,WEST,False
1091,219.0,2023-10-20 05:50:43,SHIPPED,WEST,False
1092,13.0,2025-05-02 13:44:28,SHIPPED,EAST,False
1093,378.0,2025-02-22 12:46:13,SHIPPED,EAST,False
1094,512.0,2025-06-29 17:23:50,DELIVERED,CENTRAL,False
1095,98.0,2025-05-10 22:20:02,DELIVERED,WEST,False
1096,137.0,2024-07-12 21:47:46,DELIVERED,EAST,False
1097,494.0,2024-03-01 10:32:33,DELIVERED,CENTRAL,False
1098,524.0,2025-03-18 18:44:59,DELIVERED,NORTH,False
1099,128.0,2024-05-31 21:21:20,DELIVERED,SOUTH,False
1100,62.0,2024-03-25 20:13:12,DELIVERED,SOUTH,False
1101,39.0,2024-11-29 21:50:02,DELIVERED,WEST,False
1102,337.0,2025-02-05 01:43:46,DELIVERED,NORTH,False
1103,425.0,2025-05-22 16:13:49,DELIVERED,SOUTH,False
1104,340.0,2024-05-02 04:55:14,DELIVERED,SOUTH,False
1105,228.0,2025-01-29 07:07:10,DELIVERED,SOUTH,False
1106,7.0,2024-08-22 02:16:22,PLACED,SOUTH,False
1107,145.0,2024-09-19 07:28:06,SHIPPED,CENTRAL,False
1108,210.0,2024-06-10 13:08:24,DELIVERED,WEST,False
1109,203.0,2024-09-27 05:43:55,DELIVERED,EAST,False
1110,460.0,2024-07-29 10:23:12,DELIVERED,NORTH,False
1111,369.0,2024-12-14 07:48:54,DELIVERED,WEST,False
1112,444.0,2024-08-28 01:47:06,DELIVERED,NORTH,False
1113,438.0,2024-06-27 15:34:22,RETURNED,CENTRAL,False
1114,567.0,2024-12-28 09:42:17,DELIVERED,EAST,False
1115,385.0,2025-05-12 07:32:38,PLACED,SOUTH,False
1116,201.0,2023-10-20 04:16:22,PLACED,CENTRAL,False
1117,384.0,2025-06-27 17:10:12,DELIVERED,WEST,False
1118,383.0,2025-02-20 03:29:17,DELIVERED,CENTRAL,False
1119,40.0,2025-06-27 11:29:28,RETURNED,SOUTH,False
1120,447.0,2025-04-24 13:35:25,DELIVERED,EAST,False
1121,501.0,2025-06-29 15:36:36,DELIVERED,WEST,False
1122,253.0,2024-05-04 05:47:05,RETURNED,EAST,False
1123,29.0,2025-05-24 08:35:43,DELIVERED,SOUTH,False
1124,593.0,2025-06-12 15:57:41,PLACED,NORTH,False
1125,394.0,2025-06-18 15:39:27,RETURNED,NORTH,False
1126,194.0,2025-06-28 04:58:09,CANCELLED,EAST,False
1127,513.0,2025-06-19 01:47:47,DELIVERED,EAST,False
1128,92.0,2025-04-13 05:15:14,DELIVERED,EAST,False
1129,276.0,2024-05-09 17:50:21,DELIVERED,EAST,False
1130,,2023-10-09 19:10:44,PLACED,NORTH,True
1131,428.0,2025-06-11 18:00:02,DELIVERED,WEST,False
1132,384.0,2025-05-29 02:20:36,SHIPPED,SOUTH,False
1133,113.0,2024-12-07 00:55:33,SHIPPED,SOUTH,False
1134,188.0,2024-07-11 00:59:33,RETURNED,WEST,False
1135,112.0,2024-06-30 00:48:56,PLACED,NORTH,False
1136,351.0,2024-11-19 12:30:47,DELIVERED,NORTH,False
1137,,2023-12-24 16:06:16,PLACED,CENTRAL,True
1138,43.0,2024-03-29 05:15:46,DELIVERED,WEST,False
1139,273.0,2025-05-27 10:19:12,DELIVERED,WEST,False
1140,352.0,2025-06-19 07:15:44,RETURNED,WEST,False
1141,59.0,2025-06-25 09:15:03,DELIVERED,NORTH,False
1142,,2025-04-07 04:04:11,DELIVERED,SOUTH,True
1143,,2023-09-04 10:55:12,DELIVERED,SOUTH,True
1144,487.0,2025-06-17 22:41:33,SHIPPED,EAST,False
1145,,2024-03-06 18:43:09,RETURNED,EAST,True
1146,240.0,2025-04-22 08:24:30,DELIVERED,NORTH,False
1147,488.0,2025-06-24 16:09:51,RETURNED,WEST,False
1148,200.0,2025-05-18 21:35:25,CANCELLED,CENTRAL,False
1149,,2024-06-21 17:59:44,DELIVERED,CENTRAL,True
1150,479.0,2024-02-16 12:43:55,RETURNED,WEST,False
1151,247.0,2024-07-04 00:29:04,DELIVERED,NORTH,False
1152,30.0,2024-06-03 11:00:07,DELIVERED,WEST,False
1153,226.0,2024-11-18 02:32:38,RETURNED,NORTH,False
1154,548.0,2025-06-16 01:23:17,DELIVERED,SOUTH,False
1155,67.0,2025-03-14 07:05:46,DELIVERED,WEST,False
1156,576.0,2025-05-31 10:11:45,SHIPPED,NORTH,False
1157,115.0,2024-07-03 05:40:45,DELIVERED,SOUTH,False
1158,119.0,2024-10-15 22:29:35,CANCELLED,WEST,False
1159,2.0,2024-08-05 09:42:42,DELIVERED,WEST,False
1160,328.0,2025-06-28 08:39:06,DELIVERED,SOUTH,False
1161,228.0,2024-01-05 18:54:20,DELIVERED,WEST,False
1162,304.0,2024-04-24 00:40:14,DELIVERED,CENTRAL,False
1163,36.0,2024-10-14 03:56:17,DELIVERED,NORTH,False
1164,588.0,2024-08-24 11:50:11,SHIPPED,EAST,False
1165,386.0,2024-03-06 16:20:45,DELIVERED,SOUTH,False
1166,231.0,2025-05-04 00:08:06,RETURNED,SOUTH,False
1167,402.0,2025-03-31 01:54:55,DELIVERED,SOUTH,False
1168,562.0,2025-04-02 08:21:59,DELIVERED,EAST,False
1169,401.0,2024-11-05 21:26:27,DELIVERED,SOUTH,False
1170,562.0,2025-04-02 22:13:31,DELIVERED,CENTRAL,False
1171,56.0,2025-02-20 02:10:30,SHIPPED,SOUTH,False
1172,495.0,2025-04-23 06:16:09,SHIPPED,SOUTH,False
1173,10.0,2024-10-09 08:22:40,DELIVERED,SOUTH,False
1174,438.0,2024-09-01 15:54:08,PLACED,WEST,False
1175,54.0,2023-11-05 03:30:13,DELIVERED,CENTRAL,False
1176,153.0,2025-02-20 18:59:38,SHIPPED,WEST,False
1177,177.0,2025-06-22 20:16:54,DELIVERED,NORTH,False
1178,392.0,2024-04-29 18:23:55,DELIVERED,NORTH,False
1179,85.0,2024-04-11 19:12:21,DELIVERED,CENTRAL,False
1180,587.0,2025-06-19 04:39:06,DELIVERED,NORTH,False
1181,186.0,2024-07-20 05:31:51,DELIVERED,WEST,False
1182,129.0,2025-04-24 15:42:53,DELIVERED,CENTRAL,False
1183,21.0,2025-01-13 20:53:58,DELIVERED,CENTRAL,False
1184,532.0,2025-06-27 02:18:44,CANCELLED,NORTH,False
1185,213.0,2025-01-09 13:33:29,DELIVERED,SOUTH,False
1186,,2024-05-13 09:01:30,SHIPPED,SOUTH,True
1187,166.0,2023-09-12 05:06:02,CANCELLED,NORTH,False
1188,128.0,2024-11-01 03:17:18,RETURNED,SOUTH,False
1189,1.0,2025-01-13 10:40:09,RETURNED,CENTRAL,False
1190,301.0,2025-06-08 23:56:54,SHIPPED,WEST,False
1191,536.0,2025-01-19 11:56:20,DELIVERED,NORTH,False
1192,46.0,2025-06-01 00:29:01,SHIPPED,SOUTH,False
1193,566.0,2024-09-10 19:16:36,DELIVERED,CENTRAL,False
1194,564.0,2025-03-21 12:14:02,DELIVERED,SOUTH,False
1195,86.0,2025-03-19 08:33:42,RETURNED,SOUTH,False
1196,73.0,2025-06-15 12:00:03,RETURNED,SOUTH,False
1197,578.0,2024-10-07 09:59:04,SHIPPED,WEST,False
1198,254.0,2024-03-21 05:09:47,DELIVERED,CENTRAL,False
1199,338.0,2025-05-28 14:53:12,RETURNED,EAST,False
1200,232.0,2024-07-07 13:08:45,DELIVERED,SOUTH,False
1201,108.0,2025-06-03 23:36:21,SHIPPED,EAST,False
1202,502.0,2023-10-18 05:00:18,DELIVERED,EAST,False
1203,102.0,2023-09-23 06:06:01,RETURNED,WEST,False
1204,545.0,2024-09-12 11:54:20,CANCELLED,WEST,False
1205,266.0,2025-01-24 20:15:41,DELIVERED,SOUTH,False
1206,582.0,2024-10-30 16:08:10,DELIVERED,EAST,False
1207,256.0,2025-06-23 07:17:21,SHIPPED,EAST,False
1208,515.0,2024-10-27 18:42:21,DELIVERED,SOUTH,False
1209,90.0,2025-01-28 09:56:36,DELIVERED,NORTH,False
1210,79.0,2025-01-20 05:18:16,SHIPPED,NORTH,False
1211,293.0,2025-06-09 14:34:18,CANCELLED,NORTH,False
1212,435.0,2025-04-25 22:24:19,DELIVERED,WEST,False
1213,546.0,2024-06-30 20:25:10,DELIVERED,NORTH,False
1214,548.0,2025-04-20 00:11:53,DELIVERED,CENTRAL,False
1215,44.0,2025-06-24 17:49:14,SHIPPED,CENTRAL,False
1216,180.0,2023-11-29 08:22:57,SHIPPED,EAST,False
1217,433.0,2025-06-12 05:14:02,DELIVERED,NORTH,False
1218,256.0,2025-06-29 04:07:11,CANCELLED,EAST,False
1219,301.0,2025-05-01 16:54:50,DELIVERED,CENTRAL,False
1220,313.0,2024-06-28 12:26:48,CANCELLED,WEST,False
1221,7.0,2025-03-24 01:09:27,DELIVERED,NORTH,False
1222,,2025-04-22 10:27:40,DELIVERED,NORTH,True
1223,504.0,2024-09-26 17:14:51,DELIVERED,SOUTH,False
1224,500.0,2025-06-13 04:01:32,DELIVERED,SOUTH,False
1225,384.0,2025-06-09 01:23:04,CANCELLED,CENTRAL,False
1226,112.0,2025-01-27 15:34:33,DELIVERED,SOUTH,False
1227,445.0,2025-02-26 03:04:39,CANCELLED,SOUTH,False
1228,292.0,2023-11-19 06:25:55,DELIVERED,EAST,False
1229,165.0,2025-04-22 10:57:28,DELIVERED,EAST,False
1230,501.0,2025-06-21 09:52:51,DELIVERED,SOUTH,False
1231,410.0,2024-07-05 19:19:19,DELIVERED,WEST,False
1232,111.0,2024-01-14 10:18:20,DELIVERED,NORTH,False
1233,243.0,2023-12-30 10:05:34,DELIVERED,CENTRAL,False
1234,445.0,2025-05-29 05:51:41,DELIVERED,WEST,False
1235,157.0,2025-05-09 05:05:21,SHIPPED,NORTH,False
1236,254.0,2025-06-21 13:17:59,SHIPPED,NORTH,False
1237,515.0,2024-08-06 17:35:37,CANCELLED,SOUTH,False
1238,136.0,2025-05-15 23:03:27,RETURNED,SOUTH,False
1239,205.0,2025-01-22 15:47:23,DELIVERED,CENTRAL,False
1240,237.0,2024-08-10 06:11:24,DELIVERED,CENTRAL,False
1241,53.0,2024-07-28 08:22:35,DELIVERED,EAST,False
1242,253.0,2024-07-03 10:15:58,SHIPPED,NORTH,False
1243,330.0,2025-04-28 03:53:13,DELIVERED,CENTRAL,False
1244,190.0,2025-03-07 23:37:51,DELIVERED,EAST,False
1245,14.0,2025-02-16 11:19:31,CANCELLED,EAST,False
1246,371.0,2025-06-11 10:05:53,DELIVERED,EAST,False
1247,394.0,2025-06-11 02:48:57,SHIPPED,CENTRAL,False
1248,196.0,2024-05-26 20:25:45,RETURNED,NORTH,False
1249,352.0,2025-06-18 15:14:43,RETURNED,SOUTH,False
1250,158.0,2023-12-15 00:41:53,DELIVERED,EAST,False
1251,574.0,2025-04-21 21:26:20,DELIVERED,NORTH,False
1252,70.0,2025-04-22 00:25:43,RETURNED,CENTRAL,False
1253,171.0,2025-04-30 08:15:30,RETURNED,EAST,False
1254,,2024-08-13 18:15:45,RETURNED,SOUTH,True
1255,408.0,2024-09-27 11:57:05,CANCELLED,NORTH,False
1256,522.0,2024-11-09 09:04:58,DELIVERED,CENTRAL,False
1257,189.0,2023-11-10 19:07:08,SHIPPED,NORTH,False
1258,526.0,2024-09-15 18:02:07,DELIVERED,EAST,False
1259,226.0,2024-12-18 04:37:10,DELIVERED,SOUTH,False
1260,547.0,2023-12-24 00:40:57,DELIVERED,EAST,False
1261,277.0,2024-10-18 00:12:03,SHIPPED,SOUTH,False
1262,2.0,2025-04-24 19:37:42,DELIVERED,EAST,False
1263,563.0,2024-02-13 02:01:42,DELIVERED,CENTRAL,False
1264,59.0,2025-04-18 13:09:47,CANCELLED,SOUTH,False
1265,287.0,2023-12-25 06:35:01,PLACED,CENTRAL,False
1266,392.0,2025-02-17 20:10:34,DELIVERED,CENTRAL,False
1267,453.0,2024-10-10 09:00:35,SHIPPED,WEST,False
1268,238.0,2025-06-23 20:35:05,DELIVERED,WEST,False
1269,186.0,2024-09-16 19:39:08,CANCELLED,SOUTH,False
1270,185.0,2025-06-20 23:28:22,DELIVERED,SOUTH,False
1271,193.0,2025-04-06 11:40:46,DELIVERED,WEST,False
1272,413.0,2023-11-13 20:29:36,SHIPPED,NORTH,False
1273,387.0,2024-04-29 06:06:09,CANCELLED,NORTH,False
1274,86.0,2025-03-21 23:22:10,DELIVERED,NORTH,False
1275,10.0,2024-03-24 14:18:05,CANCELLED,NORTH,False
1276,492.0,2025-05-11 04:18:26,CANCELLED,EAST,False
1277,159.0,2025-01-23 16:27:47,DELIVERED,CENTRAL,False
1278,46.0,2025-05-18 23:34:37,SHIPPED,WEST,False
1279,230.0,2025-01-26 15:51:07,DELIVERED,EAST,False
1280,232.0,2025-05-22 14:27:59,CANCELLED,NORTH,False
1281,113.0,2024-06-14 09:24:07,RETURNED,EAST,False
1282,342.0,2024-01-07 22:13:19,RETURNED,NORTH,False
1283,155.0,2025-06-08 15:27:50,DELIVERED,SOUTH,False
1284,154.0,2025-04-20 03:26:19,DELIVERED,EAST,False
1285,107.0,2025-02-02 06:46:20,DELIVERED,EAST,False
1286,79.0,2024-10-19 20:18:27,RETURNED,SOUTH,False
1287,400.0,2025-04-30 23:00:20,DELIVERED,WEST,False
1288,116.0,2025-05-08 19:46:19,DELIVERED,SOUTH,False
1289,131.0,2025-03-20 07:35:11,DELIVERED,WEST,False
1290,424.0,2025-04-28 16:39:08,DELIVERED,SOUTH,False
1291,563.0,2024-08-12 02:39:30,DELIVERED,CENTRAL,False
1292,394.0,2025-06-11 00:42:39,DELIVERED,CENTRAL,False
1293,225.0,2025-04-06 22:36:55,PLACED,NORTH,False
1294,486.0,2024-09-06 18:20:52,PLACED,EAST,False
1295,143.0,2024-04-08 21:33:20,CANCELLED,CENTRAL,False
1296,432.0,2025-02-17 04:14:22,SHIPPED,SOUTH,False
1297,147.0,2024-03-21 04:22:44,DELIVERED,WEST,False
1298,109.0,2025-06-27 05:37:16,CANCELLED,SOUTH,False
1299,,2024-03-10 16:38:44,SHIPPED,NORTH,True
1300,427.0,2025-02-16 01:43:58,DELIVERED,SOUTH,False
1301,307.0,2025-05-12 07:13:06,DELIVERED,NORTH,False
1302,160.0,2024-11-29 07:14:52,PLACED,SOUTH,False
1303,12.0,2025-01-06 21:15:28,DELIVERED,WEST,False
1304,265.0,2025-04-23 04:02:00,DELIVERED,WEST,False
1305,279.0,2024-11-20 16:54:37,RETURNED,SOUTH,False
1306,411.0,2025-04-28 09:54:21,DELIVERED,CENTRAL,False
1307,80.0,2025-06-27 16:26:30,DELIVERED,WEST,False
1308,169.0,2024-12-13 05:34:36,DELIVERED,SOUTH,False
1309,107.0,2024-11-19 05:13:42,DELIVERED,EAST,False
1310,,2024-01-06 04:43:06,SHIPPED,SOUTH,True
1311,317.0,2024-07-13 19:47:53,DELIVERED,NORTH,False
1312,88.0,2024-09-30 19:51:31,DELIVERED,WEST,False
1313,,2024-01-31 08:12:06,DELIVERED,EAST,True
1314,408.0,2024-10-01 12:42:13,DELIVERED,EAST,False
1315,100.0,2025-06-07 02:00:49,DELIVERED,NORTH,False
1316,154.0,2024-08-13 04:45:47,DELIVERED,CENTRAL,False
1317,39.0,2025-01-09 08:13:02,DELIVERED,NORTH,False
1318,96.0,2025-01-20 22:23:22,CANCELLED,SOUTH,False
1319,165.0,2024-12-15 14:52:22,DELIVERED,CENTRAL,False
1320,350.0,2025-04-21 18:49:04,DELIVERED,EAST,False
1321,442.0,2024-03-29 01:53:40,DELIVERED,WEST,False
1322,77.0,2025-04-24 19:07:15,RETURNED,NORTH,False
1323,147.0,2025-01-17 05:11:24,DELIVERED,NORTH,False
1324,466.0,2024-10-20 20:04:12,DELIVERED,NORTH,False
1325,373.0,2025-06-20 03:42:14,SHIPPED,WEST,False
1326,485.0,2024-05-01 20:40:34,DELIVERED,SOUTH,False
1327,583.0,2025-04-10 05:48:26,CANCELLED,WEST,False
1328,133.0,2024-07-30 09:37:24,CANCELLED,EAST,False
1329,424.0,2025-03-22 11:43:30,CANCELLED,NORTH,False
1330,59.0,2025-05-10 21:30:31,DELIVERED,CENTRAL,False
1331,,2025-03-24 14:11:13,DELIVERED,CENTRAL,True
1332,75.0,2024-04-17 05:58:38,DELIVERED,NORTH,False
1333,480.0,2025-03-23 12:23:21,CANCELLED,NORTH,False
1334,111.0,2024-11-01 07:35:19,SHIPPED,EAST,False
1335,351.0,2025-05-15 20:35:53,DELIVERED,NORTH,False
1336,40.0,2025-05-21 22:07:52,DELIVERED,SOUTH,False
1337,33.0,2025-03-13 10:26:51,PLACED,EAST,False
1338,485.0,2024-03-29 18:27:09,CANCELLED,WEST,False
1339,181.0,2024-02-21 22:15:16,DELIVERED,NORTH,False
1340,463.0,2025-02-18 00:05:28,DELIVERED,EAST,False
1341,56.0,2024-11-29 21:36:53,DELIVERED,EAST,False
1342,358.0,2025-04-04 18:18:18,DELIVERED,SOUTH,False
1343,448.0,2024-09-30 11:56:42,DELIVERED,NORTH,False
1344,204.0,2024-04-18 10:27:34,DELIVERED,SOUTH,False
1345,325.0,2025-01-01 18:06:54,DELIVERED,SOUTH,False
1346,325.0,2025-01-21 01:26:47,DELIVERED,EAST,False
1347,4.0,2025-02-22 23:30:50,CANCELLED,WEST,False
1348,593.0,2025-02-22 22:07:53,DELIVERED,SOUTH,False
1349,560.0,2024-05-21 00:20:51,SHIPPED,SOUTH,False
1350,591.0,2023-07-14 03:53:42,DELIVERED,EAST,False
1351,515.0,2024-06-23 21:25:18,DELIVERED,WEST,False
1352,361.0,2025-05-15 09:25:23,DELIVERED,EAST,False
1353,181.0,2024-12-09 09:05:28,SHIPPED,CENTRAL,False
1354,447.0,2025-05-19 02:12:50,DELIVERED,WEST,False
1355,102.0,2023-10-24 01:21:30,SHIPPED,NORTH,False
1356,422.0,2023-10-10 12:38:51,DELIVERED,CENTRAL,False
1357,455.0,2025-02-25 11:40:09,PLACED,EAST,False
1358,217.0,2024-07-20 02:46:21,DELIVERED,NORTH,False
1359,481.0,2024-06-02 15:44:24,DELIVERED,WEST,False
1360,406.0,2023-09-28 21:46:11,DELIVERED,CENTRAL,False
1361,271.0,2025-02-21 09:08:41,DELIVERED,WEST,False
1362,5.0,2024-10-03 23:53:46,PLACED,EAST,False
1363,532.0,2025-06-29 22:51:08,DELIVERED,SOUTH,False
1364,441.0,2025-01-24 22:01:45,DELIVERED,CENTRAL,False
1365,53.0,2025-02-25 19:58:19,RETURNED,WEST,False
1366,178.0,2025-05-12 06:40:14,DELIVERED,WEST,False
1367,130.0,2025-06-12 11:30:07,DELIVERED,WEST,False
1368,267.0,2024-09-09 12:57:57,SHIPPED,NORTH,False
1369,,2023-06-09 23:05:10,DELIVERED,NORTH,True
1370,557.0,2024-07-21 04:25:33,PLACED,SOUTH,False
1371,367.0,2025-03-10 05:24:36,CANCELLED,EAST,False
1372,252.0,2025-06-15 01:43:27,DELIVERED,EAST,False
1373,282.0,2025-05-20 00:39:33,DELIVERED,CENTRAL,False
1374,114.0,2025-06-19 13:50:42,SHIPPED,SOUTH,False
1375,185.0,2024-04-16 01:29:28,CANCELLED,SOUTH,False
1376,503.0,2023-12-27 01:18:27,DELIVERED,NORTH,False
1377,430.0,2025-02-28 20:48:43,DELIVERED,WEST,False
1378,185.0,2024-09-23 01:11:47,SHIPPED,CENTRAL,False
1379,33.0,2024-09-06 12:26:58,RETURNED,WEST,False
1380,560.0,2024-01-16 21:28:41,DELIVERED,NORTH,False
1381,31.0,2025-06-09 00:51:49,DELIVERED,SOUTH,False
1382,374.0,2025-01-22 06:57:10,PLACED,SOUTH,False
1383,130.0,2025-05-31 23:45:56,SHIPPED,NORTH,False
1384,565.0,2024-11-13 14:32:19,CANCELLED,WEST,False
1385,410.0,2025-05-28 09:48:53,SHIPPED,EAST,False
1386,106.0,2025-04-18 07:59:31,DELIVERED,SOUTH,False
1387,500.0,2025-06-23 12:30:55,DELIVERED,EAST,False
1388,111.0,2025-04-13 16:48:41,SHIPPED,EAST,False
1389,66.0,2025-01-26 01:29:10,PLACED,CENTRAL,False
1390,420.0,2024-10-06 23:22:18,CANCELLED,CENTRAL,False
1391,31.0,2025-04-29 03:09:13,DELIVERED,SOUTH,False
1392,75.0,2024-04-11 03:19:24,DELIVERED,EAST,False
1393,327.0,2025-03-01 02:48:08,SHIPPED,CENTRAL,False
1394,239.0,2025-06-19 15:10:45,DELIVERED,SOUTH,False
1395,106.0,2025-03-31 17:01:41,DELIVERED,NORTH,False
1396,432.0,2025-05-03 00:24:35,DELIVERED,SOUTH,False
1397,,2024-06-18 15:36:07,RETURNED,WEST,True
1398,464.0,2025-06-12 07:23:32,DELIVERED,SOUTH,False
1399,292.0,2023-11-01 20:29:33,CANCELLED,NORTH,False
1400,292.0,2024-01-28 19:05:56,DELIVERED,CENTRAL,False
1401,41.0,2024-05-16 01:24:10,PLACED,NORTH,False
1402,426.0,2025-03-11 18:25:32,DELIVERED,EAST,False
1403,570.0,2025-05-05 15:50:27,DELIVERED,WEST,False
1404,466.0,2024-12-29 14:13:50,RETURNED,NORTH,False
1405,106.0,2024-02-12 17:58:16,CANCELLED,SOUTH,False
1406,331.0,2025-04-23 09:42:35,PLACED,EAST,False
1407,551.0,2024-12-01 22:03:24,CANCELLED,EAST,False
1408,45.0,2025-06-24 16:08:12,DELIVERED,EAST,False
1409,389.0,2024-11-03 19:45:45,RETURNED,CENTRAL,False
1410,130.0,2025-06-03 12:02:58,DELIVERED,WEST,False
1411,126.0,2025-05-30 15:47:51,DELIVERED,WEST,False
1412,330.0,2025-06-19 17:34:28,DELIVERED,EAST,False
1413,362.0,2025-05-29 10:52:10,SHIPPED,SOUTH,False
1414,77.0,2025-05-28 00:30:53,PLACED,SOUTH,False
1415,395.0,2024-04-09 23:02:05,DELIVERED,CENTRAL,False
1416,527.0,2025-03-20 20:21:32,DELIVERED,WEST,False
1417,517.0,2025-01-14 12:24:48,SHIPPED,EAST,False
1418,464.0,2025-06-28 22:13:44,DELIVERED,NORTH,False
1419,169.0,2025-03-21 06:48:55,DELIVERED,NORTH,False
1420,110.0,2025-05-02 16:46:57,CANCELLED,SOUTH,False
1421,488.0,2025-06-26 01:13:12,DELIVERED,NORTH,False
1422,87.0,2024-06-30 06:59:42,SHIPPED,CENTRAL,False
1423,342.0,2023-11-18 06:55:10,DELIVERED,NORTH,False
1424,433.0,2025-04-14 15:47:12,DELIVERED,CENTRAL,False
1425,506.0,2025-05-02 16:56:13,DELIVERED,SOUTH,False
1426,225.0,2025-04-12 08:48:52,PLACED,EAST,False
1427,545.0,2023-09-28 11:22:22,CANCELLED,WEST,False
1428,104.0,2024-01-10 19:00:53,CANCELLED,EAST,False
1429,176.0,2025-05-18 03:30:45,DELIVERED,CENTRAL,False
1430,4.0,2024-10-07 14:24:15,RETURNED,CENTRAL,False
1431,313.0,2024-12-03 08:11:22,DELIVERED,SOUTH,False
1432,467.0,2024-07-10 03:58:15,DELIVERED,WEST,False
1433,182.0,2024-07-24 22:11:18,SHIPPED,NORTH,False
1434,486.0,2024-05-26 18:45:43,SHIPPED,NORTH,False
1435,,2023-06-14 12:11:18,RETURNED,SOUTH,True
1436,172.0,2025-06-20 14:31:11,PLACED,EAST,False
1437,344.0,2025-02-19 13:22:49,DELIVERED,CENTRAL,False
1438,499.0,2024-08-19 22:16:09,PLACED,EAST,False
1439,342.0,2024-11-13 05:04:13,CANCELLED,CENTRAL,False
1440,277.0,2025-06-21 07:58:17,DELIVERED,SOUTH,False
1441,226.0,2024-08-20 00:13:58,PLACED,CENTRAL,False
1442,442.0,2024-12-02 04:04:23,PLACED,WEST,False
1443,281.0,2025-05-25 22:06:30,CANCELLED,WEST,False
1444,540.0,2024-09-10 22:40:23,DELIVERED,EAST,False
1445,428.0,2024-11-30 13:37:11,PLACED,CENTRAL,False
1446,126.0,2025-05-22 02:02:02,DELIVERED,EAST,False
1447,9.0,2025-05-22 21:10:06,SHIPPED,SOUTH,False
1448,297.0,2025-06-14 12:29:58,DELIVERED,EAST,False
1449,302.0,2023-11-05 02:39:48,SHIPPED,CENTRAL,False
1450,501.0,2025-05-28 16:36:56,DELIVERED,NORTH,False
1451,,2023-09-15 23:15:51,DELIVERED,CENTRAL,True
1452,575.0,2024-05-13 10:05:57,DELIVERED,SOUTH,False
1453,202.0,2025-05-15 22:45:04,PLACED,SOUTH,False
1454,,2025-05-25 15:09:52,CANCELLED,WEST,True
1455,101.0,2024-12-09 22:15:22,DELIVERED,SOUTH,False
1456,331.0,2024-09-05 02:26:07,SHIPPED,SOUTH,False
1457,205.0,2025-03-04 11:03:06,DELIVERED,WEST,False
1458,385.0,2025-03-24 16:08:10,DELIVERED,EAST,False
1459,367.0,2025-05-03 22:48:13,DELIVERED,WEST,False
1460,573.0,2024-10-13 06:16:19,DELIVERED,SOUTH,False
1461,310.0,2025-05-02 23:53:05,DELIVERED,SOUTH,False
1462,580.0,2025-05-19 19:28:32,DELIVERED,WEST,False
1463,7.0,2025-01-23 17:40:53,CANCELLED,WEST,False
1464,87.0,2023-11-10 11:32:48,RETURNED,NORTH,False
1465,100.0,2025-06-05 02:32:47,DELIVERED,NORTH,False
1466,599.0,2025-06-23 08:52:26,DELIVERED,SOUTH,False
1467,576.0,2025-06-29 21:18:47,SHIPPED,SOUTH,False
1468,319.0,2025-05-30 06:53:22,PLACED,WEST,False
1469,206.0,2025-04-01 06:34:55,SHIPPED,NORTH,False
1470,254.0,2024-06-27 16:18:35,PLACED,CENTRAL,False
1471,57.0,2024-03-26 14:43:45,DELIVERED,SOUTH,False
1472,560.0,2024-08-02 03:48:46,DELIVERED,CENTRAL,False
1473,150.0,2025-06-22 10:36:42,SHIPPED,SOUTH,False
1474,560.0,2024-06-16 14:48:50,DELIVERED,NORTH,False
1475,505.0,2024-12-26 07:42:10,DELIVERED,NORTH,False
1476,436.0,2024-10-06 13:00:43,DELIVERED,CENTRAL,False
1477,595.0,2025-03-02 18:58:16,DELIVERED,CENTRAL,False
1478,364.0,2025-01-01 02:24:10,DELIVERED,EAST,False
1479,,2023-10-01 23:11:48,CANCELLED,CENTRAL,True
1480,538.0,2024-05-09 09:45:54,SHIPPED,SOUTH,False
1481,577.0,2024-11-13 18:25:19,CANCELLED,SOUTH,False
1482,311.0,2025-06-13 02:57:36,CANCELLED,WEST,False
1483,484.0,2025-01-09 13:42:34,DELIVERED,CENTRAL,False
1484,539.0,2024-11-12 16:09:41,DELIVERED,CENTRAL,False
1485,414.0,2025-02-07 02:53:56,CANCELLED,SOUTH,False
1486,109.0,2025-06-23 05:52:57,DELIVERED,SOUTH,False
1487,243.0,2024-02-09 21:23:28,SHIPPED,WEST,False
1488,431.0,2024-11-22 23:58:15,DELIVERED,NORTH,False
1489,75.0,2024-10-03 22:41:12,DELIVERED,NORTH,False
1490,329.0,2024-10-12 19:28:23,DELIVERED,CENTRAL,False
1491,201.0,2024-01-04 02:50:48,DELIVERED,SOUTH,False
1492,166.0,2024-06-07 03:31:15,CANCELLED,SOUTH,False
1493,25.0,2025-06-18 12:58:22,PLACED,NORTH,False
1494,6.0,2024-12-26 15:21:05,DELIVERED,NORTH,False
1495,541.0,2025-04-19 08:20:43,SHIPPED,WEST,False
1496,366.0,2025-06-25 05:51:32,CANCELLED,WEST,False
1497,386.0,2024-03-16 01:04:05,SHIPPED,CENTRAL,False
1498,121.0,2025-03-07 16:20:06,DELIVERED,EAST,False
1499,,2025-02-27 22:39:35,RETURNED,EAST,True
1500,367.0,2025-02-15 04:40:59,SHIPPED,EAST,False
1501,590.0,2024-04-12 11:59:32,RETURNED,CENTRAL,False
1502,59.0,2025-04-03 00:16:20,SHIPPED,WEST,False
1503,270.0,2025-05-19 20:16:54,DELIVERED,EAST,False
1504,61.0,2024-08-22 04:31:41,CANCELLED,EAST,False
1505,64.0,2023-12-06 00:13:22,CANCELLED,CENTRAL,False
1506,37.0,2024-06-27 15:01:43,RETURNED,CENTRAL,False
1507,83.0,2024-12-07 07:18:42,SHIPPED,NORTH,False
1508,509.0,2025-02-04 06:25:45,DELIVERED,WEST,False
1509,234.0,2024-08-24 07:51:56,PLACED,SOUTH,False
1510,389.0,2025-04-12 20:09:10,PLACED,WEST,False
1511,387.0,2024-12-27 03:57:04,DELIVERED,CENTRAL,False
1512,449.0,2024-05-20 15:32:26,RETURNED,EAST,False
1513,352.0,2025-06-25 04:35:17,SHIPPED,NORTH,False
1514,233.0,2025-05-25 02:30:44,CANCELLED,CENTRAL,False
1515,16.0,2025-06-26 21:19:05,PLACED,NORTH,False
1516,185.0,2024-09-10 11:58:15,DELIVERED,SOUTH,False
1517,133.0,2024-12-05 18:58:02,DELIVERED,NORTH,False
1518,557.0,2024-10-27 21:31:35,DELIVERED,EAST,False
1519,226.0,2025-04-11 12:13:08,RETURNED,CENTRAL,False
1520,251.0,2025-03-27 21:36:33,DELIVERED,NORTH,False
1521,421.0,2025-06-28 09:03:58,PLACED,SOUTH,False
1522,534.0,2024-11-14 12:45:02,DELIVERED,NORTH,False
1523,146.0,2023-11-22 20:37:18,DELIVERED,WEST,False
1524,22.0,2025-06-08 18:09:17,DELIVERED,CENTRAL,False
1525,87.0,2023-11-14 09:15:44,DELIVERED,WEST,False
1526,,2024-03-24 03:57:38,PLACED,SOUTH,True
1527,442.0,2025-04-15 14:22:09,DELIVERED,CENTRAL,False
1528,27.0,2025-06-19 20:38:10,CANCELLED,EAST,False
1529,222.0,2025-02-13 07:26:15,CANCELLED,WEST,False
1530,59.0,2025-05-23 18:44:28,DELIVERED,EAST,False
1531,548.0,2025-06-05 00:09:24,DELIVERED,CENTRAL,False
1532,391.0,2025-01-21 11:51:15,RETURNED,SOUTH,False
1533,288.0,2025-06-15 15:10:38,DELIVERED,SOUTH,False
1534,303.0,2024-10-31 02:01:46,PLACED,EAST,False
1535,257.0,2025-04-15 20:44:29,DELIVERED,NORTH,False
1536,583.0,2024-12-01 07:40:33,CANCELLED,WEST,False
1537,451.0,2023-09-25 21:21:42,RETURNED,WEST,False
1538,570.0,2024-02-28 04:52:42,DELIVERED,NORTH,False
1539,565.0,2024-11-28 21:52:43,DELIVERED,EAST,False
1540,283.0,2025-02-24 19:05:44,SHIPPED,SOUTH,False
1541,51.0,2024-02-22 17:19:44,PLACED,CENTRAL,False
1542,594.0,2025-02-08 05:46:16,DELIVERED,NORTH,False
1543,266.0,2025-03-13 23:46:51,CANCELLED,EAST,False
1544,46.0,2025-05-31 18:52:59,PLACED,WEST,False
1545,80.0,2025-06-24 21:01:30,DELIVERED,WEST,False
1546,437.0,2024-10-06 21:04:32,DELIVERED,EAST,False
1547,418.0,2025-06-28 21:23:03,DELIVERED,EAST,False
1548,165.0,2024-09-03 01:38:43,RETURNED,CENTRAL,False
1549,,2024-09-16 01:17:38,DELIVERED,CENTRAL,True
1550,353.0,2024-12-31 10:43:17,DELIVERED,SOUTH,False
1551,81.0,2024-01-30 01:11:22,RETURNED,CENTRAL,False
1552,589.0,2025-05-28 14:05:52,DELIVERED,NORTH,False
1553,541.0,2025-06-16 23:54:26,DELIVERED,CENTRAL,False
1554,325.0,2025-02-20 06:28:56,DELIVERED,SOUTH,False
1555,371.0,2024-09-06 08:06:52,DELIVERED,NORTH,False
1556,456.0,2025-04-20 04:21:03,DELIVERED,NORTH,False
1557,518.0,2023-10-10 09:00:54,DELIVERED,CENTRAL,False
1558,429.0,2024-08-15 11:05:54,CANCELLED,SOUTH,False
1559,251.0,2025-05-21 07:16:11,DELIVERED,CENTRAL,False
1560,294.0,2024-11-17 07:21:35,PLACED,WEST,False
1561,152.0,2025-06-24 22:12:16,CANCELLED,SOUTH,False
1562,465.0,2023-12-28 01:10:09,DELIVERED,CENTRAL,False
1563,482.0,2024-11-22 05:20:42,PLACED,WEST,False
1564,,2023-10-08 15:54:20,SHIPPED,CENTRAL,True
1565,433.0,2025-05-15 19:28:24,DELIVERED,SOUTH,False
1566,122.0,2024-03-20 14:33:41,CANCELLED,CENTRAL,False
1567,111.0,2024-02-02 03:17:30,RETURNED,WEST,False
1568,461.0,2025-04-26 04:55:35,DELIVERED,SOUTH,False
1569,522.0,2024-03-21 01:56:57,PLACED,CENTRAL,False
1570,465.0,2024-10-05 16:03:17,SHIPPED,CENTRAL,False
1571,100.0,2025-06-02 06:36:23,DELIVERED,CENTRAL,False
1572,538.0,2024-10-03 08:46:52,RETURNED,EAST,False
1573,327.0,2025-04-02 15:28:40,PLACED,SOUTH,False
1574,285.0,2024-10-21 17:20:45,DELIVERED,EAST,False
1575,122.0,2024-02-11 13:47:07,DELIVERED,SOUTH,False
1576,266.0,2025-05-20 16:57:28,RETURNED,EAST,False
1577,212.0,2024-10-29 21:04:21,DELIVERED,NORTH,False
1578,41.0,2024-10-20 07:09:21,SHIPPED,WEST,False
1579,27.0,2024-04-26 00:44:07,RETURNED,CENTRAL,False
1580,456.0,2024-11-06 14:09:57,DELIVERED,NORTH,False
1581,123.0,2025-05-05 07:04:39,DELIVERED,NORTH,False
1582,286.0,2025-05-13 01:39:37,RETURNED,NORTH,False
1583,228.0,2025-05-01 23:00:10,SHIPPED,EAST,False
1584,526.0,2025-03-03 00:30:24,DELIVERED,EAST,False
1585,40.0,2025-05-11 01:50:35,DELIVERED,CENTRAL,False
1586,572.0,2024-11-26 20:09:11,DELIVERED,SOUTH,False
1587,386.0,2024-07-10 01:00:12,DELIVERED,SOUTH,False
1588,192.0,2025-06-25 19:39:04,SHIPPED,NORTH,False
1589,220.0,2023-12-08 11:36:34,DELIVERED,CENTRAL,False
1590,183.0,2024-10-14 01:45:39,DELIVERED,WEST,False
1591,241.0,2025-04-02 10:09:17,DELIVERED,SOUTH,False
1592,238.0,2025-05-12 08:40:45,DELIVERED,WEST,False
1593,557.0,2025-05-29 13:43:35,SHIPPED,EAST,False
1594,458.0,2025-01-02 17:50:26,DELIVERED,SOUTH,False
1595,327.0,2025-03-21 01:07:02,DELIVERED,SOUTH,False
1596,496.0,2025-04-08 22:52:16,DELIVERED,NORTH,False
1597,520.0,2024-08-06 01:52:10,DELIVERED,NORTH,False
1598,331.0,2024-12-09 04:40:31,DELIVERED,WEST,False
1599,267.0,2024-06-20 10:26:23,DELIVERED,EAST,False
1600,47.0,2025-05-13 21:45:49,SHIPPED,SOUTH,False
1601,113.0,2025-04-12 08:48:52,SHIPPED,CENTRAL,False
1602,,2024-12-12 23:19:09,DELIVERED,EAST,True
1603,567.0,2023-08-01 07:04:09,DELIVERED,EAST,False
1604,161.0,2025-06-21 00:16:07,DELIVERED,EAST,False
1605,383.0,2025-01-30 17:49:25,DELIVERED,SOUTH,False
1606,37.0,2023-10-18 13:21:21,DELIVERED,CENTRAL,False
1607,497.0,2025-02-13 05:03:47,DELIVERED,SOUTH,False
1608,254.0,2024-02-16 05:40:04,SHIPPED,WEST,False
1609,135.0,2024-12-18 17:08:23,PLACED,CENTRAL,False
1610,426.0,2023-09-12 15:42:04,CANCELLED,CENTRAL,False
1611,98.0,2025-05-01 20:45:51,SHIPPED,CENTRAL,False
1612,332.0,2025-06-28 03:50:04,PLACED,EAST,False
1613,103.0,2024-07-15 06:20:56,DELIVERED,WEST,False
1614,96.0,2025-01-17 07:32:51,DELIVERED,WEST,False
1615,547.0,2024-07-19 11:35:14,PLACED,WEST,False
1616,382.0,2025-04-07 09:45:56,SHIPPED,SOUTH,False
1617,26.0,2025-04-16 07:33:27,DELIVERED,WEST,False
1618,319.0,2024-12-31 02:31:23,DELIVERED,NORTH,False
1619,174.0,2024-10-25 15:44:05,DELIVERED,SOUTH,False
1620,413.0,2024-12-18 20:10:40,DELIVERED,CENTRAL,False
1621,61.0,2025-05-24 05:58:24,DELIVERED,EAST,False
1622,38.0,2024-03-25 16:07:53,DELIVERED,NORTH,False
1623,215.0,2025-04-05 10:55:37,DELIVERED,WEST,False
1624,242.0,2025-01-18 23:29:39,DELIVERED,CENTRAL,False
1625,84.0,2024-03-13 14:09:35,PLACED,SOUTH,False
1626,166.0,2024-08-12 20:21:56,SHIPPED,WEST,False
1627,117.0,2024-01-20 08:10:02,DELIVERED,CENTRAL,False
1628,561.0,2024-10-23 18:49:53,DELIVERED,WEST,False
1629,278.0,2024-12-10 19:44:06,CANCELLED,CENTRAL,False
1630,145.0,2024-10-22 16:49:48,SHIPPED,CENTRAL,False
1631,381.0,2025-04-29 09:56:27,DELIVERED,SOUTH,False
1632,139.0,2024-12-13 18:48:39,CANCELLED,NORTH,False
1633,184.0,2025-02-02 09:21:17,RETURNED,NORTH,False
1634,193.0,2025-05-01 16:39:16,DELIVERED,EAST,False
1635,480.0,2025-03-04 20:43:01,DELIVERED,CENTRAL,False
1636,354.0,2024-05-30 23:23:33,DELIVERED,WEST,False
1637,314.0,2025-01-03 06:29:54,DELIVERED,EAST,False
1638,208.0,2024-01-21 04:15:34,SHIPPED,SOUTH,False
1639,270.0,2025-05-02 10:50:41,DELIVERED,CENTRAL,False
1640,393.0,2025-05-12 02:39:28,CANCELLED,CENTRAL,False
1641,485.0,2024-03-26 13:45:35,DELIVERED,SOUTH,False
1642,151.0,2024-05-20 07:55:37,CANCELLED,EAST,False
1643,54.0,2023-11-20 09:23:51,DELIVERED,WEST,False
1644,513.0,2025-01-08 13:16:57,DELIVERED,WEST,False
1645,364.0,2025-03-09 01:49:51,DELIVERED,NORTH,False
1646,220.0,2024-04-13 00:37:56,CANCELLED,SOUTH,False
1647,574.0,2025-05-28 12:26:48,DELIVERED,NORTH,False
1648,446.0,2025-04-16 05:56:20,PLACED,EAST,False
1649,355.0,2025-02-17 09:23:08,DELIVERED,SOUTH,False
1650,184.0,2024-12-10 03:28:27,DELIVERED,SOUTH,False
1651,,2024-01-28 02:06:07,RETURNED,EAST,True
1652,14.0,2024-12-19 07:05:41,DELIVERED,WEST,False
1653,260.0,2025-04-26 14:52:16,RETURNED,NORTH,False
1654,483.0,2025-01-05 21:28:59,DELIVERED,WEST,False
1655,559.0,2025-05-14 13:47:58,DELIVERED,CENTRAL,False
1656,157.0,2025-04-30 01:02:15,CANCELLED,SOUTH,False
1657,123.0,2025-02-18 21:12:09,DELIVERED,EAST,False
1658,558.0,2024-10-08 18:17:02,SHIPPED,CENTRAL,False
1659,341.0,2025-06-22 23:24:33,DELIVERED,SOUTH,False
1660,376.0,2025-06-26 06:23:42,DELIVERED,WEST,False
1661,63.0,2024-09-24 05:25:24,DELIVERED,SOUTH,False
1662,86.0,2025-03-03 12:18:19,DELIVERED,SOUTH,False
1663,420.0,2024-08-21 04:10:50,CANCELLED,NORTH,False
1664,575.0,2024-10-12 09:14:17,DELIVERED,NORTH,False
1665,475.0,2025-05-19 06:42:58,PLACED,NORTH,False
1666,21.0,2024-07-23 12:38:55,SHIPPED,EAST,False
1667,253.0,2024-06-24 01:28:41,DELIVERED,SOUTH,False
1668,136.0,2025-05-07 03:29:14,DELIVERED,SOUTH,False
1669,579.0,2024-06-28 02:06:36,CANCELLED,EAST,False
1670,182.0,2024-08-18 01:56:14,DELIVERED,NORTH,False
1671,593.0,2025-04-15 14:33:37,DELIVERED,WEST,False
1672,175.0,2024-06-17 12:43:01,DELIVERED,SOUTH,False
1673,216.0,2024-12-29 23:36:48,CANCELLED,EAST,False
1674,516.0,2024-11-09 10:46:41,DELIVERED,NORTH,False
1675,216.0,2024-08-15 13:27:18,DELIVERED,NORTH,False
1676,191.0,2025-05-12 03:19:08,DELIVERED,EAST,False
1677,35.0,2024-05-23 09:27:01,DELIVERED,NORTH,False
1678,487.0,2025-01-28 23:29:34,RETURNED,SOUTH,False
1679,314.0,2024-07-28 09:47:55,SHIPPED,NORTH,False
1680,468.0,2025-03-25 12:31:03,DELIVERED,WEST,False
1681,250.0,2024-05-10 04:20:05,DELIVERED,WEST,False
1682,308.0,2024-08-16 14:01:44,CANCELLED,CENTRAL,False
1683,437.0,2024-09-26 05:15:09,DELIVERED,NORTH,False
1684,171.0,2025-03-03 08:49:01,RETURNED,CENTRAL,False
1685,582.0,2024-07-23 09:23:08,DELIVERED,NORTH,False
1686,317.0,2024-06-07 21:01:23,DELIVERED,SOUTH,False
1687,152.0,2025-05-19 10:58:51,DELIVERED,NORTH,False
1688,209.0,2025-04-06 12:55:49,SHIPPED,CENTRAL,False
1689,384.0,2025-05-11 11:31:19,DELIVERED,WEST,False
1690,404.0,2025-05-30 16:32:58,DELIVERED,WEST,False
1691,249.0,2025-05-13 08:11:56,DELIVERED,EAST,False
1692,137.0,2024-09-03 14:22:11,CANCELLED,WEST,False
1693,547.0,2023-08-16 15:46:46,DELIVERED,CENTRAL,False
1694,,2025-04-18 20:33:33,DELIVERED,EAST,True
1695,514.0,2024-12-02 14:50:03,DELIVERED,NORTH,False
1696,142.0,2025-03-06 03:52:07,SHIPPED,WEST,False
1697,394.0,2025-06-24 21:00:31,SHIPPED,EAST,False
1698,493.0,2024-06-13 01:12:57,RETURNED,SOUTH,False
1699,530.0,2024-10-28 08:00:16,PLACED,NORTH,False
1700,415.0,2024-05-26 11:52:51,SHIPPED,CENTRAL,False
1701,466.0,2024-06-25 12:00:50,RETURNED,WEST,False
1702,56.0,2025-02-19 15:44:26,DELIVERED,NORTH,False
1703,462.0,2025-02-18 23:06:22,DELIVERED,EAST,False
1704,374.0,2025-01-21 16:25:47,RETURNED,CENTRAL,False
1705,82.0,2024-03-09 19:25:15,RETURNED,CENTRAL,False
1706,528.0,2025-06-06 16:48:29,DELIVERED,NORTH,False
1707,502.0,2024-07-27 11:41:42,CANCELLED,EAST,False
1708,346.0,2025-03-25 06:50:33,CANCELLED,CENTRAL,False
1709,301.0,2025-05-10 15:36:11,DELIVERED,EAST,False
1710,115.0,2025-01-27 11:31:11,DELIVERED,WEST,False
1711,87.0,2024-11-17 12:50:49,DELIVERED,WEST,False
1712,282.0,2025-06-01 18:24:15,DELIVERED,SOUTH,False
1713,537.0,2025-06-02 12:03:01,PLACED,EAST,False
1714,,2024-09-16 07:10:20,DELIVERED,NORTH,True
1715,81.0,2024-08-19 08:32:24,DELIVERED,WEST,False
1716,189.0,2025-06-10 00:44:47,DELIVERED,NORTH,False
1717,444.0,2024-07-28 10:19:38,DELIVERED,EAST,False
1718,553.0,2025-04-26 07:58:06,PLACED,CENTRAL,False
1719,448.0,2024-07-30 10:23:46,DELIVERED,EAST,False
1720,47.0,2025-05-31 09:56:23,DELIVERED,EAST,False
1721,,2023-11-08 21:18:04,DELIVERED,SOUTH,True
1722,474.0,2025-06-20 12:59:20,DELIVERED,NORTH,False
1723,19.0,2025-05-31 16:52:35,PLACED,EAST,False
1724,472.0,2025-05-26 07:45:25,DELIVERED,CENTRAL,False
1725,572.0,2024-11-17 21:08:06,DELIVERED,WEST,False
1726,511.0,2024-07-26 14:33:56,SHIPPED,WEST,False
1727,34.0,2025-06-22 11:15:23,DELIVERED,CENTRAL,False
1728,86.0,2025-03-10 07:15:31,DELIVERED,EAST,False
1729,323.0,2025-05-17 08:16:38,PLACED,CENTRAL,False
1730,361.0,2025-06-25 16:35:22,RETURNED,NORTH,False
1731,291.0,2025-02-09 02:23:30,RETURNED,WEST,False
1732,135.0,2025-03-12 22:25:29,CANCELLED,NORTH,False
1733,217.0,2024-04-23 22:20:39,SHIPPED,SOUTH,False
1734,411.0,2025-04-01 15:01:38,DELIVERED,WEST,False
1735,286.0,2025-02-22 00:31:41,DELIVERED,EAST,False
1736,546.0,2025-01-24 14:38:29,DELIVERED,WEST,False
1737,461.0,2025-01-07 23:02:45,SHIPPED,EAST,False
1738,,2025-03-06 13:49:44,DELIVERED,SOUTH,True
1739,101.0,2025-03-14 18:13:32,DELIVERED,WEST,False
1740,30.0,2025-05-25 16:41:03,DELIVERED,CENTRAL,False
1741,585.0,2025-04-18 08:06:50,PLACED,CENTRAL,False
1742,583.0,2025-03-28 13:06:21,RETURNED,NORTH,False
1743,399.0,2025-06-28 16:47:54,SHIPPED,SOUTH,False
1744,246.0,2024-10-08 01:05:05,DELIVERED,SOUTH,False
1745,301.0,2025-04-12 07:01:29,SHIPPED,WEST,False
1746,455.0,2024-11-15 22:31:08,RETURNED,CENTRAL,False
1747,340.0,2025-06-17 08:51:04,SHIPPED,WEST,False
1748,72.0,2025-04-01 16:02:21,DELIVERED,WEST,False
1749,482.0,2025-03-12 15:24:05,DELIVERED,EAST,False
1750,551.0,2025-01-15 23:38:01,DELIVERED,CENTRAL,False
1751,450.0,2024-09-27 10:54:09,PLACED,WEST,False
1752,41.0,2024-06-05 05:46:07,RETURNED,WEST,False
1753,128.0,2023-12-24 11:40:22,DELIVERED,CENTRAL,False
1754,115.0,2024-09-03 05:31:15,DELIVERED,SOUTH,False
1755,495.0,2025-04-15 09:32:00,DELIVERED,NORTH,False
1756,504.0,2025-04-30 05:49:53,DELIVERED,EAST,False
1757,339.0,2025-06-23 05:21:25,DELIVERED,EAST,False
1758,144.0,2025-02-28 17:50:30,PLACED,EAST,False
1759,299.0,2024-04-24 04:36:27,SHIPPED,EAST,False
1760,451.0,2025-02-22 22:49:29,DELIVERED,SOUTH,False
1761,300.0,2025-06-02 15:50:10,DELIVERED,NORTH,False
1762,598.0,2025-03-24 19:52:47,PLACED,EAST,False
1763,530.0,2025-02-21 14:44:46,RETURNED,EAST,False
1764,514.0,2025-04-03 01:27:11,DELIVERED,WEST,False
1765,538.0,2024-07-19 10:06:34,CANCELLED,NORTH,False
1766,67.0,2025-03-13 23:05:30,SHIPPED,SOUTH,False
1767,123.0,2025-06-14 05:12:14,DELIVERED,CENTRAL,False
1768,13.0,2025-05-28 18:34:06,DELIVERED,EAST,False
1769,409.0,2024-12-23 12:58:48,DELIVERED,NORTH,False
1770,548.0,2025-01-06 20:30:08,PLACED,CENTRAL,False
1771,251.0,2025-03-23 10:45:52,SHIPPED,SOUTH,False
1772,468.0,2024-10-14 21:46:25,DELIVERED,CENTRAL,False
1773,195.0,2025-06-22 19:11:54,PLACED,SOUTH,False
1774,63.0,2024-11-18 16:12:10,DELIVERED,CENTRAL,False
1775,101.0,2024-06-29 16:15:08,DELIVERED,SOUTH,False
1776,453.0,2024-06-25 18:25:53,PLACED,CENTRAL,False
1777,499.0,2024-09-24 23:40:39,DELIVERED,NORTH,False
1778,454.0,2025-06-11 03:26:31,CANCELLED,CENTRAL,False
1779,1.0,2025-01-14 18:27:33,DELIVERED,WEST,False
1780,337.0,2025-04-18 12:09:23,DELIVERED,EAST,False
1781,545.0,2024-01-21 10:06:23,DELIVERED,CENTRAL,False
1782,451.0,2023-12-14 13:57:08,RETURNED,WEST,False
1783,,2025-04-24 21:34:17,DELIVERED,SOUTH,True
1784,443.0,2025-05-23 16:17:46,RETURNED,WEST,False
1785,552.0,2025-05-21 17:37:06,SHIPPED,SOUTH,False
1786,514.0,2025-03-30 14:23:00,DELIVERED,NORTH,False
1787,216.0,2025-04-15 12:22:06,DELIVERED,SOUTH,False
1788,176.0,2025-06-13 00:32:44,DELIVERED,EAST,False
1789,486.0,2025-04-14 19:45:00,DELIVERED,EAST,False
1790,311.0,2025-06-12 00:00:10,DELIVERED,EAST,False
1791,323.0,2025-05-16 15:34:52,DELIVERED,WEST,False
1792,,2025-05-31 02:38:00,RETURNED,EAST,True
1793,144.0,2025-04-29 17:15:37,PLACED,SOUTH,False
1794,263.0,2024-12-03 11:42:22,PLACED,WEST,False
1795,334.0,2025-06-11 11:08:40,SHIPPED,SOUTH,False
1796,451.0,2024-04-18 19:02:27,SHIPPED,EAST,False
1797,482.0,2024-10-31 20:45:02,DELIVERED,WEST,False
1798,385.0,2024-10-29 00:52:22,DELIVERED,EAST,False
1799,449.0,2024-09-26 18:31:50,SHIPPED,NORTH,False
1800,424.0,2024-11-04 22:37:22,DELIVERED,CENTRAL,False
1801,91.0,2024-09-05 09:46:51,DELIVERED,EAST,False
1802,299.0,2025-02-15 14:31:08,DELIVERED,NORTH,False
1803,322.0,2025-02-23 13:48:28,DELIVERED,SOUTH,False
1804,480.0,2024-10-13 10:09:09,DELIVERED,EAST,False
1805,24.0,2024-03-25 22:49:16,DELIVERED,WEST,False
1806,50.0,2025-03-07 23:32:07,RETURNED,CENTRAL,False
1807,580.0,2024-06-11 14:07:39,RETURNED,EAST,False
1808,504.0,2024-10-29 18:27:20,DELIVERED,NORTH,False
1809,572.0,2024-12-26 15:02:14,DELIVERED,NORTH,False
1810,480.0,2025-03-10 21:54:19,SHIPPED,NORTH,False
1811,442.0,2024-09-29 01:08:09,CANCELLED,SOUTH,False
1812,75.0,2024-03-16 02:38:43,DELIVERED,CENTRAL,False
1813,443.0,2025-01-17 04:07:13,DELIVERED,CENTRAL,False
1814,20.0,2024-05-24 15:09:29,DELIVERED,EAST,False
1815,599.0,2025-06-23 08:56:49,DELIVERED,SOUTH,False
1816,589.0,2024-10-26 11:04:03,DELIVERED,CENTRAL,False
1817,152.0,2025-05-20 00:21:02,SHIPPED,CENTRAL,False
1818,41.0,2025-04-24 10:14:51,DELIVERED,NORTH,False
1819,323.0,2025-02-20 08:43:24,SHIPPED,SOUTH,False
1820,278.0,2024-04-29 23:02:25,SHIPPED,EAST,False
1821,,2025-04-12 16:21:01,DELIVERED,WEST,True
1822,,2025-04-04 19:58:59,DELIVERED,WEST,True
1823,,2024-05-06 15:06:21,SHIPPED,WEST,True
1824,128.0,2023-12-16 02:52:59,DELIVERED,CENTRAL,False
1825,125.0,2023-12-23 12:21:32,SHIPPED,WEST,False
1826,367.0,2025-06-27 13:46:26,DELIVERED,SOUTH,False
1827,520.0,2024-11-26 12:14:53,DELIVERED,WEST,False
1828,,2024-03-22 04:15:23,DELIVERED,NORTH,True
1829,318.0,2025-03-11 16:20:46,CANCELLED,EAST,False
1830,87.0,2025-02-15 04:56:35,DELIVERED,WEST,False
1831,,2025-06-18 22:37:59,DELIVERED,EAST,True
1832,,2025-03-20 04:57:25,DELIVERED,SOUTH,True
1833,144.0,2025-06-14 23:15:43,PLACED,CENTRAL,False
1834,301.0,2025-05-12 02:07:59,CANCELLED,WEST,False
1835,532.0,2025-06-21 20:05:33,CANCELLED,SOUTH,False
1836,113.0,2024-04-27 02:51:55,SHIPPED,WEST,False
1837,272.0,2025-03-31 12:39:16,DELIVERED,EAST,False
1838,,2024-05-31 10:47:56,CANCELLED,WEST,True
1839,,2024-03-19 20:28:29,DELIVERED,SOUTH,True
1840,16.0,2025-05-21 20:27:05,PLACED,NORTH,False
1841,488.0,2025-04-10 08:49:56,CANCELLED,CENTRAL,False
1842,1.0,2025-02-06 22:44:46,CANCELLED,EAST,False
1843,553.0,2025-05-19 23:44:20,DELIVERED,NORTH,False
1844,585.0,2024-09-22 05:31:42,DELIVERED,SOUTH,False
1845,85.0,2024-03-21 14:59:54,DELIVERED,CENTRAL,False
1846,232.0,2024-06-19 16:50:26,DELIVERED,EAST,False
1847,474.0,2025-06-22 05:20:44,DELIVERED,EAST,False
1848,135.0,2025-02-01 17:19:10,DELIVERED,CENTRAL,False
1849,36.0,2025-02-06 22:32:11,DELIVERED,NORTH,False
1850,187.0,2024-12-05 13:29:17,PLACED,SOUTH,False
1851,331.0,2024-05-29 02:20:13,DELIVERED,EAST,False
1852,592.0,2025-02-24 12:59:45,SHIPPED,CENTRAL,False
1853,451.0,2023-12-19 12:18:27,DELIVERED,CENTRAL,False
1854,346.0,2024-03-10 17:14:43,CANCELLED,WEST,False
1855,468.0,2025-04-21 13:55:12,CANCELLED,CENTRAL,False
1856,375.0,2025-04-25 06:48:24,RETURNED,SOUTH,False
1857,469.0,2025-04-30 17:46:28,DELIVERED,EAST,False
1858,356.0,2024-11-16 11:27:41,DELIVERED,NORTH,False
1859,517.0,2025-01-29 11:02:07,RETURNED,CENTRAL,False
1860,228.0,2025-06-08 16:02:10,DELIVERED,EAST,False
1861,156.0,2024-12-24 04:53:58,DELIVERED,CENTRAL,False
1862,236.0,2025-03-09 09:42:13,DELIVERED,EAST,False
1863,170.0,2025-01-28 03:31:50,DELIVERED,SOUTH,False
1864,435.0,2024-10-23 12:36:16,RETURNED,WEST,False
1865,535.0,2024-11-27 04:55:57,DELIVERED,SOUTH,False
1866,308.0,2024-08-01 03:17:45,DELIVERED,EAST,False
1867,69.0,2024-07-17 23:58:56,SHIPPED,WEST,False
1868,249.0,2024-12-19 22:36:17,DELIVERED,WEST,False
1869,255.0,2025-06-28 03:01:54,RETURNED,EAST,False
1870,412.0,2023-10-14 21:40:26,DELIVERED,SOUTH,False
1871,146.0,2025-03-31 03:25:33,DELIVERED,NORTH,False
1872,537.0,2025-03-03 22:12:27,DELIVERED,SOUTH,False
1873,306.0,2025-06-02 15:40:17,DELIVERED,WEST,False
1874,350.0,2025-02-12 16:10:54,PLACED,EAST,False
1875,478.0,2025-03-23 16:53:13,CANCELLED,WEST,False
1876,231.0,2025-03-30 12:36:28,RETURNED,CENTRAL,False
1877,372.0,2025-04-22 20:30:17,DELIVERED,WEST,False
1878,108.0,2025-05-30 00:24:46,DELIVERED,EAST,False
1879,521.0,2024-08-04 09:49:45,CANCELLED,EAST,False
1880,104.0,2025-01-27 21:03:56,SHIPPED,WEST,False
1881,445.0,2025-04-17 14:30:15,DELIVERED,WEST,False
1882,580.0,2024-04-24 21:50:10,CANCELLED,WEST,False
1883,,2023-08-23 17:29:39,DELIVERED,NORTH,True
1884,121.0,2025-06-18 17:16:55,DELIVERED,CENTRAL,False
1885,404.0,2025-06-03 11:28:09,DELIVERED,WEST,False
1886,588.0,2025-06-19 15:09:09,RETURNED,WEST,False
1887,27.0,2023-12-28 19:16:07,PLACED,EAST,False
1888,423.0,2024-09-08 00:28:12,CANCELLED,EAST,False
1889,353.0,2025-02-22 20:24:18,SHIPPED,WEST,False
1890,333.0,2025-06-27 13:27:42,DELIVERED,SOUTH,False
1891,561.0,2025-04-20 12:56:38,DELIVERED,EAST,False
1892,177.0,2025-06-27 12:05:05,PLACED,EAST,False
1893,234.0,2024-12-16 22:18:43,SHIPPED,NORTH,False
1894,321.0,2025-06-10 23:11:13,SHIPPED,WEST,False
1895,498.0,2025-06-10 00:56:34,DELIVERED,EAST,False
1896,173.0,2025-06-21 20:01:16,SHIPPED,EAST,False
1897,574.0,2025-04-02 00:49:06,DELIVERED,WEST,False
1898,78.0,2025-04-19 06:49:02,DELIVERED,WEST,False
1899,150.0,2025-06-24 09:02:06,DELIVERED,SOUTH,False
1900,107.0,2025-02-11 03:27:38,RETURNED,EAST,False
1901,454.0,2024-02-29 16:03:39,SHIPPED,EAST,False
1902,,2023-11-22 08:23:52,RETURNED,SOUTH,True
1903,451.0,2025-02-03 05:38:20,SHIPPED,EAST,False
1904,22.0,2025-06-02 16:26:00,DELIVERED,CENTRAL,False
1905,197.0,2025-01-02 06:16:06,DELIVERED,WEST,False
1906,397.0,2024-10-01 02:34:09,RETURNED,EAST,False
1907,374.0,2025-06-23 18:33:01,SHIPPED,CENTRAL,False
1908,138.0,2024-03-29 20:13:28,RETURNED,SOUTH,False
1909,593.0,2025-03-01 00:05:12,RETURNED,CENTRAL,False
1910,549.0,2024-05-15 11:46:47,CANCELLED,SOUTH,False
1911,568.0,2024-05-26 22:59:16,DELIVERED,NORTH,False
1912,449.0,2025-03-11 03:13:47,PLACED,SOUTH,False
1913,,2024-05-14 08:03:16,PLACED,EAST,True
1914,152.0,2025-05-06 04:36:38,PLACED,EAST,False
1915,29.0,2025-06-26 15:40:11,DELIVERED,SOUTH,False
1916,221.0,2025-06-17 18:59:36,DELIVERED,EAST,False
1917,584.0,2025-06-04 06:28:59,SHIPPED,CENTRAL,False
1918,323.0,2024-11-25 15:09:02,PLACED,EAST,False
1919,73.0,2025-06-09 09:30:03,DELIVERED,SOUTH,False
1920,255.0,2025-06-29 15:36:12,RETURNED,SOUTH,False
1921,,2025-05-22 10:34:29,SHIPPED,NORTH,True
1922,414.0,2025-05-16 11:02:50,DELIVERED,WEST,False
1923,486.0,2024-09-10 14:00:15,SHIPPED,EAST,False
1924,441.0,2025-01-28 20:56:31,SHIPPED,WEST,False
1925,360.0,2024-11-22 17:09:12,DELIVERED,NORTH,False
1926,21.0,2025-06-27 19:37:50,DELIVERED,EAST,False
1927,2.0,2025-01-21 23:31:47,DELIVERED,EAST,False
1928,,2025-05-04 01:07:35,DELIVERED,NORTH,True
1929,194.0,2025-03-27 04:26:23,SHIPPED,SOUTH,False
1930,100.0,2025-06-24 03:57:49,DELIVERED,CENTRAL,False
1931,452.0,2025-02-09 15:38:44,DELIVERED,CENTRAL,False
1932,456.0,2023-10-22 13:36:34,RETURNED,NORTH,False
1933,320.0,2024-05-07 08:39:59,DELIVERED,CENTRAL,False
1934,103.0,2025-01-12 12:53:16,SHIPPED,CENTRAL,False
1935,466.0,2025-06-16 15:14:22,CANCELLED,WEST,False
1936,568.0,2024-01-24 20:19:46,DELIVERED,SOUTH,False
1937,503.0,2024-05-04 06:54:55,PLACED,NORTH,False
1938,492.0,2025-06-02 03:31:18,DELIVERED,EAST,False
1939,577.0,2025-02-13 08:11:50,DELIVERED,CENTRAL,False
1940,290.0,2024-03-06 19:07:51,DELIVERED,EAST,False
1941,437.0,2025-01-08 23:32:38,PLACED,NORTH,False
1942,330.0,2025-06-20 00:05:25,DELIVERED,EAST,False
1943,57.0,2025-02-04 18:14:49,SHIPPED,NORTH,False
1944,585.0,2025-02-03 19:08:30,DELIVERED,NORTH,False
1945,49.0,2025-06-17 08:28:43,DELIVERED,CENTRAL,False
1946,445.0,2025-06-03 17:11:54,SHIPPED,EAST,False
1947,46.0,2025-05-29 19:48:19,RETURNED,SOUTH,False
1948,75.0,2025-05-03 14:34:09,SHIPPED,CENTRAL,False
1949,,2025-05-17 04:56:06,RETURNED,NORTH,True
1950,5.0,2024-05-21 17:08:44,RETURNED,EAST,False
1951,400.0,2024-11-12 09:09:33,CANCELLED,NORTH,False
1952,253.0,2025-02-22 22:30:58,CANCELLED,WEST,False
1953,318.0,2025-04-07 18:47:33,DELIVERED,EAST,False
1954,11.0,2025-01-05 00:42:08,DELIVERED,SOUTH,False
1955,500.0,2025-06-19 03:37:51,DELIVERED,WEST,False
1956,,2025-01-16 20:16:35,DELIVERED,SOUTH,True
1957,118.0,2025-01-13 18:28:21,DELIVERED,NORTH,False
1958,336.0,2025-06-15 01:29:53,DELIVERED,WEST,False
1959,294.0,2024-10-04 03:16:57,DELIVERED,NORTH,False
1960,207.0,2024-08-25 14:16:01,DELIVERED,SOUTH,False
1961,37.0,2024-10-01 05:59:30,SHIPPED,NORTH,False
1962,189.0,2024-01-11 22:33:59,CANCELLED,SOUTH,False
1963,380.0,2025-04-23 03:28:03,DELIVERED,NORTH,False
1964,516.0,2025-04-25 14:00:17,DELIVERED,EAST,False
1965,,2023-06-12 00:54:53,DELIVERED,EAST,True
1966,359.0,2025-05-16 20:37:14,DELIVERED,WEST,False
1967,299.0,2024-09-25 16:57:59,SHIPPED,SOUTH,False
1968,450.0,2023-10-09 15:48:23,PLACED,SOUTH,False
1969,295.0,2024-10-26 12:29:41,DELIVERED,EAST,False
1970,67.0,2025-04-09 04:46:12,PLACED,SOUTH,False
1971,330.0,2025-05-28 22:03:33,RETURNED,SOUTH,False
1972,,2023-06-03 15:46:16,CANCELLED,CENTRAL,True
1973,230.0,2025-06-18 23:59:55,DELIVERED,NORTH,False
1974,,2025-03-02 00:26:36,RETURNED,WEST,True
1975,397.0,2025-02-24 06:28:43,SHIPPED,WEST,False
1976,354.0,2025-05-08 09:31:18,CANCELLED,WEST,False
1977,369.0,2024-07-31 20:40:37,DELIVERED,SOUTH,False
1978,398.0,2024-09-20 18:45:34,DELIVERED,NORTH,False
1979,308.0,2024-09-25 22:01:33,DELIVERED,CENTRAL,False
1980,412.0,2023-10-16 02:37:13,DELIVERED,WEST,False
1981,428.0,2025-04-22 17:51:43,DELIVERED,WEST,False
1982,346.0,2024-06-27 05:17:06,SHIPPED,CENTRAL,False
1983,223.0,2024-07-22 07:50:49,RETURNED,CENTRAL,False
1984,475.0,2025-06-10 14:42:20,DELIVERED,EAST,False
1985,219.0,2024-05-30 02:52:25,SHIPPED,WEST,False
1986,423.0,2024-09-16 18:17:21,DELIVERED,SOUTH,False
1987,530.0,2025-03-03 16:31:00,DELIVERED,SOUTH,False
1988,177.0,2025-06-13 15:13:13,DELIVERED,SOUTH,False
1989,589.0,2024-06-26 15:26:27,DELIVERED,SOUTH,False
1990,134.0,2025-06-13 00:27:56,RETURNED,CENTRAL,False
1991,37.0,2025-03-11 05:05:03,PLACED,NORTH,False
1992,,2025-03-31 17:29:28,DELIVERED,NORTH,True
1993,366.0,2025-05-21 17:02:26,RETURNED,EAST,False
1994,372.0,2025-05-07 06:20:12,CANCELLED,WEST,False
1995,180.0,2024-05-14 01:09:52,CANCELLED,SOUTH,False
1996,156.0,2024-02-17 19:19:34,DELIVERED,CENTRAL,False
1997,576.0,2025-06-11 15:00:06,DELIVERED,EAST,False
1998,256.0,2025-06-08 12:04:28,SHIPPED,WEST,False
1999,41.0,2023-12-11 07:44:37,DELIVERED,WEST,False
2000,21.0,2025-06-12 07:06:03,CANCELLED,WEST,False
2001,187.0,2025-05-22 17:26:58,RETURNED,CENTRAL,False
2002,348.0,2024-07-24 00:21:19,PLACED,SOUTH,False
2003,404.0,2025-02-13 00:39:18,RETURNED,SOUTH,False
2004,329.0,2024-12-23 12:53:40,RETURNED,NORTH,False
2005,507.0,2025-02-06 02:21:29,DELIVERED,SOUTH,False
2006,259.0,2024-03-19 03:34:15,RETURNED,NORTH,False
2007,171.0,2025-01-14 02:23:20,DELIVERED,EAST,False
2008,444.0,2025-01-16 03:47:18,DELIVERED,WEST,False
2009,341.0,2025-05-07 02:14:49,CANCELLED,CENTRAL,False
2010,,2024-08-19 13:39:34,DELIVERED,WEST,True
2011,37.0,2025-03-26 01:06:46,DELIVERED,EAST,False
2012,525.0,2025-06-17 06:15:56,DELIVERED,SOUTH,False
2013,268.0,2024-09-25 19:58:50,DELIVERED,WEST,False
2014,87.0,2025-06-15 15:08:43,DELIVERED,CENTRAL,False
2015,24.0,2024-03-16 19:53:42,SHIPPED,NORTH,False
2016,67.0,2024-12-30 19:26:28,SHIPPED,NORTH,False
2017,10.0,2024-01-12 10:40:27,DELIVERED,CENTRAL,False
2018,597.0,2025-04-28 21:14:41,DELIVERED,NORTH,False
2019,58.0,2025-06-27 13:05:52,RETURNED,NORTH,False
2020,94.0,2025-06-01 04:28:30,DELIVERED,SOUTH,False
2021,,2023-08-01 16:20:46,DELIVERED,SOUTH,True
2022,203.0,2025-04-09 17:04:05,SHIPPED,EAST,False
2023,63.0,2025-02-17 20:33:04,PLACED,SOUTH,False
2024,270.0,2025-02-09 22:35:20,DELIVERED,SOUTH,False
2025,78.0,2025-04-18 06:32:03,DELIVERED,SOUTH,False
2026,304.0,2025-02-15 05:46:43,DELIVERED,SOUTH,False
2027,354.0,2024-11-23 00:17:27,DELIVERED,EAST,False
2028,166.0,2023-08-25 05:13:32,DELIVERED,NORTH,False
2029,441.0,2024-11-23 01:12:10,CANCELLED,WEST,False
2030,,2024-12-30 02:10:26,DELIVERED,EAST,True
2031,68.0,2025-03-24 22:05:34,DELIVERED,EAST,False
2032,492.0,2024-12-12 17:33:55,DELIVERED,EAST,False
2033,195.0,2024-12-08 14:09:16,PLACED,EAST,False
2034,473.0,2024-02-23 22:39:12,CANCELLED,WEST,False
2035,476.0,2024-08-07 05:10:45,DELIVERED,WEST,False
2036,26.0,2025-01-06 03:36:02,DELIVERED,SOUTH,False
2037,15.0,2025-01-17 16:43:36,DELIVERED,SOUTH,False
2038,189.0,2024-04-24 13:03:26,DELIVERED,SOUTH,False
2039,203.0,2024-04-06 20:09:25,SHIPPED,CENTRAL,False
2040,195.0,2025-03-18 22:49:57,DELIVERED,WEST,False
2041,164.0,2025-06-20 19:53:50,PLACED,NORTH,False
2042,332.0,2025-06-28 18:50:56,SHIPPED,CENTRAL,False
2043,222.0,2025-04-29 20:18:36,RETURNED,SOUTH,False
2044,319.0,2025-05-16 15:52:43,DELIVERED,CENTRAL,False
2045,289.0,2025-03-22 05:37:42,CANCELLED,SOUTH,False
2046,485.0,2023-12-04 00:44:06,DELIVERED,SOUTH,False
2047,335.0,2025-05-08 07:54:05,RETURNED,WEST,False
2048,569.0,2025-03-27 04:02:39,DELIVERED,SOUTH,False
2049,330.0,2025-05-01 10:52:32,DELIVERED,SOUTH,False
2050,482.0,2024-10-21 12:47:45,CANCELLED,WEST,False
2051,330.0,2025-04-02 18:55:16,DELIVERED,EAST,False
2052,399.0,2025-06-24 08:16:05,DELIVERED,SOUTH,False
2053,61.0,2025-05-08 23:16:58,DELIVERED,EAST,False
2054,495.0,2025-05-19 13:16:13,DELIVERED,EAST,False
2055,322.0,2024-10-21 09:21:27,DELIVERED,CENTRAL,False
2056,303.0,2025-04-02 19:58:08,CANCELLED,CENTRAL,False
2057,290.0,2024-01-10 19:16:36,DELIVERED,NORTH,False
2058,210.0,2024-03-30 21:27:56,PLACED,WEST,False
2059,477.0,2025-05-08 06:57:04,SHIPPED,WEST,False
2060,455.0,2025-06-04 13:22:27,RETURNED,WEST,False
2061,465.0,2024-07-24 04:21:46,SHIPPED,NORTH,False
2062,335.0,2025-06-24 15:27:15,DELIVERED,WEST,False
2063,445.0,2025-04-28 21:24:35,DELIVERED,NORTH,False
2064,332.0,2025-06-29 20:44:52,PLACED,CENTRAL,False
2065,136.0,2025-05-25 05:20:25,PLACED,SOUTH,False
2066,168.0,2025-06-27 07:23:59,DELIVERED,EAST,False
2067,423.0,2025-01-08 10:20:00,DELIVERED,CENTRAL,False
2068,427.0,2025-05-22 15:05:31,DELIVERED,CENTRAL,False
2069,213.0,2025-05-18 04:18:20,DELIVERED,EAST,False
2070,58.0,2025-06-26 19:47:58,PLACED,SOUTH,False
2071,44.0,2025-06-15 07:34:38,RETURNED,SOUTH,False
2072,331.0,2025-03-16 23:59:40,DELIVERED,NORTH,False
2073,297.0,2025-04-24 07:46:52,DELIVERED,WEST,False
2074,42.0,2024-05-28 10:35:21,SHIPPED,CENTRAL,False
2075,358.0,2024-11-24 07:30:07,DELIVERED,SOUTH,False
2076,156.0,2024-12-03 12:03:05,DELIVERED,CENTRAL,False
2077,570.0,2024-06-28 17:28:06,SHIPPED,SOUTH,False
2078,263.0,2024-12-18 21:37:59,CANCELLED,WEST,False
2079,293.0,2025-05-20 16:50:25,DELIVERED,CENTRAL,False
2080,210.0,2024-05-01 13:31:08,DELIVERED,NORTH,False
2081,211.0,2024-02-29 10:55:44,DELIVERED,EAST,False
2082,220.0,2025-03-10 19:08:01,DELIVERED,NORTH,False
2083,236.0,2025-01-19 03:23:35,CANCELLED,SOUTH,False
2084,318.0,2025-03-01 09:36:12,SHIPPED,EAST,False
2085,398.0,2024-11-14 06:24:36,DELIVERED,SOUTH,False
2086,492.0,2025-05-09 14:37:35,DELIVERED,SOUTH,False
2087,110.0,2025-04-22 00:37:51,DELIVERED,NORTH,False
2088,1.0,2025-02-03 20:19:36,DELIVERED,SOUTH,False
2089,377.0,2025-01-27 14:49:19,RETURNED,EAST,False
2090,428.0,2024-05-17 09:27:51,PLACED,NORTH,False
2091,270.0,2025-04-11 17:26:13,CANCELLED,SOUTH,False
2092,32.0,2024-12-27 02:41:36,SHIPPED,SOUTH,False
2093,594.0,2025-05-12 11:45:44,PLACED,CENTRAL,False
2094,157.0,2024-10-21 16:22:40,DELIVERED,NORTH,False
2095,,2024-05-01 22:09:06,DELIVERED,NORTH,True
2096,46.0,2025-05-15 02:49:28,CANCELLED,EAST,False
2097,208.0,2024-06-16 14:32:35,DELIVERED,SOUTH,False
2098,459.0,2023-12-31 12:19:27,PLACED,CENTRAL,False
2099,446.0,2025-03-11 01:44:21,DELIVERED,SOUTH,False
2100,49.0,2025-06-16 22:54:29,DELIVERED,WEST,False
2101,558.0,2024-08-25 15:36:34,RETURNED,CENTRAL,False
2102,329.0,2025-06-13 12:30:49,DELIVERED,CENTRAL,False
2103,479.0,2024-07-04 20:41:50,SHIPPED,WEST,False
2104,418.0,2025-06-22 08:57:12,PLACED,EAST,False
2105,341.0,2025-02-21 07:02:04,DELIVERED,CENTRAL,False
2106,169.0,2024-12-08 14:30:44,RETURNED,SOUTH,False
2107,554.0,2025-05-18 17:10:03,SHIPPED,CENTRAL,False
2108,211.0,2025-06-28 13:15:07,PLACED,WEST,False
2109,514.0,2024-12-18 07:16:02,DELIVERED,EAST,False
2110,169.0,2025-02-18 01:45:52,DELIVERED,WEST,False
2111,383.0,2025-04-24 23:55:51,DELIVERED,WEST,False
2112,360.0,2025-02-10 09:46:32,DELIVERED,NORTH,False
2113,465.0,2024-04-14 22:28:49,CANCELLED,SOUTH,False
2114,517.0,2025-05-29 07:58:05,SHIPPED,NORTH,False
2115,314.0,2024-09-27 20:06:01,DELIVERED,SOUTH,False
2116,99.0,2025-01-16 04:18:37,PLACED,NORTH,False
2117,74.0,2024-04-11 01:22:40,RETURNED,WEST,False
2118,413.0,2023-09-05 05:00:36,DELIVERED,WEST,False
2119,312.0,2024-11-26 20:15:50,RETURNED,CENTRAL,False
2120,504.0,2024-07-24 05:46:09,DELIVERED,EAST,False
2121,393.0,2025-06-21 16:00:09,DELIVERED,CENTRAL,False
2122,360.0,2024-12-21 22:29:42,PLACED,NORTH,False
2123,89.0,2025-04-03 05:03:46,PLACED,SOUTH,False
2124,97.0,2025-06-18 01:44:52,DELIVERED,CENTRAL,False
2125,36.0,2024-03-13 18:46:47,DELIVERED,WEST,False
2126,421.0,2025-05-08 05:15:29,SHIPPED,NORTH,False
2127,456.0,2023-11-21 16:06:36,DELIVERED,CENTRAL,False
2128,549.0,2025-02-03 17:53:39,DELIVERED,NORTH,False
2129,503.0,2024-04-23 02:04:44,DELIVERED,SOUTH,False
2130,,2024-09-09 21:41:43,SHIPPED,SOUTH,True
2131,79.0,2025-01-04 07:57:41,SHIPPED,WEST,False
2132,181.0,2024-10-06 14:33:45,SHIPPED,EAST,False
2133,598.0,2025-04-30 19:10:57,DELIVERED,NORTH,False
2134,143.0,2023-12-04 12:38:23,RETURNED,CENTRAL,False
2135,,2024-06-20 08:49:31,DELIVERED,NORTH,True
2136,378.0,2025-06-17 06:31:53,DELIVERED,NORTH,False
2137,571.0,2025-05-13 23:51:07,PLACED,EAST,False
2138,520.0,2024-08-27 22:10:20,CANCELLED,NORTH,False
2139,,2023-08-07 02:11:37,DELIVERED,WEST,True
2140,560.0,2024-10-28 23:07:50,DELIVERED,SOUTH,False
2141,119.0,2024-10-05 16:56:28,SHIPPED,EAST,False
2142,401.0,2024-10-13 08:19:55,DELIVERED,NORTH,False
2143,273.0,2024-05-21 21:06:56,CANCELLED,EAST,False
2144,492.0,2024-08-12 21:03:59,DELIVERED,WEST,False
2145,177.0,2025-06-16 09:56:36,DELIVERED,NORTH,False
2146,131.0,2025-05-23 00:09:23,DELIVERED,WEST,False
2147,75.0,2025-01-08 17:56:20,DELIVERED,WEST,False
2148,371.0,2024-09-02 00:40:48,DELIVERED,WEST,False
2149,,2024-02-04 22:19:17,PLACED,EAST,True
2150,231.0,2025-05-13 08:46:06,DELIVERED,CENTRAL,False
2151,162.0,2025-01-25 17:27:26,DELIVERED,NORTH,False
2152,32.0,2024-11-11 03:20:32,PLACED,SOUTH,False
2153,41.0,2024-06-10 00:22:23,DELIVERED,EAST,False
2154,549.0,2024-12-28 03:31:58,DELIVERED,WEST,False
2155,396.0,2025-06-07 12:54:40,DELIVERED,CENTRAL,False
2156,588.0,2023-12-03 14:50:55,PLACED,WEST,False
2157,546.0,2025-05-01 13:32:00,PLACED,EAST,False
2158,296.0,2025-06-07 10:20:01,RETURNED,EAST,False
2159,580.0,2023-12-03 13:28:02,DELIVERED,EAST,False
2160,422.0,2024-02-23 08:01:44,DELIVERED,SOUTH,False
2161,143.0,2025-05-08 02:55:11,DELIVERED,EAST,False
2162,567.0,2024-02-17 10:31:47,DELIVERED,CENTRAL,False
2163,299.0,2025-01-07 00:16:49,DELIVERED,EAST,False
2164,509.0,2024-10-24 06:28:51,DELIVERED,EAST,False
2165,471.0,2025-03-17 17:00:40,DELIVERED,NORTH,False
2166,386.0,2025-03-23 17:28:58,PLACED,SOUTH,False
2167,261.0,2025-04-26 12:30:19,RETURNED,CENTRAL,False
2168,524.0,2025-02-18 09:03:04,DELIVERED,WEST,False
2169,502.0,2024-11-09 08:40:12,DELIVERED,EAST,False
2170,186.0,2023-12-30 11:19:53,CANCELLED,NORTH,False
2171,,2023-07-25 14:06:49,DELIVERED,EAST,True
2172,99.0,2025-04-16 09:06:19,CANCELLED,CENTRAL,False
2173,115.0,2025-01-12 05:25:47,DELIVERED,EAST,False
2174,237.0,2024-08-09 05:15:17,DELIVERED,EAST,False
2175,363.0,2024-05-19 14:06:47,DELIVERED,EAST,False
2176,176.0,2025-05-25 21:45:51,DELIVERED,CENTRAL,False
2177,165.0,2024-01-31 19:40:35,DELIVERED,EAST,False
2178,128.0,2023-12-18 07:40:21,DELIVERED,SOUTH,False
2179,170.0,2024-02-04 19:04:40,DELIVERED,NORTH,False
2180,316.0,2024-12-04 00:35:26,DELIVERED,WEST,False
2181,238.0,2025-04-23 17:52:16,DELIVERED,WEST,False
2182,394.0,2025-06-29 15:30:08,DELIVERED,CENTRAL,False
2183,211.0,2025-03-02 23:25:47,DELIVERED,CENTRAL,False
2184,22.0,2025-06-08 19:19:00,DELIVERED,WEST,False
2185,382.0,2023-12-14 05:58:06,DELIVERED,WEST,False
2186,414.0,2025-03-06 05:18:00,DELIVERED,EAST,False
2187,298.0,2024-11-14 08:12:13,CANCELLED,NORTH,False
2188,577.0,2024-10-07 18:55:27,PLACED,NORTH,False
2189,354.0,2025-02-23 05:56:57,DELIVERED,WEST,False
2190,92.0,2025-06-15 22:15:22,SHIPPED,EAST,False
2191,267.0,2025-05-15 16:27:35,SHIPPED,CENTRAL,False
2192,544.0,2025-05-07 00:02:33,RETURNED,EAST,False
2193,,2023-11-25 13:02:36,RETURNED,NORTH,True
2194,567.0,2023-07-21 21:16:50,DELIVERED,EAST,False
2195,301.0,2025-04-19 18:01:52,DELIVERED,SOUTH,False
2196,320.0,2024-01-31 10:11:09,SHIPPED,NORTH,False
2197,587.0,2025-04-03 03:57:29,DELIVERED,WEST,False
2198,242.0,2024-05-27 08:17:31,SHIPPED,NORTH,False
2199,104.0,2024-02-17 23:20:45,SHIPPED,NORTH,False
2200,567.0,2025-01-23 23:27:49,SHIPPED,CENTRAL,False
